Name	Size	Type	CR	URL	Font	Author	HP	AC	Speeds	Align.	STR	DEX	CON	INT	WIS	CHA	Sav. Throws	Skills	WRI	Senses	Languages	Additional	average_damage	attack_modifier	has_legendary_action	legendary_action_damage	has_flight	resistance_count	immunity_count	weakness_count	save_dc	is_spellcaster	regeneration_per_round	multiattack_count	ability_count	ability_cr_weight	recharge_damage	limited_use_damage	bonus_action_damage	actions
Beast, Space, Jellyfish	Tiny	Beast	0.00	https://www.gmbinder.com/share/-LSNMh6eX2Cm0VdsuZTr#:~:text=Space%20Jellyfish	All the Lights in the Sky Are Stars	u/aeyana	1	11	fly 20	U	1	12	8	1	10	2																								
Beast, Space, Polyp	Small	Beast	0	https://www.gmbinder.com/share/-LSNMh6eX2Cm0VdsuZTr#:~:text=Space%20Polyp	All the Lights in the Sky Are Stars	u/aeyana	3	5	fly 20	U	3	1	10	1	10	2																								
Phoenix, Egg	Tiny	Construct	0	https://www.reddit.com/r/UnearthedArcana/comments/6dgro4/new_familiar_option_baby_phoenix/#lightbox	Baby Phoenix (★★★)	u/hellocharliekim	1	7	0	U	1	1	1	1	1	1	None	None	Fireimmu	Normal	None	Construct, Rejuvenation, Fragile Life																		
Harvester Worm	Tiny	Monstrosity	0	https://drive.google.com/file/d/0BxfCiPA2FPFALUlqMnMwLWJUUmM/view?usp=sharing&resourcekey=0-QXWbwOAemZfTFeiz5MV7rA	CR 0 Nightmare Fuel (★★)	u/zeek0	2	12	10	U	2	14	11	3	6	5	None	None	None	Normal	None	Blood Scent																		
Parasitic Fetus	Tiny	Monstrosity	0	https://drive.google.com/file/d/0BxfCiPA2FPFALUlqMnMwLWJUUmM/view?usp=sharing&resourcekey=0-QXWbwOAemZfTFeiz5MV7rA	CR 0 Nightmare Fuel (★★)	u/zeek0	3	7	5	ANY	3	4	6	12	10	16	None	Deception	None	Normal	Common	None																		
Sewing Spider	Tiny	Monstrosity	0	https://drive.google.com/file/d/0BxfCiPA2FPFALUlqMnMwLWJUUmM/view?usp=sharing&resourcekey=0-QXWbwOAemZfTFeiz5MV7rA	CR 0 Nightmare Fuel (★★)	u/zeek0	1	13	20, climb 20	U	3	16	8	3	10	2	None	Stealth	None	Darkvision 30	None	Spider Climb																		
Fly, Giant	Large	Beast	0.00	https://www.5esrd.com/database/creature/fly-giant/	Dungeon Master's Guide	Wizards of the Coast	19	11	30, fly 60	U	14	13	13	2	10	3	None	None	None	Darkvision 60	None	None																		
Cogloid	Tiny	Construct	0	https://i.redd.it/b2l0ri3jxo831.jpg	https://i.redd.it/b2l0ri3jxo831.jpg	u/CinderblockSally	1	13	20, climb 20	CN	4	14	10	4	12	7																								
Zombie, Cat	Tiny	Undead	0	https://www.reddit.com/media?url=https%3A%2F%2Fi.redd.it%2Fmujh6y9tblr11.jpg	https://i.redd.it/mujh6y9tblr11.jpg	u/Woopdeedo	5	8	30, climb 20	NE	3	13	12	3	8	5																								[{'name': 'Claws', 'action_type': 'action', 'attack_type': 'melee_attack', 'hit_modifier': 0, 'range': 5, 'damage': '1', 'damage_type': 'slashing'}]
Fear Gorta	Medium	Celestial	0.00	https://www.reddit.com/r/monsteraday/comments/5zzwoh/day_15_fear_gorta/	https://www.reddit.com/r/monsteraday/comments/5zzwoh/day_15_fear_gorta/	1d6Adventurers																																		
Black Sheep	Medium	Beast	0	https://www.reddit.com/r/monsteraday/comments/6v4r4u/day_126_black_sheep/	https://www.reddit.com/r/monsteraday/comments/6v4r4u/day_126_black_sheep/	1d6Adventurers																																		
Blue Glaucus	Tiny	Beast	0	https://www.reddit.com/r/monsteraday/comments/6x1bad/day_133_blue_glaucus/	https://www.reddit.com/r/monsteraday/comments/6x1bad/day_133_blue_glaucus/	1d6Adventurers																																		
Campestri	Small	Plant	0	https://www.reddit.com/r/monsteraday/comments/8cyjbd/day_297_campestri/	https://www.reddit.com/r/monsteraday/comments/8cyjbd/day_297_campestri/	1d6Adventurers																																		
NPC, Cloudchaser	Medium	Humanoid (Any Race)	0	https://www.reddit.com/r/monsteraday/comments/8dguyo/day_299_cloudchaser/	https://www.reddit.com/r/monsteraday/comments/8dguyo/day_299_cloudchaser/	1d6Adventurers																																		
Dinosaur, Compsognathus	Tiny	Beast	0	https://www.5esrd.com/database/creature/compsognathus/	Ixor's Manual of Monstrous Findings (★★)	u/thorn1993	5	13	30	U	4	15	10	2	12	6	None	Perception	None	Normal	None	None																		
AI Servant	Tiny	Construct	0	https://www.gmbinder.com/share/-M8CqWP2BL4GITsgyDM2#:~:text=AI%20Servant,-Tiny	Modern Handbook (★★)	u/AeronDrake	5	13	30	N	4	11	10	15	10	7	None	None	Poisonimmu, charmedimmu, poisonedimmu	Normal	Common	None																		
Herbivore, Kelbi	Medium	Beast	0		Monster Hunter's Manual (★★★★)	u/Amellwind	4	10	30	U	11	10	12	2	10	5	None	None	None	Normal	None	Sure-Footed																		
Herbivore, Moofah	Small	Beast	0		Monster Hunter's Manual (★★★★)	u/Amellwind	3	10	30	U	12	10	11	2	10	5	None	None	None	Normal	None	Sure-Footed																		
Herbivore, Mosswine	Medium	Beast	0		Monster Hunter's Manual (★★★★)	u/Amellwind	19	10	30	U	13	11	12	2	9	5	None	None	None	Normal	None	Mushroom Eater																		
Neopteron, Altaroth	Small	Monstrosity	0		Monster Hunter's Manual (★★★★)	u/Amellwind	5	12	20	U	8	10	12	1	7	3	None	None	None	Normal	None	None																		
Crawling Claw	Tiny	Undead	0.00	https://www.aidedd.org/dnd/monstres.php?vo=crawling-claw	Monster Manual	Wizards of the Coast	2	12	20, climb 20	NE	13	14	11	5	10	4	None	None	Poisonimmu, charmedimmu, exhaustionimmu, poisonedimmu	Blindsight 30	Common	Turn Immunity																		
Devil, Lemure	Medium	Fiend (Devil)	0.00	https://www.dndbeyond.com/monsters/16942-lemure	Monster Manual	Wizards of the Coast	13	7	15	LE	10	5	11	1	11	3	None	None	Coldres, fireimmu, poisonimmu, charmedimmu, frightenedimmu, poisonedimmu	Darkvision 120	Infernal	Devil's Sight, Hellish Rejuvenation																		
Fungus, Shrieker	Medium	Plant	0	https://www.dndbeyond.com/monsters/5195205-shrieker-fungus	Monster Manual	Wizards of the Coast	13	5	None	U	1	1	10	1	10	3	None	None	Blindedimmu, deafenedimmu, frightenedimmu	Blindsight 30	None	False Appearance																		
Homunculus	Tiny	Construct	0	https://www.dndbeyond.com/monsters/16926-homunculus	Monster Manual	Wizards of the Coast	5	13	20, fly 40	N	4	15	11	10	10	7	None	None	Poisonimmu, charmedimmu, poisonedimmu	Darkvision 60	Creator	Telepathic Bond																		
Misc. Creature, Awakened Shrub	Small	Plant	0	https://www.dndbeyond.com/monsters/16791-awakened-shrub	Monster Manual	Wizards of the Coast	10	9	20	U	3	8	11	10	10	6	None	None	Fireweak, piercingres	Normal	Creator	False Appearance																		
Misc. Creature, Baboon	Small	Beast	0	https://www.dndbeyond.com/monsters/16795-baboon	Monster Manual	Wizards of the Coast	3	12	30, climb 30	U	8	14	11	4	12	6	None	None	None	Normal	None	Pack Tactics																		
Misc. Creature, Badger	Tiny	Beast	0	https://www.dndbeyond.com/monsters/16796-badger	Monster Manual	Wizards of the Coast	3	10	20, burrow 5	U	4	11	12	2	12	5	None	None	None	Darkvision 30	None	Keen Smell																		
Misc. Creature, Bat	Tiny	Beast	0.00	https://www.dndbeyond.com/monsters/16802-bat	Monster Manual	Wizards of the Coast	1	12	5, fly 30	U	2	15	8	2	12	4	None	None	None	Blindsight 60	None	Echolocation, Keen Hearing																		
Misc. Creature, Cat	Tiny	Beast	0	https://www.dndbeyond.com/monsters/16820-cat	Monster Manual	Wizards of the Coast	2	12	40, climb 30	U	3	15	10	3	12	7	None	Perception, Stealth	None	Normal	None	Keen Smell																		
Misc. Creature, Crab	Tiny	Beast	0	https://roll20.net/compendium/dnd5e/Crab#content	Monster Manual	Wizards of the Coast	2	11	20, swim 20	U	2	11	10	1	8	2	None	Stealth	None	Blindsight 30	None	Amphibious																		
Misc. Creature, Deer	Medium	Beast	0		Monster Manual	Wizards of the Coast	4	13	50	U	11	16	11	2	14	5	None	None	None	Normal	None	None																		
Misc. Creature, Eagle	Small	Beast	0.00		Monster Manual	Wizards of the Coast	3	12	10, fly 60	U	6	15	10	2	14	7	None	Perception	None	Normal	None	Keen Sight																		
Misc. Creature, Frog	Tiny	Beast	0		Monster Manual	Wizards of the Coast	1	11	20, swim 20	U	1	13	8	1	8	3	None	Perception, Stealth	None	Darkvision 30	None	Amphibious, Standing Leap																		
Misc. Creature, Giant Fire Beetle	small	Beast	0		Monster Manual	Wizards of the Coast	4	13	30	U	8	10	12	1	7	3	None	None	None	Blindsight 30	None	Illumination																		
Misc. Creature, Goat	Medium	Beast	0		Monster Manual	Wizards of the Coast	4	10	40	U	12	10	11	2	10	5	None	None	None	Normal	None	Charge, Sure-Footed																		
Misc. Creature, Hawk	Tiny	Beast	0		Monster Manual	Wizards of the Coast	1	13	10, fly 60	U	5	16	8	2	14	6	None	Perception	None	Normal	None	Keen Sight																		
Misc. Creature, Hyena	Medium	Beast	0		Monster Manual	Wizards of the Coast	5	11	50	U	11	13	12	2	12	5	None	Perception	None	Normal	None	Pack Tactics																		
Misc. Creature, Jackal	Small	Beast	0		Monster Manual	Wizards of the Coast	3	12	40	U	8	15	11	3	12	6	None	Perception	None	Normal	None	Keen Hearing, Keen Smell, Pack Tactics																		
Misc. Creature, Lizard	Tiny	Beast	0	https://www.dndbeyond.com/monsters/16945-lizard	Monster Manual	Wizards of the Coast	2	10	20, climb 20	U	2	11	10	1	8	3	None	None	None	Darkvision 30	None	None																		
Misc. Creature, Octopus	Small	Beast	0		Monster Manual	Wizards of the Coast	3	12	5, swim 30	U	4	15	11	3	10	4	None	Perception, Stealth	None	Darkvision 30	None	Hold Breath, Underwater Camouflage, Water Breathing																		
Misc. Creature, Owl	Tiny	Beast	0		Monster Manual	Wizards of the Coast	1	11	5, fly 60	U	3	13	8	2	12	7	None	Perception, Stealth	None	Darkvision 120	None	FLyby, Keen Hearing, Keen Sight																		
Misc. Creature, Quipper	Tiny	Beast	0		Monster Manual	Wizards of the Coast	1	13	swim 40	U	2	16	9	1	7	2	None	None	None	Darkvision 60	None	Blood Frenzy, Water Breathing																		
Misc. Creature, Rat	Tiny	Beast	0		Monster Manual	Wizards of the Coast	1	10	20	U	2	11	9	2	10	4	None	None	None	Darkvision 30	None	Keen Smell																		
Misc. Creature, Raven	Tiny	Beast	0		Monster Manual	Wizards of the Coast	1	12	10, fly 50	U	2	14	8	2	12	6	None	Perception	None	Normal	None	Mimicry																		
Misc. Creature, Scorpion	Tiny	Beast	0		Monster Manual	Wizards of the Coast	1	11	10	U	2	11	8	1	8	2	None	None	None	Normal	None	None																		
Misc. Creature, Sea Horse	Tiny	Beast	0		Monster Manual	Wizards of the Coast	1	11	swim 20	U	1	12	8	1	10	2	None	None	None	Normal	None	Water Breathing																		
Misc. Creature, Spider	Tiny	Beast	0		Monster Manual	Wizards of the Coast	1	12	20, climb 20	U	2	14	8	1	10	2	None	Stealth	None	Darkvision 30	None	Spider Climb, Web Sense, Web Walker																		
Misc. Creature, Vulture	Medium	Beast	0		Monster Manual	Wizards of the Coast	5	10	10, fly 50	U	7	10	13	2	12	4	None	Perception	None	Normal	None	Keen Sight, Keen Smell, Pack Tactics																		
Misc. Creature, Weasel	Tiny	Beast	0		Monster Manual	Wizards of the Coast	1	13	30	U	3	16	8	2	12	3	None	Perception, Stealth	None	Normal	None	Keen Hearing, Keen Smell																		
Myconid Sprout	Small	Plant	0		Monster Manual	Wizards of the Coast	7	10	10	LN	8	10	10	8	11	5	None	None	None	Darkvision 120	None	Distress Spores, Sun Sickness																		
NPC, Commoner	Medium	Humanoid	0	https://roll20.net/compendium/dnd5e/Commoner#content	Monster Manual	Wizards of the Coast	4	10	30	ANY	10	10	10	10	10	10	None	None	None	Normal	Any	None																		
Misc. Creature, Monkey	Tiny	Beast	0		Single (★★★)	u/5ash	2	12	30, climb 30	U	8	15	11	4	12	6	None	None	None	Normal	None	Pack Tactics																		
Piegon the Pigeon, The Valiant Moron	Tiny	Character (Beast)	0		Single (☪☪★)	u/Ormkirk	5	12	10, fly 50	NG	2	14	8	2	12	6	None	Perception	None	Normal	None	None																		
Tressym	Tiny	Beast	0		Storm King's Thunder	Wizards of the Coast	5	12	40, climb 30, fly 40	CN	3	15	10	11	12	12	None	Perception, Stealth	Poisonimmu, poisonedimmu	Darkvision 60	Common	Detect Invisibility, Keen Smell, Poison Sense																		
Misc. Creature, Duck	Tiny	Beast	0		The Giant Primordial Duck (★)	u/lnxSinon	2	12	20, fly 40, swim 20	U	2	14	10	2	12	6	None	Perception	None	Normal	None	Hold Breath, Known Direction																		
Almiraj	Small	Beast	0		Tomb of Annihilation	Wizards of the Coast	3	13	50	U	2	16	10	2	14	10	None	Perception, Stealth	None	Darkvision 30, tremorsense 60	None	Keen Hearing, Keen Sight																		
Chwinga	Tiny	Elemental	0		Tomb of Annihilation	Wizards of the Coast	5	15	20, climb 20, swim 20	N	1	20	10	14	16	16	None	Acrobatics, Perception, Stealth	None	Blindsight 60	None	Evasion, Innate Spellcasting																		
Flying Monkey	Small	Beast	0		Tomb of Annihilation	Wizards of the Coast	3	12	20, climb 20, fly 30	U	8	14	11	5	12	6	None	None	None	Normal	None	Pack Tactics																		
Cranium Rat	Tiny	Beast	0		Volo's Guide to Monsters	Wizards of the Coast	2	12	30	LE	2	14	10	4	11	8	None	None	None	Darkvision 30, tremorsense 60	Telepathy 30	Illumination, Telepathic Shroud																		
Dancing Star	Tiny	Fey	0.13	https://www.gmbinder.com/share/-LSNMh6eX2Cm0VdsuZTr#:~:text=Dancing%20Star	All the Lights in the Sky Are Stars	u/aeyana	5	13	20, fly 40	CN	4	17	11	13	12	15																								
NPC, Militia	Medium	Humanoid (Any Race)	0.13	https://drive.google.com/file/d/0BwRBp4t9A8LbWjRUT0IzM2RfcGs/view?resourcekey=0-lA_Fe3jgtYGUiQ2AJtwz3Q	Arcane Artillery (☪★★★)	u/ZowJr	9	19	30	ANY	10	12	10	11	9	10	None	Perception	None	Normal	Any	None																		
NPC, Musket Lookout	Medium	Humanoid (Any Race)	0.13	https://drive.google.com/file/d/0BwRBp4t9A8LbWjRUT0IzM2RfcGs/view?resourcekey=0-lA_Fe3jgtYGUiQ2AJtwz3Q	Arcane Artillery (☪★★★)	u/ZowJr	11	15	30	ANY	11	14	12	12	10	11	None	Perception, Acrobatics	None	Normal	Any	None																		
Brigand, Trained Dog	Small	Beast	0.13	https://homebrewery.naturalcrit.com/share/Hyb4CrHRf	Bestiary of the Ancestors (★)	u/LamiaDrake	7	14	50	U	10	18	12	3	10	10	None	None	None	Darkvision 60	Common	Organization																		
Darkest Dungeon, Rapturous Cultist	Medium	Aberration	0.13	https://homebrewery.naturalcrit.com/share/Hyb4CrHRf	Bestiary of the Ancestors (★)	u/LamiaDrake	67	5	30	CE	10	11	10	6	6	6	None	None	None	Truesight 50	Common, Deep Speech	The Warping Truth																		
Maggot	Small	Beast	0.13	https://homebrewery.naturalcrit.com/share/Hyb4CrHRf	Bestiary of the Ancestors (★)	u/LamiaDrake	11	8	15	U	7	12	6	2	8	6	None	None	None	Blindsense 30	None	None																		
Mammoth Cyst, White Cell Stalk	Medium	Aberration	0.13	https://homebrewery.naturalcrit.com/share/Hyb4CrHRf	Bestiary of the Ancestors (★)	u/LamiaDrake	30	14	0	CE	10	10	10	10	10	10	None	None	None	Truesight 100	Deep SPeech	Delayed Reaction																		
NPC, Madman	Medium	Humanoid (Any Race)	0.13	https://homebrewery.naturalcrit.com/share/Hyb4CrHRf	Bestiary of the Ancestors (★)	u/LamiaDrake	9	15	30	CN	8	17	13	14	6	14	None	None	None	Normal	Common	None																		
The Crimson Court, Sycophant	Small	Beast	0.13	https://homebrewery.naturalcrit.com/share/Hyb4CrHRf	Bestiary of the Ancestors (★)	u/LamiaDrake	10	14	10, fly 40	U	6	18	6	3	12	12	None	None	None	Darkvision 60	None	Crimson Curse																		
The Pelagic, Sea Maggot	Small	Beast	0.13	https://homebrewery.naturalcrit.com/share/Hyb4CrHRf	Bestiary of the Ancestors (★)	u/LamiaDrake	9	18	10	U	6	10	14	3	8	4	None	None	None	Blindsense 20	None	Aquatic Dependance																		
The Swine, Carrion Eater	Small	Beast	0.13	https://homebrewery.naturalcrit.com/share/Hyb4CrHRf	Bestiary of the Ancestors (★)	u/LamiaDrake	15	12	15. burrow 20	U	14	15	16	3	8	8	None	None	None	Tremorsense 20	None	Poisonous Coordination																		
The Unholy, Skeleton Rabble	Medium	Undead	0.13	https://homebrewery.naturalcrit.com/share/Hyb4CrHRf	Bestiary of the Ancestors (★)	u/LamiaDrake	6	8	25	U	10	6	10	6	6	6	None	None	Poisonimmu, exhaustionimmu, poisonedimmu	Darkvision 30	Common	None																		
Kikimore Hatchling	Tiny	Monstrosity	0.13		Book of Beautiful Horrors (★★)	u/regerem	7	12	40, burrow 20	U	6	14	13	2	10	4	None	None	Fireweak, poisonimmu, poisonedimmu	Darkvision 60	None	Pack Tactics, Swarm Mind																		
Nekker	Small	Fey	0.13		Book of Beautiful Horrors (★★)	u/regerem	7	11	40, burrow 30, climb 30	CE	8	13	10	7	8	5	None	Stealth	None	Darkvision 120	Own, Sylvan	Fey Resilience, Thorn Lurker																		
Cactus, Rock	Tiny	Plant	0.13		Dark Sun Stat Blocks (★)	u/Auquid	5	9	0	U	1	1	10	1	1	1	None	None	Blindedimmu, deafenedimmu, frightenedimmu	Blindsight 10	None	False Appearance																		
Hej-Kin	Small	Monstrosity	0.13		Dark Sun Stat Blocks (★)	u/Auquid	11	11	30	NE	16	6	14	12	12	9	STR, CON	Perception	Psychicres	Tremorsense 60	Own	Earth Glide																		
Demon, Inculti	Tiny	Fiend (Demon)	0.13		Demons, Lot of Demons (★★★★)	u/dgscott	7	9	20	CE	10	8	13	7	8	6	CON	None	Coldres, fireres, lightningres, poisonimmu, poisonedimmu	Darkvision 60	Abyssal	Death Burst																		
Dungeon Dweller	Small	Fiend	0.13		Discworld Unearthed Arcana (★)	u/3athompson	10	6	30, fly 30	CE	1	1	1	1	1	10	None	None	Magicalimmu, bludgeoningimmu, piercingimmu, slashingimmu, fireweak, charmedimmu, exhaustionimmu, frightenedimmu, grappledimmu, paralyzedimmu, petrifiedimmu, poisonedimmu, proneimmu, restrainedimmu	Normal	Deep Speech, Common	Magic Eater																		
Gibberling	Small	Humanoid	0.13	https://homebrewery.naturalcrit.com/share/S1XjggDT7M	Forgotten Realms Stat Blocks (★★★)	u/Drewfro666	7	10	30	CN	10	10	10	5	7	2	None	None	None	Normal	None	Bunching, Fire Fright, Gibber, Pack Tactics, Sunlight Sensitivity																		
Slime, Bubble	Small	Ooze	0.13		Handbook of Slime Rheology (★★)	u/_Metabot	10	12	25	U	11	10	8	2	6	8	None	None	Blindedimmu, charmedimmu, deafenedimmu, exhaustionimmu, frightenedimmu, proneimmu	Blindsight 30	None	None																		
Slime, Honey	Small	Ooze	0.13		Handbook of Slime Rheology (★★)	u/_Metabot	21	10	20	U	12	6	10	2	6	8	None	None	Forceres, blindedimmu, charmedimmu, deafenedimmu, frightenedimmu, proneimmu	Blindsight 60	None	Rheopectic Hardening																		
Corgeagle	Small	Monstrosity	0.13		https://www.reddit.com/r/monsteraday/comments/6tojls/day_121_corgeagle/	1d6Adventurers																																		
Clockwork Mouse	Tiny	Construct	0.13		https://www.reddit.com/r/monsteraday/comments/6y2beh/day_136_clockwork_mouse/	1d6Adventurers																																		
Griffon, Potriffon	Tiny	Monstrosity	0.13		https://www.reddit.com/r/monsteraday/comments/7p1167/day_226_potriffon/	1d6Adventurers																																		
Animated Object, Bite Coin	Tiny	Construct	0.13		https://www.reddit.com/r/monsteraday/comments/7qm82a/day_231_bite_coin/	1d6Adventurers																																		
Niblin	Tiny	Humanoid (Goblinoid)	0.13		https://www.reddit.com/r/monsteraday/comments/7vz4d2/day_248_niblin/	1d6Adventurers																																		
Electric Grime	Medium	Ooze	0.13		Ixor's Manual of Monstrous Findings (★★)	u/thorn1993	16	8	20, climb 20	U	12	6	13	1	6	2	None	None	Bludgeoningres, piercingres, slashingres, lightningimmu, blindedimmu, charmedimmu, deafenedimmu, exhausitonimmu, frightenedimmu, petrifiedimmu, proneimmu, restrainedimmu, stunnedimmu	Blindsight 60	None	Spider Climb, Sticky Terrain, Swarm																		
Misc. Creature, Dire Skunk	Medium	Beast	0.13		Ixor's Manual of Monstrous Findings (★★)	u/thorn1993	32	12	30	U	11	12	14	2	12	6	None	None	None	Normal	None	None																		
Misc. Creature, Mosswine	Medium	Beast	0.13		Ixor's Manual of Monstrous Findings (★★)	u/thorn1993	11	11	40	U	13	11	12	2	9	5	None	None	None	Normal	None	Keen Smell																		
NPC, Driver	Medium	Humanoid (Any Race)	0.13	https://www.gmbinder.com/share/-M8CqWP2BL4GITsgyDM2#:~:text=Driver,-Medium	Modern Handbook (★★)	u/AeronDrake	11	13	30	ANY	10	14	12	12	13	10	None	Perception	None	Normal	Any	Expert Driver																		
NPC, Security Guard	Medium	Humanoid (Any Race)	0.13	https://www.gmbinder.com/share/-M8CqWP2BL4GITsgyDM2#:~:text=Security%20Guard	Modern Handbook (★★)	u/AeronDrake	11	15	30	ANY	13	14	12	10	11	10	None	Perception	Piercingres	Normal	Any	None																		
Herbivore, Anteka	Medium	Beast	0.13		Monster Hunter's Manual (★★★★)	u/Amellwind	5	11	30	U	13	10	12	2	10	5	None	None	Coldimmu	Normal	None	Charge, Ice Walk																		
Herbivore, Aptonoth	Large	Beast	0.13		Monster Hunter's Manual (★★★★)	u/Amellwind	26	12	30	U	12	10	13	1	8	5	None	None	None	Normal	None	None																		
Herbivore, Epioth	Large	Beast	0.13		Monster Hunter's Manual (★★★★)	u/Amellwind	6	11	swim 30	U	10	13	11	2	12	5	None	None	None	Normal	None	Charge, Water Breathing																		
Herbivore, Slagtoth	Large	Beast	0.13		Monster Hunter's Manual (★★★★)	u/Amellwind	11	12	30	U	12	8	10	2	11	6	None	None	None	Normal	None	Trampling Charge																		
Lynian, Gajalaka	Small	Humanoid	0.13		Monster Hunter's Manual (★★★★)	u/Amellwind	5	12	25	N	15	7	9	8	7	8	None	None	None	Normal	Common, Shakalaka, Own	Tribal Mask																		
Lynian, Shakalaka	Small	Humanoid	0.13		Monster Hunter's Manual (★★★★)	u/Amellwind	5	12	25	N	15	7	9	8	7	8	None	None	None	Normal	Common, Shakalaka, Own	Pack Tactics, Boom Shakalaka																		
Wyvern, Piscine, Delex	Small	Dragon	0.13		Monster Hunter's Manual (★★★★)	u/Amellwind	22	9	40, burrow 40	U	11	13	12	1	8	10	None	None	None	Tremorsense 60	None	Tunnel																		
Wyvern, Snake, Wingdrake	Medium	Dragon	0.13		Monster Hunter's Manual (★★★★)	u/Amellwind	33	10	10, fly 40	U	14	11	12	3	8	6	None	None	None	Normal	None	Flyby, Beast of Burden																		
Blight, Twig	Small	Plant	0.13		Monster Manual	Wizards of the Coast	4	13	20,	NE	6	13	12	4	8	3	None	Stealth	Fireweak, blindedimmu, deafenedimmu	Blindsight 60	Common	False Appearance																		
Demon, Manes	Small	Fiend (Demon)	0.13		Monster Manual	Wizards of the Coast	9	9	20	CE	10	9	13	3	8	4	None	None	Coldres, fireres, lightningres, poisonimmu, charmedimmu, frightenedimmu, poisonedimmu	Darkvision 60	Abyssal	None																		
Flumph	Small	Aberration	0.13		Monster Manual	Wizards of the Coast	7	12	5, fly 30	LG	6	15	10	14	14	11	None	Arcana, History, Religion	Psychicweak	Darkvision 60	Undercommon, telepathy 60	Advanced Telepathy, Prone Deficiency, Telepathic Shroud																		
Kobold	Small	Humanoid	0.13		Monster Manual	Wizards of the Coast	5	12	30	LE	7	15	9	8	7	8	None	None	None	Darkvision 60	Common, Draconic	Sunlight Sensitivity, Pack Tactics																		
Merfolk	Medium	Humanoid	0.13		Monster Manual	Wizards of the Coast	11	11	10, swim 40	N	10	13	12	11	11	12	None	Perception	None	Normal	Aquan, Common	Amphibious																		
Misc. Creature, Blood Hawk	Small	Beast	0.13	https://www.dndbeyond.com/monsters/16810-blood-hawk	Monster Manual	Wizards of the Coast	7	12	10, fly 60	U	6	14	10	3	14	5	None	Perception	None	Normal	None	Keen Sight, Pack Tactics																		
Misc. Creature, Camel	Large	Beast	0.13	https://www.dndbeyond.com/monsters/16819-camel	Monster Manual	Wizards of the Coast	15	9	50	U	16	8	14	2	8	5	None	None	None	Normal	None	None																		
Misc. Creature, Flying Snake	Tiny	Beast	0.13	https://www.dndbeyond.com/monsters/16864-flying-snake	Monster Manual	Wizards of the Coast	5	14	30, fly 60, swim 30	U	4	18	11	2	12	5	None	None	None	Blindsight 10	None	Flyby																		
Misc. Creature, Giant Crab	Medium	Beast	0.13	https://www.dndbeyond.com/monsters/16879-giant-crab	Monster Manual	Wizards of the Coast	13	15	30, swim 30	U	13	15	11	1	9	3	None	Stealth	None	Blindsight 30	None	Amphibious																		
Misc. Creature, Giant Rat	Small	Beast	0.13	https://roll20.net/compendium/dnd5e/Giant%20Rat#content	Monster Manual	Wizards of the Coast	7	12	30	U	7	15	11	2	10	4	None	None	None	Darkvision 60	None	Keen Smell, Pack Tactics																		
Misc. Creature, Giant Weasel	Medium	Beast	0.13		Monster Manual	Wizards of the Coast	9	13	40	U	11	16	10	4	12	5	None	Perception, Stealth	None	Darkvision 60	None	Keen Hearing, Keen Smell																		
Misc. Creature, Mastiff	Medium	Beast	0.13		Monster Manual	Wizards of the Coast	5	12	40	U	13	14	12	3	12	7	None	Perception	None	Normal	None	Keen Hearing, Keen Smell																		
Misc. Creature, Mule	Medium	Beast	0.13		Monster Manual	Wizards of the Coast	11	10	40	U	14	10	13	2	10	5	None	None	None	Normal	None	Beast of Burden, Sure-Footed																		
Misc. Creature, Poisonous Snake	Tiny	Beast	0.13		Monster Manual	Wizards of the Coast	13	13	30, swim 30	U	2	16	11	1	10	3	None	None	None	Blindsight 10	None	None																		
Misc. Creature, Pony	Medium	Beast	0.13		Monster Manual	Wizards of the Coast	11	10	40	U	15	10	13	2	11	7	None	None	None	Normal	None	None																		
Modron, Monodrone	Medium	Construct	0.13		Monster Manual	Wizards of the Coast	5	15	30, fly 30	LN	1	13	12	4	10	5	None	None	None	Truesight 120	Modron	Axiomatic Mind, Disintegration																		
NPC, Bandit	Medium	Humanoid	0.13		Monster Manual	Wizards of the Coast	11	12	30	NOT LAWFUL	11	12	12	10	10	10	None	None	None	Normal	Any	None																		
NPC, Cultist	Medium	Humanoid	0.13		Monster Manual	Wizards of the Coast	9	12	30	NOT GOOD	11	12	10	10	11	10	None	Deception, Religion	None	Normal	Any	Dark Devotion																		
NPC, Guard	Medium	Humanoid	0.13		Monster Manual	Wizards of the Coast	11	16	30	ANY	13	12	12	10	11	10	None	Perception	None	Normal	Any	None																		
NPC, Noble	Medium	Humanoid	0.13		Monster Manual	Wizards of the Coast	9	15	30	ANY	11	12	11	12	14	16	None	Deception, Insight, Persuasion	None	Normal	Any	None																		
NPC, Tribal Warrior	Medium	Humanoid	0.13	https://www.dndbeyond.com/monsters/17038-tribal-warrior	Monster Manual	Wizards of the Coast	11	12	30	ANY	13	11	12	8	11	8	None	None	None	Normal	Any	Pack Tactics																		
Slaad Tadpole	Tiny	Aberration	0.13		Monster Manual	Wizards of the Coast	10	12	30	CN	7	15	10	3	5	3	None	Stealth	Acidres, coldres, fireres, lightningres, thunderres	Darkvision 60	Own	Magic Resistance																		
Stirge	Tiny	Beast	0.13		Monster Manual	Wizards of the Coast	2	14	10, fly 40	U	4	16	11	2	8	6	None	None	None	Darkvision 60	None	None																		
Animated Object, Flying Caltrop	Tiny	Construct	0.13		Monster Module (★★★★)	u/Jonoman3000	2	13	fly 30	U	2	14	10	1	3	1	DEX	None	Poisonimmu, psychicimmu, blindedimmu, charmedimmu, deafenedimmu, frightenedimmu, paralyzedimmu, petrifiedimmu, poisonedimmu	Blindsight 60	None	Antimagic Susceptibility, False Appearance																		
Kruthik, Young	Small	Monstrosity	0.13		Mordenkainen's Tome of Foes	Wizards of the Coast	9	16	30, burrow 10, climb 30	U	13	16	13	4	10	6	None	None	None	Darkvision 30, tremorsense 60	Own	Keen Smell, Pack Tactics, Tunneler																		
Zuggtmoy, Bridesmaid	Medium	Plant	0.13		Out of the Abyss	Wizards of the Coast	22	13	20	CE	14	11	11	14	8	18	None	None	None	Darkvision 60	Abyssal	Fungus Stride																		
Howling Hatred Initiate	Medium	Humanoid (Human)	0.13		Princes of the Apocalypse	Wizards of the Coast	9	13	30	NE	10	15	10	10	9	11	None	Deception, Religion, Stealth	None	Normal	Common	Guiding Wind, Hold Breath																		
Psicrystal	Tiny	Construct	0.13		Renewed Psionic	u/devikyn	3	12	fly 30	U	3	13	12	11	13	14																								
Archon, Lantern	Tiny	Celestial	0.13		Skip's Guide to Monsters (★★)	u/Drewfro666	5	10	fly 60	LG	3	11	10	6	11	10	None	None	Nonmagicalres, radiantimmu	Darkvision 60	All	Magic Resistance																		
Dragon, Chromatic, White, Baby	Tiny	Dragon	0.13		Skip's Guide to Monsters (★★)	u/Drewfro666	14	12	30, burrow 15, fly 60, swim 30	CE	10	10	12	3	10	9	DEX, CON, WIS, CHA	Perception, Stealth	Coldimmu	Darkvision 60	None	None																		
Dragon, Metallic, Brass, Baby	Tiny	Dragon	0.13		Skip's Guide to Monsters (★★)	u/Drewfro666	5	12	30, burrow 15, fly 60	CG	11	10	11	8	11	11	DEX, CON, WIS, CHA	Perception, Stealth	Fireimmu	Darkvision 60	None	None																		
Formian Worker	Small	Monstrosity	0.13		Skip's Guide to Monsters (★★)	u/Drewfro666	9	14	40	LN	13	14	13	6	10	9	None	None	Fireres, lightningres, thunderres, coldimmu, poisonimmu, petrifiedimmu, poisonedimu	Normal	None	Hive Mind																		
Misc. Creature, Centipede, Monstrous, Tiny	Tiny	Beast	0.13		Skip's Guide to Monsters (★★)	u/Drewfro666	2	12	20, climb 20	U	2	14	11	1	7	3	None	None	None	Blindsight 30	None	None																		
Assorted Beast, Dolphin	Medium	Beast	0.13		Volo's Guide to Monsters	Wizards of the Coast	11	12	swim 60	U	14	13	13	6	12	7	None	Perception	None	Blindsight 60	None	Charge, Hold Breath																		
Boggle	Small	Fey	0.13		Volo's Guide to Monsters	Wizards of the Coast	18	14	30, climb 30	CN	8	18	13	6	12	7	None	Perception, Sleight of Hand, Stealth	Fireres	Darkvision 60	Sylvan	Boggle Oil, Dimensional Rift, Uncanny Smell																		
Neogi Hatchling	Tiny	Aberration	0.13		Volo's Guide to Monsters	Wizards of the Coast	7	11	20, climb 20	LE	3	13	10	6	10	9	None	None	None	Darkvision 60	None	Mental Fortitude, Spider Climb																		
Xvart	Small	Humanoid (Xvart)	0.13		Volo's Guide to Monsters	Wizards of the Coast	7	13	30	CE	8	14	10	8	7	7	None	Stealth	None	Darkvision 30	Abyssal	Low Cunning, Overbearing Pack, Raxivort's Tongue																		
Xvart Speaker	Small	Humanoid (Xvart)	0.13		Volo's Guide to Monsters	Wizards of the Coast	7	13	30	CE	8	14	10	13	7	7	None	Stealth	None	Darkvision 30	Abyssal, Any	Low Cunning, Overbearing Pack, Raxivort's Tongue																		
NPC, Rifle Lookout	Medium	Humanoid (Any Race)	0.25	https://drive.google.com/file/d/0BwRBp4t9A8LbWjRUT0IzM2RfcGs/view?resourcekey=0-lA_Fe3jgtYGUiQ2AJtwz3Q	Arcane Artillery (☪★★★)	u/ZowJr	11	15	30	ANY	11	14	12	12	10	11	None	Perception, Acrobatics	None	Normal	Any	None																		
Phoenix, Baby	Tiny	Celestial	0.25	https://www.reddit.com/r/UnearthedArcana/comments/6dgro4/new_familiar_option_baby_phoenix/#lightbox	Baby Phoenix (★★★)	u/hellocharliekim	5	12	15, fly 60	U	6	15	10	8	12	16	DEX, CHA	Perception, Stealth	Coldweak, fireimmu, charmedimmu	Blindsight 10, darkvision 60	Common, Celestial	Magic Resistance, limited Telepathy, Fire to Ash, Magic Weapons																		
Cult of the Old Gods, Cultist Brawler	Medium	Humanoid (Any Race)	0.25	https://homebrewery.naturalcrit.com/share/Hyb4CrHRf	Bestiary of the Ancestors (★)	u/LamiaDrake	10	11	30	CE	12	12	12	8	8	8	None	None	None	Normal	Common, Deep Speech	None																		
Cult of the Old Gods, Cultist Witch	Medium	Humanoid (Any Race)	0.25	https://homebrewery.naturalcrit.com/share/Hyb4CrHRf	Bestiary of the Ancestors (★)	u/LamiaDrake	8	12	30	CE	7	14	10	16	8	10	None	None	None	Normal	Common, Deep Speech	None																		
Gargoyle, Ancestral	Medium	Construct	0.25	https://homebrewery.naturalcrit.com/share/Hyb4CrHRf	Bestiary of the Ancestors (★)	u/LamiaDrake	68	16	30	U	12	4	18	7	14	1	None	None	Bludgeoningweak, poisonimmu, psychicimmu, slashingres, piercingres, exhaustionimmu, frightenedimmu, paralyzedimmu, petrifiedimmu, poisonedimmu	Darkvision 60	None	None																		
NPC, Brigand, Cutthroat	Medium	Humanoid (Any Race)	0.25	https://homebrewery.naturalcrit.com/share/Hyb4CrHRf	Bestiary of the Ancestors (★)	u/LamiaDrake	27	14	30	CE	14	14	12	10	12	12	None	None	None	Normal	COmmon, Thieves' Cant	None																		
NPC, Brigand, Fusilier	Medium	Humanoid (Any Race)	0.25	https://homebrewery.naturalcrit.com/share/Hyb4CrHRf	Bestiary of the Ancestors (★)	u/LamiaDrake	22	14	30	CE	10	14	12	12	12	10	None	None	None	Normal	COmmon, Thieves' Cant	None																		
Pliskin	Medium	Beast	0.25	https://homebrewery.naturalcrit.com/share/Hyb4CrHRf	Bestiary of the Ancestors (★)	u/LamiaDrake	22	14	30	U	7	14	12	3	7	10	None	None	None	Darkvision 60	None	Stealthy																		
Rattler	Medium	Beast	0.25	https://homebrewery.naturalcrit.com/share/Hyb4CrHRf	Bestiary of the Ancestors (★)	u/LamiaDrake	22	16	30	U	9	12	18	3	7	10	None	None	None	Darkvision 60	None	Guardian																		
Shambler Spore	Small	Aberration	0.25	https://homebrewery.naturalcrit.com/share/Hyb4CrHRf	Bestiary of the Ancestors (★)	u/LamiaDrake	13	14	0	CE	10	10	14	16	10	13	None	None	Charmedimmu	Normal	None	Teleportation																		
Spitter	Medium	Beast	0.25	https://homebrewery.naturalcrit.com/share/Hyb4CrHRf	Bestiary of the Ancestors (★)	u/LamiaDrake	11	14	30. climb 40	U	10	18	12	3	12	3	None	None	None	Darkvision 60, tremorsense 20	None	Marking																		
The Crimson Court, Manservant	Small	Monstrosity	0.25	https://homebrewery.naturalcrit.com/share/Hyb4CrHRf	Bestiary of the Ancestors (★)	u/LamiaDrake	22	14	30	NE	12	14	12	14	8	14	None	None	None	Darkvision 60	Common	True Form, Guardian																		
The Crimson Court, Supplicant	Medium	Monstrosity	0.25	https://homebrewery.naturalcrit.com/share/Hyb4CrHRf	Bestiary of the Ancestors (★)	u/LamiaDrake	19	10	20	U	14	10	10	3	8	8	None	None	None	Darkvision 60	None	Crimson Curse																		
The Pelagic, Deep Stinger	Medium	Beast	0.25	https://homebrewery.naturalcrit.com/share/Hyb4CrHRf	Bestiary of the Ancestors (★)	u/LamiaDrake	16	13	swim 40	U	16	16	6	3	15	10	None	None	None	Blindsense 20	None	Aquatic Dependance																		
The Pelagic, Drowned Thrall	Medium	Undead	0.25	https://homebrewery.naturalcrit.com/share/Hyb4CrHRf	Bestiary of the Ancestors (★)	u/LamiaDrake	21	8	15	NE	12	6	10	1	1	1	None	None	Poisonimmu, exhaustionimmu, poisonedimmu	Darkvision 30	COmmon	None																		
The Pelagic, Grouper	Medium	Aberration	0.25	https://homebrewery.naturalcrit.com/share/Hyb4CrHRf	Bestiary of the Ancestors (★)	u/LamiaDrake	17	14	20, swim 40	NE	12	14	10	8	12	8	None	None	None	Darkvision 90	Deep Speech, Abyssal	Aquatic Dependance, Blood in the Water																		
The Pelagic, Shaman	Medium	Aberration	0.25	https://homebrewery.naturalcrit.com/share/Hyb4CrHRf	Bestiary of the Ancestors (★)	u/LamiaDrake	11	13	25, swim 50	NE	8	12	14	14	16	16	None	None	None	Darkvision 90	Deep Speech, Abyssal	Aquatic Dependance, Normal Spellcasting																		
The Swine, Wretch	Small	Monstrosity	0.25	https://homebrewery.naturalcrit.com/share/Hyb4CrHRf	Bestiary of the Ancestors (★)	u/LamiaDrake	9	15	40	U	6	16	6	6	6	6	None	None	None	Normal	Deep Speech	None																		
The Unholy, Skeleton Soldier	Medium	Undead	0.25	https://homebrewery.naturalcrit.com/share/Hyb4CrHRf	Bestiary of the Ancestors (★)	u/LamiaDrake	13	12	30	U	12	10	12	6	6	6	None	None	Poisonimmu, exhaustionimmu, poisonedimmu	Darkvision 30	Common	Organize Rabble																		
Webber	Medium	Beast	0.25	https://homebrewery.naturalcrit.com/share/Hyb4CrHRf	Bestiary of the Ancestors (★)	u/LamiaDrake	11	15	30, climb 40	U	12	17	12	3	8	10	None	None	None	Darkvision 60, tremorsense 20	None	Marking																		
NPC, Northlander, Sea Raider	Medium	Humanoid (Human)	0.25		Book of Beautiful Horrors (★★)	u/regerem	19	17	30	N	14	14	14	10	11	10	None	Athletics, Perception	None	Normal	Common, Own	Mariner																		
NPC, Crossbowman	Medium	Humanoid (Any Race)	0.25		City and Wild (★★)	u/AeronDrake	11	15	30	ANY	13	14	12	10	11	10	None	Perception	None	Normal	Any	None																		
NPC, Rifle Guard	Medium	Humanoid (Any Race)	0.25		City and Wild (★★)	u/AeronDrake	11	15	30	ANY	13	14	12	10	11	10	None	Perception	None	Normal	Any	None																		
Animated Object, Broom of Attack	Small	Construct	0.25		Curse of Strahd	Wizards of the Coast	17	15	50 fly	U	10	17	10	1	5	1	None	None	Poisonimmu, psychicimmu, blindedimmu, charmedimmu deafenedimmu, exhaustionimmu, frightenedimmu, paralyzedimmu, petrifiedimmu, poisonimmu, proneimmu	Blindsight 30	None	False, None																		
Mongrelfolk	Medium	Humanoid (Mongrelfolk)	0.25		Curse of Strahd	Wizards of the Coast	26	11	20	ANY	12	9	15	9	10	6	None	Deception, Perception, Stealth	None	Normal	Common	Mimicry																		
Dark Gith	Medium	Humanoid	0.25		Dark Sun Stat Blocks (★)	u/Auquid	16	14	30	LE	13	14	12	9	10	6	DEX, CON, WIS	Stealth	None	Normal	Common, Own	Sneak Attack, Standing Leap																		
Jhakar	Small	Beast	0.25		Dark Sun Stat Blocks (★)	u/Auquid	9	12	30	U	14	14	12	1	12	8	STR, CHA	Survival, Athletics	None	Normal	None	Uncanny Senses, Trapping Jaw																		
Kes'Trekel	Small	Beast	0.25		Dark Sun Stat Blocks (★)	u/Auquid	7	12	20, fly 50	U	11	14	11	1	12	6	None	None	None	Normal	None	Pack Tactics, Keen Smell																		
Silt Runner	Small	Humanoid	0.25		Dark Sun Stat Blocks (★)	u/Auquid	10	13	50	CE	10	16	11	6	11	7	DEX, WIS	None	None	Darkvision 60	Draconic	Pack Tactics																		
Tari	Medium	Humanoid	0.25		Dark Sun Stat Blocks (★)	u/Auquid	14	12	30	U	10	14	9	9	14	6	DEX, WIS	Stealth	Poisonres	Darkvision 60	Own	Pack Tactics																		
Phalanx, Hoplite	Medium	Ooze	0.25		Demon's Souls Compendium (★)	u/TectonicImprov	11	8	20	U	12	7	13	3	4	1	None	None	Poisonres, acidres, lightningres, coldres, fireweak, blindeidmmu, charmedimmu, deafenedimmu, exhaustionimmu, frightenedimmu, proneimmu	Blindsight 60	None	None																		
Riftling	Small	Aberration	0.25		Far Realm Beasts (★)	u/Adam-M	11	13	30	U	11	14	14	3	12	6	None	Athletics	None	Normal	None	Pile On																		
Carbuncle, Emerald	Small	Elemental	0.25		FFXIV Compendium (★★)	u/SilentSoren	10	12	25	U	10	13	8	4	12	10	None	None	None	Normal	Creator	None																		
Carbuncle, Topaz	Small	Elemental	0.25		FFXIV Compendium (★★)	u/SilentSoren	20	14	25	U	12	12	14	4	12	10	None	None	None	Normal	Creator	None																		
Egi, Garuda	Small	Elemental	0.25		FFXIV Compendium (★★)	u/SilentSoren	8	10	fly 25	U	10	12	14	4	12	14	None	None	None	Normal	Creator	None																		
Egi, Ifrit	Small	Elemental	0.25		FFXIV Compendium (★★)	u/SilentSoren	10	12	fly 25	U	12	13	8	4	12	12	None	None	None	Normal	Creator	None																		
Egi, Titan	Small	Elemental	0.25		FFXIV Compendium (★★)	u/SilentSoren	15	15	fly 25	U	12	12	14	4	12	10	None	None	None	Normal	Creator	None																		
Machinist, Bishop Autoturret	Small	Construct	0.25		FFXIV Compendium (★★)	u/SilentSoren	15	14	fly 50	U	8	14	10	1	3	1	None	None	Poisonimmu, psychicimmu, blindedimmu, charmedimmu, deafenedimmu, frightenedimmu, paralyzedimmu, petrifiedimmu, poisonedimmu	Normal	None	None																		
Machinist, Mammet Companion	Small	Construct	0.25		FFXIV Compendium (★★)	u/SilentSoren	10	11	30	U	12	12	10	9	10	9	None	None	Poisonimmu, psychicimmu, blindedimmu, charmedimmu, deafenedimmu, frightenedimmu, paralyzedimmu, petrifiedimmu, poisonedimmu	Normal	Creator	None																		
Machinist, Rook Autoturret	Small	Construct	0.25		FFXIV Compendium (★★)	u/SilentSoren	15	14	fly 50	U	8	14	10	1	3	1	None	None	Poisonimmu, psychicimmu, blindedimmu, charmedimmu, deafenedimmu, frightenedimmu, paralyzedimmu, petrifiedimmu, poisonedimmu	Normal	None	None																		
Nymian Fey, Eos	Small	Fey	0.25		FFXIV Compendium (★★)	u/SilentSoren	10	12	fly 30	U	10	13	8	12	13	10	None	None	None	Normal	Creator	Innate Spellcasting																		
Nymian Fey, Selene	Small	Fey	0.25		FFXIV Compendium (★★)	u/SilentSoren	10	12	fly 30	U	12	12	8	12	13	10	None	None	None	Normal	Creator	Innate Spellcasting																		
Hybsil	Small	Fey	0.25	https://www.reddit.com/r/DnD/comments/8z9107/5th_edition_homebrew_hybsil/	Forgotten Realms Stat Blocks (★★★)	u/Drewfro666	7	13	50	NG	8	17	11	13	10	10	None	None	Poisonimmu, poisonedimmu	Normal	Sylvan	Innate Spellcasting																		
Shalarin	Medium	Humanoid	0.25	https://www.worldanvil.com/block/1497948	Forgotten Realms Stat Blocks (★★★)	u/Drewfro666	9	15	swim 40	N	14	14	10	11	11	11	None	None	None	Normal	Aquan	Water Breathing																		
Siv	Medium	Humanoid	0.25	https://homebrewery.naturalcrit.com/share/S1XjggDT7M	Forgotten Realms Stat Blocks (★★★)	u/Drewfro666	9	12	40, swim 20	LE	12	15	11	11	11	8	None	None	Coldres	Normal	Bullywug	Amphibious, Water Walking																		
Slime, Boom	Medium	Ooze	0.25		Handbook of Slime Rheology (★★)	u/_Metabot	36	12	35	U	12	6	10	2	6	8	CON	None	Fireimmu, blindedimmu, charmedimmu, deafenedimmu, exhaustionimmu, proneimmu	Blindsight 60	None	Warm Embrace, Uh Oh																		
Slime, Eye	Medium	Ooze	0.25		Handbook of Slime Rheology (★★)	u/_Metabot	32	13	30	U	11	13	14	2	16	1	WIS	Perception, Investigation	Charmedimmu, deafenedimmu, exhaustionimmu, proneimmu	Darkvision 120	Telepathy 30	Spider Climb, Keen Sight																		
Virtue Mote	Tiny	Celestial	0.25		https://external-preview.redd.it/B3p2lIfLe4xsaQnEa5hLTTY52UQLm3AtRzMC2qfMajQ.jpg?auto=webp&s=94ae17d81383a0f312533bf6cba8ef6411bc1039	u/LeVentNoir	9	12	10, fly 30	LG	4	14	14	8	15	10																								
Alebrije	Tiny	Fey	0.25		https://homebrewery.naturalcrit.com/share/SJ-knvAt2X	u/mynameis4826	7	13	15, fly 30	NG	6	14	12	10	12	10																								
Clockwork Pest	Tiny	Construct	0.25		https://www.reddit.com/r/monsteraday/comments/3p8foi/day_63_clockwork_pest/	StoneStrix																																		
Feyote	Medium	Fey	0.25		https://www.reddit.com/r/monsteraday/comments/3r3co3/day_77_feyote/	StoneStrix																																		
Toybox Dungeon, Tin Soldier	Medium	Construct	0.25		https://www.reddit.com/r/monsteraday/comments/60irs6/day_16_tin_soldier/	1d6Adventurers																																		
Pigasus, Teacup	Tiny	Fey	0.25		https://www.reddit.com/r/monsteraday/comments/6c5hpo/day_60_pigasus/	1d6Adventurers																																		
Giant Space Hamster, Miniature	Tiny	Beast	0.25		https://www.reddit.com/r/monsteraday/comments/6nb2cs/day_100_bonanza/	1d6Adventurers																																		
Kelxie	Tiny	Fey	0.25		https://www.reddit.com/r/monsteraday/comments/7ae3b9/day_179_kelxie/	1d6Adventurers																																		
Owlbear Cublet	Tiny	Monstrosity	0.25		https://www.reddit.com/r/monsteraday/comments/7quvcb/day_232_owlbear_cublet/	1d6Adventurers																																		
Beenabber	Tiny	Plant	0.25		https://www.reddit.com/r/monsteraday/comments/830c9u/day_269_beenabber/	1d6Adventurers																																		
Fuzzy Buzzy	Tiny	Fey	0.25		https://www.reddit.com/r/monsteraday/comments/839hjc/day_270_fuzzy_buzzy/	1d6Adventurers																																		
Filigree Fox	Tiny	Construct	0.25		https://www.reddit.com/r/monsteraday/comments/8f4vdo/day_204_filigree_fox/	1d6Adventurers																																		
Green Duwende	Tiny	Fey	0.25		https://www.reddit.com/r/monsteraday/comments/8gslij/day_309_green_duwende/	1d6Adventurers																																		
Xvn'zuxlynth	Tiny	Aberration	0.25		https://www.reddit.com/r/monsteraday/comments/8k7dow/day_319_xvnzuxlynth/	1d6Adventurers																																		
Avocato	Tiny	Plant	0.25		https://www.reddit.com/r/monsteraday/comments/8s27nv/day_341_avocato/	1d6Adventurers																																		
Fanged Beast, Bullfango	Medium	Beast	0.25		Monster Hunter's Manual (★★★★)	u/Amellwind	11	11	40	U	13	11	12	2	9	5	None	None	None	Normal	None	Charge, Aggressive																		
Herbivore, Apceros	Large	Beast	0.25		Monster Hunter's Manual (★★★★)	u/Amellwind	19	13	30	U	13	10	12	2	9	5	None	None	None	Normal	None	None																		
Herbivore, Gargwa	Large	Beast	0.25		Monster Hunter's Manual (★★★★)	u/Amellwind	26	12	50	U	15	11	12	2	10	5	None	None	None	Normal	None	None																		
Herbivore, Kestodon	Medium	Beast	0.25		Monster Hunter's Manual (★★★★)	u/Amellwind	19	14	40	U	15	11	14	2	12	5	STR	None	None	Normal	None	Charge																		
Herbivore, Larinoth	Huge	Beast	0.25		Monster Hunter's Manual (★★★★)	u/Amellwind	19	14	30	U	12	10	11	2	10	5	None	None	None	Normal	None	None																		
Herbivore, Popo	Large	Beast	0.25		Monster Hunter's Manual (★★★★)	u/Amellwind	6	11	20	U	13	8	12	3	11	6	None	None	None	Normal	None	Trampling Charge																		
Lynian, Melynx, Wild	Small	Humanoid	0.25		Monster Hunter's Manual (★★★★)	u/Amellwind	26	13	25, burrow 10	U	9	12	10	6	10	10	None	None	None	Normal	Common, Catonese, Own	Loot, Plifer																		
Neopteron, Bnahabra	Small	Monstrosity	0.25		Monster Hunter's Manual (★★★★)	u/Amellwind	5	11	fly 30	U	5	18	10	2	12	6	None	None	None	Normal	None	Flyby																		
Neopteron, Great Thunderbug	Small	Monstrosity	0.25		Monster Hunter's Manual (★★★★)	u/Amellwind	10	13	fly 30	U	6	16	10	3	14	5	None	Perception	None	Normal	None	None																		
Neopteron, Hornetaur	Small	Monstrosity	0.25		Monster Hunter's Manual (★★★★)	u/Amellwind	4	12	20	U	7	15	10	3	5	3	None	Stealth	None	Normal	None	Pack Tactics																		
Neopteron, Konchu	Small	Monstrosity	0.25		Monster Hunter's Manual (★★★★)	u/Amellwind	9	11	40	U	13	11	12	2	9	5	None	Stealth	None	Normal	None	Charge																		
Neopteron, Vespoid	Small	Monstrosity	0.25		Monster Hunter's Manual (★★★★)	u/Amellwind	5	11	fly 30	U	6	16	11	2	12	6	None	None	None	Normal	None	Flyby																		
Theropod, Genprey	Medium	Beast	0.25		Monster Hunter's Manual (★★★★)	u/Amellwind	32	10	30	U	13	12	14	2	8	5	None	None	Paralyzedimmu	Normal	None	Aggressive																		
Theropod, Maccao	Medium	Beast	0.25		Monster Hunter's Manual (★★★★)	u/Amellwind	22	11	30	U	13	10	13	3	8	5	None	None	Coldres	Normal	None	Aggressive																		
Wyvern, Snake, Remobra	Medium	Dragon	0.25		Monster Hunter's Manual (★★★★)	u/Amellwind	33	13	10, fly 40	U	14	11	12	3	12	6	None	None	None	Normal	None	None																		
Aarakocra	Medium	Humanoid	0.25		Monster Manual	Wizards of the Coast	13	12	20, 50 fly	NG	10	14	10	11	12	11	None	Perception	None	Normal	Auran	Dive Attack																		
Animated Object, Flying Sword	Small	Construct	0.25		Monster Manual	Wizards of the Coast	17	17	50 fly	U	12	15	11	1	5	1	DEX	None	Coldres, fireres, blindedimmu, charmedimmu, deafenedimmu, exhaustionimmu, frightenedimmu paralyzedimmu, petrifiedimmu, poisonimmu	Blindsight 60	None	Antimagic, False																		
Blight, Needle	Medium	Plant	0.25		Monster Manual	Wizards of the Coast	11	12	30	NE	12	12	13	4	8	3	None	None	Blindedimmu, deafenedimmu	Blindsight 60	Common	None																		
Bullywug	Medium	Humanoid	0.25	https://www.dndbeyond.com/monsters/4831017-bullywug-warrior	Monster Manual	Wizards of the Coast	11	15	20, swim 40	NE	12	12	13	7	10	7	None	Stealth	None	Normal	Own	Amphibious, Speak with Frogs, Speak with Toads, Swamp Camouflage, Standing Leap																		
Demon, Dretch	small	Fiend (Demon)	0.25	https://www.dndbeyond.com/monsters/16846-dretch	Monster Manual	Wizards of the Coast	18	11	20	CE	11	11	12	5	8	3	None	None	Coldres, fireres, lightningres, poisonimmu, poisonedimmu	Darkvision 60	Abyssal, telepathy 60	None																		
Dinosaur, Pteranodon	Medium	Beast	0.25		Monster Manual	Wizards of the Coast	13	13	10, fly 60	U	12	15	10	2	9	5	None	Perception	None	Normal	None	Flyby																		
Drow	Medium	Humanoid	0.25		Monster Manual	Wizards of the Coast	13	15	30	NE	10	14	10	11	11	12	None	Perception, Stealth	None	Darkvision 120	Elvish, Undercommon	Fey Ancestry, Innate Spellcasting, Sunlight Sensitivity																		
Fungus, Violet	Medium	Plant	0.25		Monster Manual	Wizards of the Coast	18	5	5	U	3	1	10	1	3	1	None	None	Blindedimmu, deafenedimmu, frightenedimmu	Blindsight 30	None	False Appearance																		
Goblin	small	Humanoid	0.25	https://www.dndbeyond.com/monsters/16907-goblin	Monster Manual	Wizards of the Coast	7	15	30	NE	8	14	10	10	8	8	None	Stealth	None	Darkvision 60	Common, Goblin	Nimble Escape																		[{'name': 'Scimitar', 'action_type': 'action', 'attack_type': 'melee_attack', 'hit_modifier': 4, 'range': 5, 'damage': '1d6 + 2', 'damage_type': 'slashing'}, {'name': 'shortbow', 'action_type': 'action', 'attack_type': 'ranged_attack', 'hit_modifier': 4, 'range': 80, 'damage': '1d6 + 2', 'damage_type': 'piercing'}]
Grimlock	Medium	Humanoid	0.25		Monster Manual	Wizards of the Coast	11	11	30	NE	16	12	12	9	8	6	None	Athletics, Perception, Stealth	Blindedimmu	Blindsight 30	Undercommon	Blind Senses, Keen Hearing, Keen Smell, Stone Camouflage																		
Kenku	Medium	Humanoid	0.25		Monster Manual	Wizards of the Coast	13	13	30	CN	10	16	10	11	10	10	None	Deception, Perception, Stealth	None	Normal	Auran, Common	Ambusher, Mimicry																		
Kobold, Winged	Small	Humanoid	0.25		Monster Manual	Wizards of the Coast	7	13	30, fly 30	LE	7	16	9	8	7	8	None	None	None	Darkvision 60	Common, Draconic	Sunlight Sensitivity, Pack Tactics																		
Kuo-Toa	Medium	Humanoid	0.25		Monster Manual	Wizards of the Coast	13	13	30, swim 30	NE	13	10	11	11	10	8	None	Perception	None	Darkvision 120	Undercommon	Amphibious, Otherworldly Perception, Slippery, Sunlight Sensitivity																		
Mephit, Mud	Small	Elemental	0.25		Monster Manual	Wizards of the Coast	27	11	20, fly 20, swim 20	NE	8	12	12	9	11	7	None	Stealth	Poisonimmu, poisonedimmu	Darkivision 60	Aquan, Terran	Death Burst, False Appearance																		
Mephit, Smoke	Small	Elemental	0.25		Monster Manual	Wizards of the Coast	22	12	30, fly 30	NE	6	14	12	10	10	11	None	Perception, Stealth	Fireimmu, poisonimmu, poisonedimmu	Darkvision 60	Auran, Ignan	Death Burst, Innate Spellcasting																		
Mephit, Steam	Small	Elemental	0.25		Monster Manual	Wizards of the Coast	21	10	30, fly 30	NE	5	11	10	11	10	12	None	None	Fireimmu, poisonimmu, poisonedimmu	Darkvision 60	Aquan, Ignan	Death Burst, Innate Spellcasting																		
Misc. Creature, Axe Beak	Large	Beast	0.25		Monster Manual	Wizards of the Coast	19	11	50	U	14	12	12	2	10	5	None	None	None	Normal	None	None																		
Misc. Creature, Blink Dog	Medium	Fey	0.25		Monster Manual	Wizards of the Coast	22	13	40	LG	12	17	12	10	13	11	None	Perception, Stealth	None	Normal	Own, Sylvan	Keen Hearing, Keen Smell, Pack Tactics																		
Misc. Creature, Boar	Medium	Beast	0.25		Monster Manual	Wizards of the Coast	11	11	40	U	13	11	12	2	9	5	None	None	None	Normal	None	Charge, Relentless																		
Misc. Creature, Constrictor Snake	large	Beast	0.25		Monster Manual	Wizards of the Coast	13	12	30, swim 30	U	15	14	12	1	10	3	None	None	None	Blindsight 10	None	None																		
Misc. Creature, Draft Horse	Large	Beast	0.25		Monster Manual	Wizards of the Coast	19	10	40	U	18	10	12	2	11	7	None	None	None	Normal	None	None																		
Misc. Creature, Elk	Large	Beast	0.25		Monster Manual	Wizards of the Coast	13	10	50	U	16	10	12	2	10	6	None	None	None	Normal	None	Charge																		
Misc. Creature, Giant Badger	Medium	Beast	0.25		Monster Manual	Wizards of the Coast	13	10	30, burrow 10	U	13	10	15	2	12	5	None	None	None	Darkvision 30	None	Keen Smell																		
Misc. Creature, Giant Bat	Large	Beast	0.25		Monster Manual	Wizards of the Coast	22	13	10, fly 60	U	15	16	11	2	12	6	None	None	None	Blindsight 60	None	Echolocation, Keen Hearing																		
Misc. Creature, Giant Centipede	small	Beast	0.25		Monster Manual	Wizards of the Coast	4	13	30	U	5	14	12	1	7	3	None	None	None	Blindsight 30	None	None																		
Misc. Creature, Giant Frog	Medium	Beast	0.25		Monster Manual	Wizards of the Coast	18	11	30, swim 30	U	12	13	11	2	10	3	None	Perception, Stealth	None	Darkvision 30	None	Amphibious, Standing Leap																		
Misc. Creature, Giant Lizard	Large	Beast	0.25	https://www.dndbeyond.com/monsters/16887-giant-lizard	Monster Manual	Wizards of the Coast	19	12	30, climb 30	U	15	12	13	2	10	5	None	None	None	Darkvision 30	None	None																		
Misc. Creature, Giant Owl	Large	Beast	0.25		Monster Manual	Wizards of the Coast	19	12	5, fly 60	U	13	15	12	8	13	10	None	Perception, Stealth	None	Darkvision 120	Own, Common, Elvish, Sylvan	FLyby, Keen Hearing, Keen Sight																		
Misc. Creature, Giant Poisonous Snake	Medium	Beast	0.25		Monster Manual	Wizards of the Coast	11	14	30, swim 30	U	10	18	13	2	10	3	None	Perception	None	Blindsight 10	None	None																		
Misc. Creature, Giant Wolf Spider	Medium	Beast	0.25		Monster Manual	Wizards of the Coast	11	13	40, climb 40	U	12	16	13	3	12	4	None	Perception, Stealth	None	Blindsight 10, darkvision 60	None	Spider Climb, Web Sense, Web Walker																		
Misc. Creature, Panther	Medium	Beast	0.25		Monster Manual	Wizards of the Coast	13	12	50, climb 40	U	14	15	10	3	14	7	None	Perception, Stealth	None	Normal	None	Keen Smell, Pounce																		
Misc. Creature, Riding Horse	Large	Beast	0.25		Monster Manual	Wizards of the Coast	13	10	60	U	16	10	12	2	11	7	None	None	None	Normal	None	None																		
Misc. Creature, Swarm of Bats	Medium	Beast	0.25		Monster Manual	Wizards of the Coast	22	12	fly 30	U	5	15	10	2	12	4	None	None	Bludgeoningres, piercingres, slashingres, charmedimmu, frightenedimmu, paralyzedimmu, petrifiedimmu, proneimmu, restrainedimmu, stunnedimmu	Blindsight 60	None	Echolocation, Keen Hearing Swarm																		
Misc. Creature, Swarm of Rats	Medium	Beast	0.25		Monster Manual	Wizards of the Coast	24	10	30	U	9	11	9	2	10	3	None	None	Bludgeoningres, piercingres, slashingres, charmedimmu, frightenedimmu, paralyzedimmu, petrifiedimmu, proneimmu, restrainedimmu, stunnedimmu	Normal	None	Keen Smell, Swarm																		
Misc. Creature, Swarm of Ravens	Medium	Beast	0.25		Monster Manual	Wizards of the Coast	24	12	10, fly 50	U	6	14	8	3	12	6	None	Perception	Bludgeoningres, piercingres, slashingres, charmedimmu, frightenedimmu, paralyzedimmu, petrifiedimmu, proneimmu, restrainedimmu, stunnedimmu	Normal	None	Swarm																		
Misc. Creature, Wolf	Medium	Beast	0.25	https://roll20.net/compendium/dnd5e/Wolf#content	Monster Manual	Wizards of the Coast	11	13	40	U	12	15	12	3	12	6	None	Perception, Stealth	None	Normal	None	Keen Hearing, Keen Smell, Pack Tactics																		
Modron, Duodrone	Medium	Construct	0.25		Monster Manual	Wizards of the Coast	11	15	30	LN	11	13	12	6	10	7	None	None	None	Truesight 120	Modron	Axiomatic Mind, Disintegration																		
NPC, Acolyte	Medium	Humanoid	0.25		Monster Manual	Wizards of the Coast	9	10	30	ANY	10	10	10	10	14	11	None	Medicine, Religion	None	Normal	Any	Normal Spellcasting																		
Pixie	Tiny	Fey	0.25		Monster Manual	Wizards of the Coast	1	15	10, fly 30	NG	2	20	8	10	14	15	None	Perception, Stealth	None	Normal	Sylvan	Magic Resistance, Innate Spellcasting (Psionics)																		
Pseudodragon	Tiny	Dragon	0.25		Monster Manual	Wizards of the Coast	7	13	15, fly 60	NG	6	15	13	10	12	10	None	Perception, Stealth	None	Blindsight 10, darkvision 60	Common, Draconic	Keen Senses, Magic Resistance, Limited Telepathy																		
Skeleton	Medium	Undead	0.25		Monster Manual	Wizards of the Coast	13	13	30	LE	10	14	15	6	8	5	None	None	Bludgeoningweak, poisonimmu, exhaustionimmu, poisonedimmu	Darkvision 60	Any	None																		[{'name': 'shortsword', 'action_type': 'action', 'attack_type': 'melee', 'hit_modifier': 4, 'range': 5, 'damage': '1d6 + 2', 'damage_type': 'piercing'}, {'name': 'shortbow', 'action_type': 'action', 'attack_type': 'ranged', 'hit_modifier': 4, 'range': 80, 'damage': '1d6 + 2', 'damage_type': 'piercing'}]
Sprite	Tiny	Fey	0.25		Monster Manual	Wizards of the Coast	2	15	10, fly 40	NG	3	18	10	14	13	11	None	Perception, Stealth	None	Normal	Common, Elvish, Sylvan	None																		
Troglodyte	Medium	Humanoid	0.25		Monster Manual	Wizards of the Coast	13	11	30	CE	14	10	14	6	10	6	None	Stealth	None	Darkvision 60	Own	Chameleon Skin, Stench, Sunlight Sensitivity																		
Zombie	Medium	Undead	0.25	https://www.dndbeyond.com/monsters/17077-zombie	Monster Manual	Wizards of the Coast	22	8	20	NE	13	6	16	3	6	5	WIS	None	Poisonimmu, poisonedimmu	Darkvision 60	Any	Undead Fortitude																		
Demon, Abyssal Wretch	Medium	Fiend (Demon)	0.25		Mordenkainen's Tome of Foes	Wizards of the Coast	18	11	20	CE	9	12	11	5	8	5	None	None	Coldres, fireres, lightningres, poisonimmu, charmedimmu, frightenedimmu, poisonedimmu	Darkvision 120	Abyssal	None																		
Derro	Small	Humanoid (Derro)	0.25		Mordenkainen's Tome of Foes	Wizards of the Coast	13	13	30	CE	10	14	12	11	5	9	None	Stealth	None	Darkvision 120	Dwarvish, Undercommon	Magic Resistance, Sunlight Sensitivity																		
Oblex Spawn	Tiny	Ooze	0.25		Mordenkainen's Tome of Foes	Wizards of the Coast	18	13	20	LE	8	16	15	14	11	10	INT, CHA	None	Blindedimmu, charmedimmu, deafenedimmu, exhaustionimmu, proneimmu	Blindsight 60	None	Amorphous, Aversion to Fire																		
Sorrowsworn, The Wretched	Small	Monstrosity	0.25		Mordenkainen's Tome of Foes	Wizards of the Coast	10	15	40	NE	7	12	9	5	6	5	None	None	Darknessres	Darkvision 60	None	Wretched Pack Tactics																		
Star Spawn Grue	Small	Aberration	0.25		Mordenkainen's Tome of Foes	Wizards of the Coast	17	11	30	NE	6	13	10	9	11	6	None	None	Psychicimmu	Darkvision 60	Deep Speech	Aura of Madness																		
Steeder, Male	Medium	Monstrosity	0.25		Mordenkainen's Tome of Foes	Wizards of the Coast	13	12	30, climb 30	U	15	12	14	2	10	3	None	Stealth, Perception	None	Darkvision 120	None	Spider Climb, Extraordinary Leap																		
Tortle	Medium	Humanoid (Tortle)	0.25		Mordenkainen's Tome of Foes	Wizards of the Coast	22	17	30	LG	15	10	12	11	13	12	None	Athletics, Survival	None	Normal	Aquan, Common	Hold Breath																		
Ixitxachitl	Small	Aberration	0.25		Out of the Abyss	Wizards of the Coast	18	15	swim 30	CE	12	16	13	12	13	7	None	None	None	Darkvision 60	Abyssal, Own	None																		
Deku Baba	Medium	Plant	0.25		Plane Shift - Hyrule (★)	u/LeakyLicanthrope	11	12	0	U	12	12	13	4	8	3	None	None	Blindedimmu, charmedimmu, deafenedimmu, frightenedimmu	Blindsight 30	None	False Appearance																		
Octorock	Small	Monstrosity	0.25		Plane Shift - Hyrule (★)	u/LeakyLicanthrope	5	10	30, burrow 50, swim 50	U	8	15	10	4	8	3	None	Stealth	None	Tremorsense	None	Hold Breath																		
Astral Construct	Medium	Construct	0.25		Renewed Psionic	u/devikyn	6	14	40	N	17	15	14	6	11	10																								
Demon, Dretch, Spellcaster	small	Fiend (Demon)	0.25		Skip's Guide to Monsters (★★)	u/Drewfro666	18	11	20	CE	11	11	12	5	8	3	None	None	Coldres, fireres, lightningres, poisonimmu, poisonedimmu	Darkvision 60	Abyssal, telepathy 60	Innate Spellcasting																		
Dragon, Chromatic, Black, Baby	Tiny	Dragon	0.25		Skip's Guide to Monsters (★★)	u/Drewfro666	10	14	30, fly 60, swim 30	CE	11	14	11	8	11	11	DEX, CON, WIS, CHA	Perception, Stealth	Acidimmu	Darkvision 60	None	Amphibious																		
Dragon, Metallic, Copper, Baby	Tiny	Dragon	0.25		Skip's Guide to Monsters (★★)	u/Drewfro666	7	13	30, climb 30, fly 60	CG	11	12	11	12	11	11	DEX, CON, WIS, CHA	Perception, Stealth	Acidimmu	Darkvision 60	None	None																		
Ethereal Marauder	Medium	Aberration	0.25		Skip's Guide to Monsters (★★)	u/Drewfro666	18	13	40	N	14	12	11	7	12	10	None	None	None	Darkvision 60	None	Ethereal Jaunt																		
Krenshar	Medium	Monstrosity	0.25		Skip's Guide to Monsters (★★)	u/Drewfro666	13	11	40	N	11	14	11	6	12	13	None	Perception	None	Darkvision 60	None	Pack Tactics																		
Locathah	Medium	Humanoid	0.25		Skip's Guide to Monsters (★★)	u/Drewfro666	13	11	10, swim 60	N	12	14	10	13	13	11	None	None	None	Normal	Aquan	Water BReathing																		
Misc. Creature, Giant Ant, Worker	Medium	Beast	0.25		Skip's Guide to Monsters (★★)	u/Drewfro666	18	15	50, climb 20	U	10	10	10	1	10	4	None	Perception	None	Blindsight 30, darkvision 60	None	Keen Smell																		
Misc. Creature, Manta Ray	Large	Beast	0.25		Skip's Guide to Monsters (★★)	u/Drewfro666	33	11	swim 30	U	15	11	10	1	10	3	None	None	None	Normal	None	None																		
Misc. Creature, Scorpion, Monstrous, Small	Small	Beast	0.25		Skip's Guide to Monsters (★★)	u/Drewfro666	10	13	20	U	7	13	11	1	9	3	None	None	None	Blindsight 60	None	None																		
Misc. Creature, Spider, Monstrous, Small	Small	Beast	0.25		Skip's Guide to Monsters (★★)	u/Drewfro666	7	12	30, climb 30	U	8	15	11	2	11	3	None	Perception, Stealth	None	Blindsight 10, darkvision 60	None	Spider Climb, Web Sense, Web Walker																		
Sporeback Frog	Small	Plant	0.25		Sprouting Chaos Player's Companion (★★)	u/Jonoman3000	18	11	30, swim 30	U	10	14	8	2	10	3	None	Perception, Stealth	None	Darkvision 30	None	Spore-covered Hide																		
Geonid	Small	Elemental	0.25		The Tortle Package	Wizards of the Coast	26	17	30	N	12	10	16	9	14	11	None	Perception, Stealth	None	Darkvision 60, tremorsense 30	Terran	Boulder Guise																		
Albino Dwarf Warrior	Medium	Humanoid (Dwarf)	0.25		Tomb of Annihilation	Wizards of the Coast	30	13	25	ANY	13	13	17	12	14	11	None	Perception, Stealth, Survival	Poisonres	Darkvision 60	Common, Dwarvish	Dwarven Resilience																		
Tabaxi Minstrel	Medium	Humanoid (Tabaxi)	0.25		Tomb of Annihilation	Wizards of the Coast	22	12	30, climb 20	CG	10	15	11	14	12	16	None	Perception, Performance, Persuasion, Stealth	None	Darkvision 60	COmmon, Any	Feline Agility, Inspire																		
Yellow Musk Zombie	Medium	Undead	0.25		Tomb of Annihilation	Wizards of the Coast	33	9	20	U	13	9	12	1	6	3	None	None	Charmedimmu, exhaustionimmu	Blindsight 30	None	Undead Fortitude																		
exposed evil ninja cyborg	Meduim	Humanoid	0.25	https://docs.google.com/document/d/1bBcn2fHXY9idsQiPRAkNVeI19Kd5YQGr8i6oR3ao6Jw/edit?tab=t.0	Virasco 2000	Shwifty_Meme_Lord	15	11	30	CE	14	14	10	10	10	8	None	None	None	Normal	Common	None																		
intro purple foot clan ninja	Medium	Humanoid	0.25	https://docs.google.com/document/d/1JUiihzhgPS4Rg1ofP1xjbswx8sFso69X1KWdyWuTT78/edit?tab=t.0	Virasco 2000	Shwifty_meme_lord	20	12	30	NE	10	12	12	10	10	10	None	None	WRIEnums.NONE		Common, Thieves Cant	None	5.5	3	FALSE	0	FALSE	0	0	0	0	FALSE	0	0	0	0	0	0	0	
intro green foot clan ninja	Medium	Humanoid	0.25	https://docs.google.com/document/d/1JUiihzhgPS4Rg1ofP1xjbswx8sFso69X1KWdyWuTT78/edit?tab=t.0	Virasco 2000	Shwifty_meme_lord	15	12	30	NE	12	14	10	12	10	10	None	None	WRIEnums.NONE		Common, Thieves Cant	None	8.5	4	FALSE	0	FALSE	0	0	0	0	FALSE	0	0	0	0	0	0	0	
Assorted Beast, Cattle	Large	Beast	0.25		Volo's Guide to Monsters	Wizards of the Coast	15	10	30	U	18	10	14	2	10	4	None	None	None	Normal	None	Charge																		
Dinosaur, Dimetrodon	Medium	Beast	0.25		Volo's Guide to Monsters	Wizards of the Coast	19	12	30, swim 20	U	14	10	15	2	10	5	None	Perception	None	Normal	None	None																		
Dinosaur, Hadrosaurus	Large	Beast	0.25		Volo's Guide to Monsters	Wizards of the Coast	19	11	40	U	15	10	13	2	10	5	None	Perception	None	Normal	None	None																		
Dinosaur, Velociraptor	Tiny	Beast	0.25		Volo's Guide to Monsters	Wizards of the Coast	10	13	30	U	6	14	13	4	12	6	None	Perception	None	Normal	None	Pack Tactics																		
Gnoll Witherling	Medium	Undead	0.25	http://dndroll.wikidot.com/creatures:gnoll-witherling	Volo's Guide to Monsters	Wizards of the Coast	11	12	30	CE	14	8	12	5	5	5	None	None	Poisonimmu, exhaustionimmu, poisonedimmu	Darkvision 60	Gnoll	Rampage																		
Grung	Small	Humanoid (Grung)	0.25		Volo's Guide to Monsters	Wizards of the Coast	11	12	25, climb 25	LE	7	14	15	10	11	10	DEX	Athletics, Perception, Stealth, Survival	Poisonimmu, poisonedimmu	Normal	Own	Amphibious, Poisonous Skin, Standing Leap																		
Kobold Inventor	Small	Humanoid (Kobold)	0.25		Volo's Guide to Monsters	Wizards of the Coast	13	12	30	LE	7	15	12	8	7	8	None	Perception	None	Darkvision 60	Common, Draconic	Pack Tactics, Sunlight Sensitivity																		
NPC, Apprentice Wizard	Medium	Humanoid (Any Race)	0.25		Volo's Guide to Monsters	Wizards of the Coast	9	10	30	ANY	10	10	10	14	10	11	None	Arcana, History	None	Normal	Any	Normal Spellcasting																		
Vegepygmy	Small	Plant	0.25		Volo's Guide to Monsters	Wizards of the Coast	9	13	30	N	7	14	13	6	11	7	None	Perception, Stealth	Lightningres, piercingres	Darkvision 60	Own	Plant Camouflage, Regeneration																		
Mammoth Cyst, Antibody	Medium	Aberration	0.5	https://homebrewery.naturalcrit.com/share/Hyb4CrHRf	Bestiary of the Ancestors (★)	u/LamiaDrake	17	14	0	U	8	6	18	18	12	13	None	None	Proneimmu	Truesight 100	Deep SPeech	Aberrant Biology																		
The Crimson Court, Courtesan	Medium	Monstrosity	0.5	https://homebrewery.naturalcrit.com/share/Hyb4CrHRf	Bestiary of the Ancestors (★)	u/LamiaDrake	30	14	30	NE	8	16	14	12	10	18	None	None	None	Darkvision 60	Common	True Form, Normal Spellcasting																		
The Crimson Court, Esquire	Medium	Monstrosity	0.5	https://homebrewery.naturalcrit.com/share/Hyb4CrHRf	Bestiary of the Ancestors (★)	u/LamiaDrake	32	14	30	NE	12	16	14	12	10	16	None	None	None	Darkvision 60	Common	True Form																		
The Pelagic, Bulwark	Medium	Aberration	0.5	https://homebrewery.naturalcrit.com/share/Hyb4CrHRf	Bestiary of the Ancestors (★)	u/LamiaDrake	31	18	15, swim 30	NE	14	7	14	10	14	10	None	None	None	Darkvision 90	Deep Speech	Aquatic Dependance, Guardian																		
The Rot, Crone	Medium	Humanoid	0.50	https://homebrewery.naturalcrit.com/share/Hyb4CrHRf	Bestiary of the Ancestors (★)	u/LamiaDrake	16	14	30	NE	5	12	14	16	12	12	None	None	None	Darkvision 30	Common	None																		
The Rot, Ectoplasm, Medium	Medium	Ooze	0.5	https://homebrewery.naturalcrit.com/share/Hyb4CrHRf	Bestiary of the Ancestors (★)	u/LamiaDrake	13	10	25	U	14	10	10	1	1	1	None	None	Poisonimmu, exhaustionimmu, poisonedimmu, charmedimmu	Blindsense 50	None	Cytokinesis																		
The Rot, Fungal Bombardier	Small	Plant	0.5	https://homebrewery.naturalcrit.com/share/Hyb4CrHRf	Bestiary of the Ancestors (★)	u/LamiaDrake	62	14	20	U	8	14	16	1	1	1	None	None	Poisonimmu, exhaustionimmu, poisonedimmu, charmedimmu	Blindsense 50	None	None																		
The Rot, Fungal Scratcher	Medium	Plant	0.5	https://homebrewery.naturalcrit.com/share/Hyb4CrHRf	Bestiary of the Ancestors (★)	u/LamiaDrake	139	13	20	U	16	6	16	1	1	1	None	None	Poisonimmu, exhaustionimmu, poisonedimmu, charmedimmu	Blindsense 40	None	Poison Coordination																		
The Swine, Chopper	Medium	Monstrosity	0.5	https://homebrewery.naturalcrit.com/share/Hyb4CrHRf	Bestiary of the Ancestors (★)	u/LamiaDrake	27	13	20	U	16	8	16	4	6	6	None	None	None	Normal	Deep Speech	None																		
The Swine, Drummer	Medium	Monstrosity	0.5	https://homebrewery.naturalcrit.com/share/Hyb4CrHRf	Bestiary of the Ancestors (★)	u/LamiaDrake	22	12	30	U	7	14	12	14	8	10	None	None	None	Normal	Deep Speech	None																		
The Swine, Slasher	Medium	Monstrosity	0.50	https://homebrewery.naturalcrit.com/share/Hyb4CrHRf	Bestiary of the Ancestors (★)	u/LamiaDrake	19	16	30	U	8	14	8	8	8	6	None	None	None	Normal	Deep Speech	Retreating Strike																		
The Unholy, Bone Arbalist	Medium	Undead	0.5	https://homebrewery.naturalcrit.com/share/Hyb4CrHRf	Bestiary of the Ancestors (★)	u/LamiaDrake	15	14	20	U	8	12	10	10	6	6	None	None	Poisonimmu, exhaustionimmu, poisonedimmu	Darkvision 60	Common	None																		
The Unholy, Bone Bulwark	Medium	Undead	0.5	https://homebrewery.naturalcrit.com/share/Hyb4CrHRf	Bestiary of the Ancestors (★)	u/LamiaDrake	22	17	20	U	16	6	16	6	6	6	None	None	Poisonimmu, exhaustionimmu, poisonedimmu	Darkvision 60	Common	Defender																		
The Unholy, Bone Courtier	Medium	Undead	0.5	https://homebrewery.naturalcrit.com/share/Hyb4CrHRf	Bestiary of the Ancestors (★)	u/LamiaDrake	13	12	25	LE	6	14	10	14	6	6	None	None	Poisonimmu, exhaustionimmu, poisonedimmu	Darkvision 60	Common	Noble Disregard																		
The Unholy, Bone Pikeman	Medium	Undead	0.5	https://homebrewery.naturalcrit.com/share/Hyb4CrHRf	Bestiary of the Ancestors (★)	u/LamiaDrake	14	13	30	U	10	14	12	8	6	6	None	None	Poisonimmu, exhaustionimmu, poisonedimmu	Darkvision 60	Common	None																		
The Unholy, Skeleton Soldier Variant	Medium	Undead	0.5	https://homebrewery.naturalcrit.com/share/Hyb4CrHRf	Bestiary of the Ancestors (★)	u/LamiaDrake	13	13	30	U	12	10	12	6	6	6	None	None	Poisonimmu, exhaustionimmu, poisonedimmu	Darkvision 30	Common	Organize Rabble																		
Beauty Siren	Medium	Monstrosity	0.5		Book of Beautiful Horrors (★★)	u/regerem	22	11	10, fly 40, swim 40	CN	12	13	10	8	10	14	None	Performance	None	Normal	Aquan, Common	Clumsy Moves, Limited Amphibiousness																		
Drowner	Medium	Undead	0.5	https://www.dandwiki.com/wiki/Drowner_(5e_Creature)	Book of Beautiful Horrors (★★)	u/regerem	22	12	30, burrow 10, swim 30	CE	13	15	10	5	10	6	None	Stealth	Fireweak, radiantweak, poisonimmu, charmedimmu, exhaustionimmu, poisonedimmu	Blindsight 30, darkvision 60	None	Pack Tactics																		
Kikimore Worker	Small	Monstrosity	0.50		Book of Beautiful Horrors (★★)	u/regerem	13	14	40, burrow 20	U	10	16	13	3	12	4	None	None	Poisonimmu, poisonedimmu	Darkvision 60, tremorsense 30	None	Pack Tactics, Swarm Mind, Virulent Venom																		
Zombie, Feral	Medium	Undead	0.50	https://dr-eigenvalue.github.io/bestiary/creature/feral-zombie	Book of Beautiful Horrors (★★)	u/regerem	22	12	30	NE	12	14	16	3	7	6	None	None	Poisonimmu, poisonedimmu	Darkvision 60	Alive	Aggressive, Undead Fortitude																		
NPC, Rifle Guard Sergeant	Medium	Humanoid (Any Race)	0.5		City and Wild (★★)	u/AeronDrake	32	16	30	ANY	16	15	14	11	12	13	None	Perception, Persuasion	None	Normal	Any	None																		
NPC, Sergeant	Medium	Humanoid (Any Race)	0.5		City and Wild (★★)	u/AeronDrake	32	16	30	ANY	16	15	14	11	12	13	None	Perception, Persuasion	None	Normal	Any	None																		
Cruorbeast, Bat	Large	Undead	0.50		Dark Arts Player's Companion (☪)	u/Jonoman3000	30	13	10, fly 60	U	17	16	15	6	12	8	None	None	None	Blindsight 60	None	Echolocation, Keen Hearing, Regeneration																		
Fleshling	Medium	Humanoid (Fleshling)	0.5		Dark Arts Player's Companion (☪)	u/Jonoman3000	22	12	30	CE	15	13	17	9	12	10	None	Athletics	None	Normal	Common, Own	Reknit Flesh																		
Seafallen Crew	Medium	Undead	0.50		Dark Arts Player's Companion (☪)	u/Jonoman3000	22	12	20, swim 20	NE	13	10	16	4	7	5	None	None	Poisonimmu, poisonedimmu	Darkvision 60	Alive	Undead Fortitude, Weakly Armored																		
Swarm of Maggots	Medium	Beast	0.5		Dark Arts Player's Companion (☪)	u/Jonoman3000	22	12	20, climb 20	U	3	12	10	1	7	1	None	None	Bludgeoningres, piercingres, slashingres, charmedimmu, frightenedimmu, apralyzedimmu, eptrifiedimmu, proneimmu, restrainedimmu, stunnedimmu	Blindsight 10	None	Swarm																		
Ssurran Warrior	Medium	Humanoid	0.5		Dark Sun Stat Blocks (★)	u/Auquid	18	13	30	LN OR LE	15	11	11	10	12	9	None	None	Fireres	Normal	Draconic	None																		
Tari Animal Handler	Medium	Humanoid	0.5		Dark Sun Stat Blocks (★)	u/Auquid	18	12	30	U	11	14	10	9	14	8	DEX, WIS	Stealth, Animal Handling	Poisonres	Darkvision 60	Own	Pack Tactics, Beast Training																		
Demon, Abetere	Medium	Fiend (Demon)	0.5		Demons, Lot of Demons (★★★★)	u/dgscott	18	12	40, fly 60	CE	14	14	10	7	14	6	None	Perception, Stealth	Coldres, fireres, lightningres, poisonimmu, poisonedimmu	Darkvision 120	Abyssal, telepathy 120	Ambusher, Flyby																		
Gnoll Rot-Walker	Medium	Undead	0.5		Fighting Chance (r/d100)	u/The-Unapproachable	22	9	20	CE	14	8	16	5	5	5	None	None	Poisonimmu, exhaustionimmu, poisonedimmu	Darkvision 60	Own	Cackle Fever Carrier, Rampage, Undead FOrtitude																		
Baneguard	Medium	Undead	0.5		Forgotten Realms Stat Blocks (★★★)	u/Drewfro666	39	12	30	LE	12	11	15	9	12	13	None	None	Bludgeoningweak, poisonimmu, exhaustionimmu, poisonedimmu	Darkvision 60	Alive	Ethereal Jaunt																		
Baneguard, Direguard	Medium	Undead	0.5		Forgotten Realms Stat Blocks (★★★)	u/Drewfro666	39	13	30	LE	12	11	15	9	12	13	None	None	Bludgeoningweak, poisonimmu, exhaustionimmu, poisonedimmu	Darkvision 60, truesight 60	Alive	Ethereal Jaunt																		
Bat, Deep, Night Hunter	Medium	Beast	0.5		Forgotten Realms Stat Blocks (★★★)	u/Drewfro666	27	13	10, fly 50	NE	10	16	13	11	11	10	None	Stealth	None	Darkvision 120	None	None																		
Chosen One	Medium	Monstrosity	0.5		Forgotten Realms Stat Blocks (★★★)	u/Drewfro666	18	11	30	CE	11	13	11	6	12	10	None	None	None	Darkvision 60	Common, Own	None																		
Dwarf, Arctic	Small	Humanoid (Dwarf)	0.5		Forgotten Realms Stat Blocks (★★★)	u/Drewfro666	13	11	25	LN	17	9	16	10	11	8	None	None	Poisonres, coldimmu	Darkvision 60	Common, Dwarvish	Dwarven Resilience																		
Dwarf, Groundling	Medium	Monstrosity	0.5		Forgotten Realms Stat Blocks (★★★)	u/Drewfro666	26	14	20, burrow 30	LE	15	14	16	5	12	6	None	None	Poisonres	Normal	COmmon, Dwarvish	Dwarven Resilience, Keen Smell, Tunnel Fighter																		
Fey'ri	Medium	Fiend	0.5		Forgotten Realms Stat Blocks (★★★)	u/Drewfro666	17	15	30, fly 40	CE	10	16	9	15	12	15	None	Deception, Perception, Stealth	None	Darkvision 60	Abyssal, Elvish, Common	Shapechanger, Demonic Abilities, Fey Ancestry																		
Goblin, Dekanter	Medium	Monstrosity	0.5		Forgotten Realms Stat Blocks (★★★)	u/Drewfro666	26	14	20	LE	17	12	14	12	13	9	None	None	Coldres	Normal	Goblin, Undercommon	Regeneration																		
Zombie, Tyrantfog	Medium	Undead	0.50		Forgotten Realms Stat Blocks (★★★)	u/Drewfro666	45	10	30	NE	15	10	16	6	13	13	None	None	Nonmagicalres, poisonimmu, poisonedimmu	Normal	Alive	Sickening Cloud																		
Slime, Chain	Small	Ooze	0.5		Handbook of Slime Rheology (★★)	u/_Metabot	50	12	20	U	15	14	12	8	6	1	None	None	Blindedimmu, charmedimmu, deafenedimmu, exhaustionimmu, frightenedimmu, proneimmu	Blindsight 60	None	Amorphous, Spider Climb, Coordinated Slime																		
Slime, Fly	Large	Ooze	0.5		Handbook of Slime Rheology (★★)	u/_Metabot	45	13	30, fly 30	U	11	14	11	2	6	8	None	None	Blindedimmu, charmedimmu, deafenedimmu, exhaustionimmu, frightenedimmu, proneimmu	Blindsight 30	None	Compatible Rheology																		
Slime, Rock	Medium	Ooze	0.5		Handbook of Slime Rheology (★★)	u/_Metabot	36	10	35	U	15	10	14	2	6	1	None	None	Forceres, blindedimmu, charmedimmu, deafenedimmu, frightenedimmu, proneimmu	Blindsight 60	None	Amorphous, Spider Climb, Rheopectic Hardening																		
Slime, Whip	Medium	Ooze	0.5		Handbook of Slime Rheology (★★)	u/_Metabot	65	13	30	U	11	16	14	2	6	1	None	None	Blindedimmu, charmedimmu, deafenedimmu, exhaustionimmu, frightenedimmu, proneimmu	Blindsight 60	None	Amorphous, Spider Climb, Thixotropic Acceleration																		
Ambush Drake	Medium	Dragon	0.50		Hoard of the Dragon Queen	Wizards of the Coast	22	13	30	U	13	15	14	4	11	6	None	Perception, Stealth	Poisonres	Darkvision 60	Draconic	Pack Tactics, Surprise Attack																		
Bloodsucker Worms	Medium	Beast	0.50	https://dmdave.com/jacks-monsters-1/	https://dmdave.com/jacks-monsters-1/	u/hamrickbrands	27	12	20, climb 20	U	3	13	12	1	7	1																								
Giratle	Large	Beast	0.5	https://i.redd.it/hvz1dgaztw631.jpg	https://i.redd.it/hvz1dgaztw631.jpg	u/CinderblockSally	19	17	50	U	18	10	12	2	12	6																								
Creeper	Medium	Monstrosity	0.5	https://i.redd.it/zvyzt4osbrb31.png	https://i.redd.it/zvyzt4osbrb31.png	u/Kyle_Caporgno	9	13	30	U	8	16	10	3	10	5																								
NPC, Technothug	Medium	Humanoid (Any Race)	0.50	https://www.reddit.com/r/monsteraday/comments/3rx71v/day_83_technothug/	https://www.reddit.com/r/monsteraday/comments/3rx71v/day_83_technothug/	StoneStrix																																		
Goblin Alchemist	Small	Humanoid (Goblinoid)	0.5	https://www.reddit.com/r/monsteraday/comments/3sasfq/day_86_goblin_alchemist_and_ritualist/	https://www.reddit.com/r/monsteraday/comments/3sasfq/day_86_goblin_alchemist_and_ritualist/	StoneStrix																																		
Goblin Ritualist	Small	Humanoid (Goblinoid)	0.5	https://www.reddit.com/r/monsteraday/comments/3sasfq/day_86_goblin_alchemist_and_ritualist/	https://www.reddit.com/r/monsteraday/comments/3sasfq/day_86_goblin_alchemist_and_ritualist/	StoneStrix																																		
Crowlock	Tiny	Monstrosity	0.5	https://www.reddit.com/r/monsteraday/comments/3tbisl/day_94_crowlock/	https://www.reddit.com/r/monsteraday/comments/3tbisl/day_94_crowlock/	StoneStrix																																		
Chamaelean	Small	Humanoid (Chamaelean)	0.5	https://www.reddit.com/r/monsteraday/comments/3tubf2/day_98_chamaelean/	https://www.reddit.com/r/monsteraday/comments/3tubf2/day_98_chamaelean/	StoneStrix																																		
Pustule, Necrotic	Tiny	Aberration	0.5	https://www.reddit.com/r/monsteraday/comments/65xirj/day_36_necrotic_pustule/	https://www.reddit.com/r/monsteraday/comments/65xirj/day_36_necrotic_pustule/	1d6Adventurers																																		
Blood of Yurtrus	Medium	Ooze	0.5	https://www.reddit.com/r/monsteraday/comments/66cmdx/day_38_orc_cystid_of_yurtrus/	https://www.reddit.com/r/monsteraday/comments/66cmdx/day_38_orc_cystid_of_yurtrus/	1d6Adventurers																																		
NPC, Pygmy Hunter	Small	Humanoid (Any Race)	0.5	https://www.reddit.com/r/monsteraday/comments/684ljy/day_45_pygmies/	https://www.reddit.com/r/monsteraday/comments/684ljy/day_45_pygmies/	1d6Adventurers																																		
Metal-Head Skeleton	Medium	Undead	0.50	https://homebrewery.naturalcrit.com/share/rJuSgBUHb	https://www.reddit.com/r/monsteraday/comments/6nb2cs/day_100_bonanza/	1d6Adventurers																																		
Metal-Head Zombie	Medium	Undead	0.5	https://www.reddit.com/r/monsteraday/comments/6nb2cs/day_100_bonanza/	https://www.reddit.com/r/monsteraday/comments/6nb2cs/day_100_bonanza/	1d6Adventurers																																		
Zombie, Ivylash	Medium	Undead	0.5	https://www.reddit.com/r/monsteraday/comments/6u45vt/day_123_ivylash_zombie/	https://www.reddit.com/r/monsteraday/comments/6u45vt/day_123_ivylash_zombie/	1d6Adventurers																																		
Shield Bug	Small	Beast	0.5	https://www.reddit.com/r/monsteraday/comments/72ekrz/day_151_shield_bug_helmet_crab/	https://www.reddit.com/r/monsteraday/comments/72ekrz/day_151_shield_bug_helmet_crab/	1d6Adventurers																																		
Drop Bear	Small	Beast	0.50	https://homebrewery.naturalcrit.com/share/HJkZPsYlf	https://www.reddit.com/r/monsteraday/comments/7g6yxn/day_197_drop_bear/	1d6Adventurers																																		
Marshcat	Tiny	Monstrosity	0.5	https://www.reddit.com/r/monsteraday/comments/8gakno/day_307_marshcat/	https://www.reddit.com/r/monsteraday/comments/8gakno/day_307_marshcat/	1d6Adventurers																																		
Dinosaur, Dilophosaurus	Large	Beast	0.5		Ixor's Manual of Monstrous Findings (★★)	u/thorn1993	37	13	40	U	8	15	14	3	12	8	None	Perception	None	Normal	None	None																		
Misc. Creature, Leech, Swarm	Medium	Beast	0.5		Ixor's Manual of Monstrous Findings (★★)	u/thorn1993	33	9	5, swim 30	U	16	8	12	1	8	3	None	Athletics, Stealth	Bludgeoningres, piercingres, slashingres, fireweak, charmedimmu, frightenedimmu, paralyzedimmu, petrifiedimmu, proneimmu, restrainedimmu, stunnedimmu	Blindsight 30	None	Slippery Stealth, Swarm																		
Wrackspawn	Medium	Fiend	0.5		Mike Mearls' Fiends (★)	Mike Mearls	22	11	20	CE	13	8	17	7	10	9	None	None	Charmedimmu, frightenedimmu	Darkvision 30	Common, Undercommon	Share the Pain																		
NPC, Police Officer	Medium	Humanoid (Any Race)	0.5	https://www.gmbinder.com/share/-M8CqWP2BL4GITsgyDM2#:~:text=Police%20Officer	Modern Handbook (★★)	u/AeronDrake	16	15	30	ANY	11	14	12	11	13	10	None	Perception, Persuasion	Piercingres	Normal	Any	None																		
Amphibian, Zamite	Medium	Beast	0.50		Monster Hunter's Manual (★★★★)	u/Amellwind	27	13	20, burrow 30	U	15	12	12	1	11	4	None	Stealth	Coldimmu	Darkvision 60, tremorsense 60	None	Pack Tactics																		
Carapaceon, Ceanataur	Small	Beast	0.50		Monster Hunter's Manual (★★★★)	u/Amellwind	44	14	30, burrow 20	U	15	13	14	5	10	9	None	None	None	Darkvision 60, tremorsense 60	None	Scuttle																		
Carapaceon, Hermitaur	Small	Beast	0.5		Monster Hunter's Manual (★★★★)	u/Amellwind	49	15	30, burrow 20	U	15	13	14	5	10	9	None	None	None	Darkvision 60, tremorsense 60	None	Scuttle																		
Fanged Beast, Conga	Medium	Beast	0.50		Monster Hunter's Manual (★★★★)	u/Amellwind	19	12	30, climb 30	U	16	14	14	6	12	7	None	Acrobatics, Perception	None	Normal	None	None																		
Leviathan, Uroktor	Medium	Dragon	0.5		Monster Hunter's Manual (★★★★)	u/Amellwind	55	12	30, burrow 30	U	14	10	12	3	8	7	None	None	None	Tremorsense 60	None	None																		
Theropod, Giaprey	Medium	Beast	0.50		Monster Hunter's Manual (★★★★)	u/Amellwind	16	10	30	U	12	11	12	2	8	5	None	None	Coldres	Normal	None	Ice Walk, Aggressive																		
Theropod, Ioprey	Medium	Beast	0.5		Monster Hunter's Manual (★★★★)	u/Amellwind	22	11	30	U	14	11	12	2	8	5	None	None	None	Normal	None	Aggressive																		
Theropod, Jaggi	Medium	Beast	0.5		Monster Hunter's Manual (★★★★)	u/Amellwind	26	11	30	U	15	13	14	2	8	5	None	None	None	Normal	None	Pack Tactics																		
Theropod, Velociprey	Medium	Beast	0.5		Monster Hunter's Manual (★★★★)	u/Amellwind	26	11	30	U	15	13	14	10	8	5	None	None	None	Normal	None	Aggressive																		
Wyvern, Fanged, Jagras	Medium	Dragon	0.5		Monster Hunter's Manual (★★★★)	u/Amellwind	19	11	40	U	15	10	14	2	12	7	None	None	None	Normal	None	None																		
Blight, Vine	Medium	Plant	0.5		Monster Manual	Wizards of the Coast	26	12	30	NE	15	8	14	5	10	3	None	None	Blindedimmu, deafenedimmu	Blindsight 60	Common	False Appearance																		
Cockatrice	Small	Monstrosity	0.5		Monster Manual	Wizards of the Coast	27	11	20, fly 40	U	6	12	12	2	13	5	None	None	None	Darkvision 60	None	None																		
Darkmantle	Small	Monstrosity	0.5		Monster Manual	Wizards of the Coast	22	11	10, fly 30	U	16	12	13	2	10	5	None	Stealth	None	Blindsight 60	None	Echolocation,  False Appearance																		
Fungus, Gas Spore	Large	Plant	0.5		Monster Manual	Wizards of the Coast	1	5	fly 10	U	5	1	3	1	1	1	None	None	Poisonimmu, blindedimmu, deafenedimmu, frightenedimmu, paralyzedimmu, poisonedimmu, proneimmu	Blindsight 30	None	Death Burst, Eerie Resemblance																		
Gnoll	Medium	Humanoid	0.5		Monster Manual	Wizards of the Coast	22	15	30	CE	14	12	11	6	10	7	None	None	None	Darkvision 60	Gnoll	Rampage																		
Gnome, Deep (Svirfneblin)	Small	Humanoid	0.50		Monster Manual	Wizards of the Coast	16	15	20	NG	15	14	14	12	10	9	None	Investigation, Perception, Stealth	None	Darkvision 120	Gnomish, Terran, Undercommon	Stone Camouflage, Gnome Cunning, Innate Spellcasting																		
Hobgoblin	Medium	Humanoid	0.5		Monster Manual	Wizards of the Coast	11	18	30	LE	13	12	12	10	10	9	None	None	None	Darkvision 60	Common, Goblin	Martial Advantage																		
Jackalwere	Medium	Humanoid	0.5		Monster Manual	Wizards of the Coast	18	12	40	CE	11	15	11	13	11	10	None	Deception, Perception, Stealth	Nonmagicalimmu, nonsilveredimmu	Normal	Common	Shapechanger, Keen Hearing, Keen Smell, Pack Tactics																		
Lizardfolk	Medium	Humanoid	0.50		Monster Manual	Wizards of the Coast	22	15	30, swim 30	N	15	10	13	7	12	7	None	Perception, Stealth, Survival	None	Normal	Draconic	Hold Breath																		
Magmin	Small	Elemental	0.50	https://roll20.net/compendium/dnd5e/Magmin#content	Monster Manual	Wizards of the Coast	9	14	30	CN	7	15	12	8	11	10	None	None	Nonmagicalres, fireimmu	Darkvision 60	Ignan	Death Burst, Ignited Illumination																		
Mephit, Dust	Small	Elemental	0.5		Monster Manual	Wizards of the Coast	17	12	30, fly 30	NE	5	14	10	9	11	10	None	Perception, Stealth	Fireweak, poisonimmu, poisonedimmu	Darkvision 60	Auran, Terran	Death Burst, Innate Spellcasting																		
Mephit, Ice	Small	Elemental	0.50		Monster Manual	Wizards of the Coast	21	11	30, fly 30	NE	7	13	10	9	11	12	None	Perception, Stealth	Bludgeoningweak, fireweak, coldimmu, poisonimmu, poisonedimmu	Darkvision 60	Aquan, Auran	Death Burst, False Appearance, Innate Spellcasting																		
Mephit, Magma	Small	Elemental	0.5		Monster Manual	Wizards of the Coast	22	11	30, fly 30	NE	8	12	12	7	10	10	None	Stealth	Coldweak, fireimmu, poisonimmu	Darkvision 60	Ignan, Terran	Death Burst, False Appearance, Innate Spellcasting																		
Misc. Creature, Ape	Medium	Beast	0.5	https://www.dndbeyond.com/monsters/16788-ape	Monster Manual	Wizards of the Coast	19	12	30, climb 30	U	16	14	14	6	12	7	None	Athletics, Perception	None	Normal	None	None																		
Misc. Creature, Black Bear	Medium	Beast	0.5	https://www.dndbeyond.com/monsters/16806-black-bear	Monster Manual	Wizards of the Coast	19	11	40, climb 30	U	15	10	14	2	12	7	None	Perception	None	Normal	None	Keen Smell																		
Misc. Creature, Crocodile	Large	Beast	0.5	https://www.dndbeyond.com/monsters/16834-crocodile	Monster Manual	Wizards of the Coast	19	12	20, swim 30	U	15	10	13	2	10	5	None	Stealth	None	Normal	None	Hold Breath																		
Misc. Creature, Giant Goat	Large	Beast	0.5	https://www.dndbeyond.com/monsters/16885-giant-goat	Monster Manual	Wizards of the Coast	19	11	40	U	17	11	12	3	12	6	None	None	None	Normal	None	Charge, Sure-Footed																		
Misc. Creature, Giant Sea Horse	Large	Beast	0.5	https://www.dndbeyond.com/monsters/16893-giant-sea-horse	Monster Manual	Wizards of the Coast	16	13	swim 40	U	12	15	11	2	12	5	None	None	None	Normal	None	Charge, Water Breathing																		
Misc. Creature, Giant Wasp	Medium	Beast	0.50	https://www.dndbeyond.com/monsters/16898-giant-wasp	Monster Manual	Wizards of the Coast	13	12	10, fly 50	U	10	14	10	1	10	3	None	None	None	Normal	None	None																		
Misc. Creature, Reef Shark	Medium	Beast	0.5	https://www.dndbeyond.com/monsters/16994-reef-shark	Monster Manual	Wizards of the Coast	22	12	swim 40	U	14	13	13	1	10	4	None	Perception	None	Blindsight 30	None	Pack Tactics, Water Breathing																		
Misc. Creature, Swarm of Insects	Medium	Beast	0.5	https://www.dndbeyond.com/monsters/17029-swarm-of-insects	Monster Manual	Wizards of the Coast	22	12	20, climb 20	U	3	13	10	1	7	1	None	None	Bludgeoningres, piercingres, slashingres, charmedimmu, frightenedimmu, paralyzedimmu, petrifiedimmu, proneimmu, restrainedimmu, stunnedimmu	Blindsight 10	None	Swarm																		
Misc. Creature, Warhorse	Large	Beast	0.5	https://www.dndbeyond.com/monsters/17049-warhorse	Monster Manual	Wizards of the Coast	19	11	60	U	18	12	13	2	12	7	None	None	None	Normal	None	Trampling Charge																		
Misc. Creature, Worg	Large	Monstrosity	0.5	https://www.dndbeyond.com/monsters/17063-worg	Monster Manual	Wizards of the Coast	26	13	50	NE	16	13	13	7	11	8	None	Perception	None	Darkvision 60	Goblin, Own	Keen Hearing, Keen Smell																		
Modron, Tridrone	Medium	Construct	0.5		Monster Manual	Wizards of the Coast	16	15	30	LN	12	13	12	9	10	9	None	None	None	Truesight 120	Modron	Axiomatic Mind, Disintegration																		
Myconid Adult	Medium	Plant	0.50		Monster Manual	Wizards of the Coast	22	12	20	LN	10	10	12	10	13	7	None	None	None	Darkvision 120	None	Distress Spores, Sun Sickness																		
NPC, Scout	Medium	Humanoid	0.5		Monster Manual	Wizards of the Coast	16	13	30	ANY	11	14	12	11	13	11	None	Nature, Perception, Stealth, Survival	None	Normal	Any	Keen Hearing, Keen Sight																		
NPC, Thug	Medium	Humanoid	0.5		Monster Manual	Wizards of the Coast	32	11	30	NOT GOOD	15	11	14	10	10	11	None	Intimidation	None	Normal	Any	Pack Tactics																		
Ooze, Gray	Medium	Ooze	0.5		Monster Manual	Wizards of the Coast	22	8	10, climb 10	U	12	6	16	1	6	2	None	Stealth	Acidres, coldres, fireres, blindedimmu, charmedimmu, deafenedimmu, exhaustionimmu, frightenedimmu, proneimmu	Blindsight 60	None	Amorphous, Corrode Metal, False Appearance																		
Orc	Medium	Humanoid	0.5		Monster Manual	Wizards of the Coast	15	13	30	CE	16	12	16	7	11	10	None	Intimidation	None	Darkvision 60	Common, Orc	Aggressive																		
Piercer	Medium	Monstrosity	0.5		Monster Manual	Wizards of the Coast	22	15	5, climb 5	U	10	13	16	1	7	3	None	Stealth	None	Blindsight 30, darkvision 60	None	False Appearance, Spider Climb																		
Rust Monster	Medium	Monstrosity	0.5		Monster Manual	Wizards of the Coast	27	14	40	U	13	12	13	2	13	6	None	None	None	Darkvision 60	None	Iron Scent, Rust Metal																		
Sahuagin	Medium	Humanoid	0.5		Monster Manual	Wizards of the Coast	22	12	30, swim 40	LE	13	11	12	12	13	9	None	Perception	None	Darkvision 120	Own	Blood Frenzy, Limited Amphibious, Shark Telepathy																		
Satyr	Medium	Fey	0.5		Monster Manual	Wizards of the Coast	31	14	40	CN	12	16	11	12	10	14	None	Perception, Performance, Stealth	None	Normal	Common, Elvish, Sylvan	Magic Resistance																		
Shadow	Medium	Undead	0.5		Monster Manual	Wizards of the Coast	16	12	40	CE	6	14	13	6	10	8	None	Stealth	Radiantweak, acidres, coldres, fireres, lightningres, thunderres, nonmagicalres, necroticimmu, poisonimmu, exhaustionimmu, frightenedimmu, grappledimmu, paralyzedimmu, petrifiedimmu, poisonedimmu, proneimmu, restrainedimmu	Darkvision 60	None	Amorphous, Shadow Stealth, Sunlight Weakness																		
Skeleton, Warhorse	Large	Undead	0.5		Monster Manual	Wizards of the Coast	22	13	60	LE	18	12	15	2	8	5	None	None	Bludgeoningweak, poisonimmu, exhaustionimmu, poisonedimmu	Darkvision 60	None	None																		
Aaracokra Sharpshooter	Medium	Humanoid	0.5		Monster Module (★★★★)	u/Jonoman3000	22	13	20, fly 50	NG	11	17	12	10	14	11	None	Perception	None	Normal	Aaracokra, Own, Auran	Skirmisher																		
Animated Object, Animator's Wand	Tiny	Construct	0.5		Monster Module (★★★★)	u/Jonoman3000	13	11	fly 30	U	7	12	14	1	5	1	CON	None	Poisonimmu, psychicimmu, blindedimmu, charmedimmu, deafenedimmu, frightenedimmu, paralyzedimmu, petrifiedimmu, poisonedimmu	Blindsight 60	None	Antimagic Susceptibility, False Appearance, Normal Spellcasting																		
Animated Object, Flying Shield	Small	COnstruct	0.50		Monster Module (★★★★)	u/Jonoman3000	33	17	fly 40	U	12	15	14	1	5	1	DEX	None	Poisonimmu, psychicimmu, blindedimmu, charmedimmu, deafenedimmu, frightenedimmu, paralyzedimmu, petrifiedimmu, poisonedimmu	Blindsight 60	None	ANtimagic Susceptibility, False Appearance																		
Animated Object, Sack of Smothering	Small	COnstruct	0.5		Monster Module (★★★★)	u/Jonoman3000	18	12	fly 30	U	14	15	12	1	3	1	DEX	None	Poisonimmu, psychicimmu, blindedimmu, charmedimmu, deafenedimmu, frightenedimmu, paralyzedimmu, petrifiedimmu, poisonedimmu	Blindsight 60	None	Antimagic Susceptiblity, Damage Transfer, False Appearance																		
Blight, Wood	Medium	Plant	0.5		Monster Module (★★★★)	u/Jonoman3000	37	14	20	NE	15	11	17	5	10	3	None	None	Fireweak, blindedimmu	Blindsight 60	Common	None																		
Bullywug Hunter	Medium	Humanoid	0.5		Monster Module (★★★★)	u/Jonoman3000	33	14	20, swim 40	NE	14	16	13	7	11	7	None	Stealth	None	Normal	Bullywug, Own	Amphibious, Speak with Frogs, Speak with Toads, Standing Leap, Swamp Camouflage																		
Devil, Nupperibo	Medium	Fiend (Devil)	0.5		Mordenkainen's Tome of Foes	Wizards of the Coast	11	13	20	LE	16	11	13	3	8	1	None	Perception	Acidres, coldres, nonmagicalres, nonsilveredres, fireimmu, poisonimmu, blindedimmu, charmedimmu, frightenedimmu, poisonedimmu	Blindsight 10	Infernal	Cloud of Vermin, Hunger-Driven																		
Skulk	Medium	Humanoid	0.5		Mordenkainen's Tome of Foes	Wizards of the Coast	18	14	30	CN	6	19	10	10	7	1	CON	Stealth	Radiantimmu, blindedimmu	Darkvision 120	Common	Fallible Invisibility, Trackless																		
Black Earth, Sacred Stone Monk	Medium	Humanoid (Human)	0.5		Princes of the Apocalypse	Wizards of the Coast	22	14	40	LE	13	15	12	10	14	9	None	Acrobatics, Athletics, Perception	None	Tremorsense 10	Common	Unarmored Defense, Unarmored Movement																		
Crushing Wave Reaver	Medium	Humanoid (Human)	0.5		Princes of the Apocalypse	Wizards of the Coast	22	14	30	NE	15	14	13	10	11	8	None	Athletics, Stealth	None	Normal	Common	None																		
Dried One	Medium	Undead	0.5		Single (★)	u/ExtremeAutist	20	7	15	NE	13	6	16	3	6	1	None	None	Poisonimmu	Darkvision 60	Common	Saline Persistance, Dessicated Body																		
Ostrich, Armored	Medium	Beast	0.5		Single (★★★)	u/HumansWillComeForYou	19	14	50	U	14	12	12	3	10	5	None	None	Exhaustedimmu	Normal	Common, Creator	Charge, Mount, Swift Footed																		
Elemental, Small, Air	Small	Elemental	0.5		Skip's Guide to Monsters (★★)	u/Drewfro666	10	13	fly 90	U	10	16	10	4	10	6	None	None	Lightningres, thunderres, poisonimmu, exhaustionimmu, grappledimmu, paralyzedimmu, petrifiedimmu, poisonedimmu, proneimmu, restraineidmmu, unconsciousimmu	Darkvision 60	Auran	Air Form																		
Elemental, Small, Earth	Small	Elemental	0.5		Skip's Guide to Monsters (★★)	u/Drewfro666	19	13	30, burrow 30	U	16	8	16	3	10	5	None	None	Thunderweak, poisonimmu, exhaustionimmu, paralyzedimmu, petrifiedimmu, poisonedimmu, unconsciousimmu	Darkvision 60, tremorsense 60	Terran	Earth Glide, Siege Monster																		
Elemental, Small, Fire	Small	Elemental	0.5		Skip's Guide to Monsters (★★)	u/Drewfro666	13	12	50	U	6	15	12	4	10	7	None	None	FIreimmu, poisonimmu, exhaustionimmu, grappledimmu, paralyzedimmu, petrifiedimmu, poisonedimmu, proneimmu, restrainedimmu, unconsciousimmu	Darkvision 60	Ignan	FIre Form, Illumination, Water Susceptibility																		
Elemental, Small, Water	Small	Elemental	0.5		Skip's Guide to Monsters (★★)	u/Drewfro666	16	12	30, swim 90	U	14	10	14	3	10	8	None	None	Acidires, poisonimmu, exhausitonimmu, grappledimmu, paralyzedimmu, petrifiedimmu, poisonedimmu, proneimmu, restrainedimmu, unconsciousimmu	Darkvision 60	Aquan	Water Form, Freeze																		
Misc. Creature, Bombardier Beetle, Giant	Medium	Beast	0.50		Skip's Guide to Monsters (★★)	u/Drewfro666	26	14	30	U	13	10	14	1	10	4	None	None	None	Blindsight 10, darkvision 60	None	None																		
Misc. Creature, Centipede, Monstrous, Med.	Medium	Beast	0.5		Skip's Guide to Monsters (★★)	u/Drewfro666	11	13	40, climb 40	U	9	14	12	1	7	3	None	None	None	Blindsight 30	None	None																		
Misc. Creature, GIant Ant, Soldier	Medium	Beast	0.5		Skip's Guide to Monsters (★★)	u/Drewfro666	22	15	50, climb 20	U	14	10	13	1	10	5	None	Perception	None	Blindsight 30, darkvision 60	None	Keen Smell																		
Salamander, Flamebrother	Small	Elemental	0.5		Skip's Guide to Monsters (★★)	u/Drewfro666	22	13	30	NE	12	13	14	9	10	10	None	None	Coldweak, fireimmu	Darkvision 60	Ignan	Heated Body, Heated Weapons																		
Shocker Lizard	Small	Monstrosity	0.5		Skip's Guide to Monsters (★★)	u/Drewfro666	18	13	40, climb 20, swim 20	U	10	15	13	3	12	6	None	None	Lightningimmu	Darkvision 60	None	Electricity Sense																		
Skum	Medium	Aberration	0.5		Skip's Guide to Monsters (★★)	u/Drewfro666	26	11	20, swim 40	LE	19	13	15	10	10	6	None	Perception, Stealth	None	Darkvision 60	Aquan	Amphibious, Aquatic Hunter																		
Triton	Medium	Elemental	0.50		Skip's Guide to Monsters (★★)	u/Drewfro666	16	14	5, swim 40	NG	12	10	12	13	13	11	None	None	None	Darkvision 60	Common, Aquan	None																		
Misc. Creature, Spider, Swarm	Medium	Beast	0.5		Spiderdragon (☪★)	u/HumansWillComeForYou	22	12	20, climb 20	U	3	13	10	1	7	1	None	None	Charmedimmu, frightenedimmu, grappledimmu, paralyzedimmu, eptrifiedimmu, proneimmu, restrainedimmu, stunnedimmu	Normal	None	Swarm, Spider Climb, Web Sense, Web Walker																		
Thorn Slinger	Large	Plant	0.5		Tales from the Yawning Portal	Wizards of the Coast	32	11	10	U	13	12	12	1	10	1	None	None	Blindedimmu, deafenedimmu, frightenedimmu	Blindsight 60	None	Adhesive Blossoms, False Appearance																		
Topi	Small	Undead	0.50		The Tortle Package	Wizards of the Coast	13	13	30	CE	7	15	12	6	10	5	None	None	Bludgeoningres, poisonimmu, poisonedimmu	Darkvision 60	Alive	Turn Resistance, Undead Fortitude																		
Jaculi	Large	Beast	0.5		Tomb of Annihilation	Wizards of the Coast	16	14	30, climb 20	U	15	14	11	2	8	3	None	Athletics, Perception, Stealth	None	Blindsight 30	None	Camouflage, Keen Smell																		
Tri-Flower Frond	Medium	Plant	0.5	https://www.worldanvil.com/block/1047966	Tomb of Annihilation	Wizards of the Coast	11	10	5	U	1	10	12	1	10	1	None	None	Blindedimmu, deafenedimmu, exhaustionimmu, proneimmu	Blindsight 30	None	None																		
Zorbo	Small	Monstrosity	0.5		Tomb of Annihilation	Wizards of the Coast	27	10	30, climb 30	U	13	11	13	3	12	7	None	Athletics	None	Normal	None	Magic Resistance, Natural Armor																		
Mauser	Small	Robot	0.5	https://docs.google.com/document/d/14QU4AysS5lk1mlsOaElzohyduXIW90Csj1U9-URapl4/edit?tab=t.0	Virasco 2000	Shwifty_meme_lord	20	13	30	true neutral	10	12	14	10	10	10	DEX	None	None	Normal	Common	None	12.5	4	FALSE	0	FALSE	0	0	0	13	FALSE	0	0	0	2	0	0	0	
intro Hoopmaster	Meduim	Humanoid	0.5	https://docs.google.com/document/d/1ZFMTMGkZRF-9eraiE5OQK44IJciWIM8cPfMTc0cQu_Q/edit?tab=t.0#heading=h.i4umjts4rmyy	Virasco 2000	Shwifty_Meme_Lord	30	13	30	NE	12	12	12	10	10	10	None	None	None	Normal	Common	None																		
intro blue foot clan ninja	Medium	Humanoid	0.5	https://docs.google.com/document/d/1JUiihzhgPS4Rg1ofP1xjbswx8sFso69X1KWdyWuTT78/edit?tab=t.0	Virasco 2000	Shwifty_meme_lord	20	12	30	NE	12	12	12	10	10	10	None	None	WRIEnums.NONE		Common, Thieves Cant	None	13.5	5	FALSE	0	FALSE	0	0	0	0	FALSE	0	0	0	0	0	0	0	
intro pink foot clan ninja	Medium	Humanoid	0.5	https://docs.google.com/document/d/1JUiihzhgPS4Rg1ofP1xjbswx8sFso69X1KWdyWuTT78/edit?tab=t.0	Virasco 2000	Shwifty_meme_lord	50	12	30	NE	14	10	16	10	10	10	None	None	WRIEnums.NONE		Common, Thieves Cant	None	6.5	3	FALSE	0	FALSE	0	0	0	0	FALSE	0	0	0	0	0	0	0	
intro orange foot clan ninja	Medium	Humanoid	0.5	https://docs.google.com/document/d/1JUiihzhgPS4Rg1ofP1xjbswx8sFso69X1KWdyWuTT78/edit?tab=t.0	Virasco 2000	Shwifty_meme_lord	20	15	30	NE	14	14	16	10	10	10	None	None	WRIEnums.NONE		Common, Thieves Cant	None	10.5	4	FALSE	0	FALSE	0	0	0	0	FALSE	0	0	0	0	0	0	0	
intro white foot clan ninja	Medium	Humanoid	0.5	https://docs.google.com/document/d/1JUiihzhgPS4Rg1ofP1xjbswx8sFso69X1KWdyWuTT78/edit?tab=t.0	Virasco 2000	Shwifty_meme_lord	25	12	30	NE	14	14	12	10	10	10	None	None	WRIEnums.NONE		Common, Thieves Cant	None	10.5	3	FALSE	0	FALSE	0	0	0	18	FALSE	0	0	1	2	0	0	10.5	
intro yellow foot clan ninja	Medium	Humanoid	0.5	https://docs.google.com/document/d/1JUiihzhgPS4Rg1ofP1xjbswx8sFso69X1KWdyWuTT78/edit?tab=t.0	Virasco 2000	Shwifty_meme_lord	20	12	30	NE	12	12	12	10	10	10	None	None	WRIEnums.NONE		Common, Thieves Cant	None	8.5	5	FALSE	0	FALSE	0	0	0	0	FALSE	0	0	1	2	0	18	0	
evil generator, poison flesh turret	Small	Monstrosity	0.5	https://docs.google.com/document/d/1cJPYbXWWOgQMcAR3YVaPZAcgNzFnRF2pvfPgxQGOPHY/edit?tab=t.0	Virasco 2000	Shwifty_meme_lord	20	13	0	chaotic evil	4	4	10	6	4	4	None	None	None	Normal	Common	None	11.5	0	FALSE	0	FALSE	0	0	0	15	FALSE	0	0	0	2	0	0	0	
Assorted Beast, Swarm of Rot Grubs	Medium	Beast	0.5		Volo's Guide to Monsters	Wizards of the Coast	22	8	5, climb 5	U	2	7	10	1	2	1	None	None	Piercingres, slashingres, charmedimmu, frightenedimmu grappledimmu, paralyzedimmu, petrifiedimmu, proneimmu, restrainedimmu	Blindsight 10	None	Swarm																		
Beholder, Gazer	Tiny	Aberration	0.5		Volo's Guide to Monsters	Wizards of the Coast	13	13	fly 30	NE	3	17	14	3	10	7	WIS	Perception, Stealth	Proneimmu	Darkvision 60	None	Aggressive, Mimicry																		
Chitine	Small	Monstrosity	0.5		Volo's Guide to Monsters	Wizards of the Coast	18	14	30, climb 30	CE	10	14	12	10	10	7	None	Athletics, Stealth	None	Darkvision 60	Undercommon	Fey Ancestry, Sunlight Sensitivity, Web Sense,  Web Walker																		
Darkling	Small	Fey	0.5		Volo's Guide to Monsters	Wizards of the Coast	13	14	30	CN	9	16	12	10	12	10	None	Acrobatics, Deception, Perception, Stealth	None	Blindsight 30, darkvision 120	Elvish, Sylvan	Death Flash, Light Sensitivity																		
Firenewt Warrior	Medium	Humanoid (Firenewt)	0.5		Volo's Guide to Monsters	Wizards of the Coast	22	16	30	NE	10	13	12	7	11	8	None	None	Fireimmu	Normal	Draconic, Ignan	Amphibious																		
Gnoll Hunter	Medium	Humanoid (Gnoll)	0.5		Volo's Guide to Monsters	Wizards of the Coast	22	13	30	CE	14	14	12	8	12	8	None	Perception, Stealth	None	Darkvision 60	GNoll	Rampage																		
Orc Nurtured One of Yurtrus	Medium	Humanoid (Orc)	0.5		Volo's Guide to Monsters	Wizards of the Coast	30	9	30	CE	15	8	16	7	11	7	None	None	None	Darkvision 60	Common, Orc	Aggressive, Corrupted Carrier, Nurtured One of Yurtrus																		
Hound Justicar	Medium	Celestial	1	https://drive.google.com/file/d/0BwRBp4t9A8LbWjRUT0IzM2RfcGs/view?resourcekey=0-lA_Fe3jgtYGUiQ2AJtwz3Q	Arcane Artillery (☪★★★)	u/ZowJr	25	14	40	LG	15	14	12	11	11	12	None	Perception	Poisonres, fireimmu, radiantimmu, necroticimmu, poisonedimmu, frightenedimmu	Darkvision 60	Creator	Fur Armor of Justice, Magic Resistance, Rebuke the Unholy, Pack Tactics																		
Darkest Dungeon, Flesh Hound	Small	Aberration	1	https://homebrewery.naturalcrit.com/share/Hyb4CrHRf	Bestiary of the Ancestors (★)	u/LamiaDrake	22	14	50	CE	10	18	12	3	10	10	None	None	None	Truesight 50	Common, Deep Speech	The Warping Truth, Organization																		
Darkest Dungeon, Polyp	Small	Aberration	1	https://homebrewery.naturalcrit.com/share/Hyb4CrHRf	Bestiary of the Ancestors (★)	u/LamiaDrake	16	15	fly 20	CE	12	18	12	14	12	13	None	None	Exhaustedimmu	Blindsense 50	Deep Speech	Unceasing Attack																		
NPC, Brigand, Bloodletter	Large	Humanoid (Any Race)	1	https://homebrewery.naturalcrit.com/share/Hyb4CrHRf	Bestiary of the Ancestors (★)	u/LamiaDrake	45	12	20	CE	18	10	16	12	10	14	None	None	None	Normal	COmmon, Thieves' Cant	Coordination, Rallying Strength																		
NPC, Brigand, Hunter	Medium	Humanoid (Any Race)	1	https://homebrewery.naturalcrit.com/share/Hyb4CrHRf	Bestiary of the Ancestors (★)	u/LamiaDrake	33	16	30	CE	12	18	12	16	12	12	None	None	None	Normal	COmmon, Thieves' Cant	Marking Call																		
NPC, Brigand, Matchman	Medium	Humanoid (Any Race)	1	https://homebrewery.naturalcrit.com/share/Hyb4CrHRf	Bestiary of the Ancestors (★)	u/LamiaDrake	16	13	20	CE	6	14	10	14	14	14	None	None	None	Normal	COmmon, Thieves' Cant	Preparation																		
NPC, Brigand, Raider	Medium	Humanoid (Any Race)	1	https://homebrewery.naturalcrit.com/share/Hyb4CrHRf	Bestiary of the Ancestors (★)	u/LamiaDrake	39	16	30	CE	16	14	14	12	12	14	None	None	None	Normal	COmmon, Thieves' Cant	Brutal Critical																		
The Collector, Collected Head	Small	Aberration	1.00	https://homebrewery.naturalcrit.com/share/Hyb4CrHRf	Bestiary of the Ancestors (★)	u/LamiaDrake	22	14	fly 20	CN	14	14	12	6	12	13	None	None	None	Darkvision 90	None	Three Heads																		
The Crimson Court, Chevalier	Medium	Aberration	1	https://homebrewery.naturalcrit.com/share/Hyb4CrHRf	Bestiary of the Ancestors (★)	u/LamiaDrake	41	17	30, climb 30	CE	18	14	20	10	13	12	None	None	Slashingres	Darkvision 60	Common	None																		
The Pelagic, Drowned Anchorman	Medium	Undead	1	https://homebrewery.naturalcrit.com/share/Hyb4CrHRf	Bestiary of the Ancestors (★)	u/LamiaDrake	39	13	30	CE	20	10	16	12	12	16	None	None	Poisonimmu, exhaustionimmu, poisonedimmu	Darkvision 60	Common	None																		
The Pelagic, Squiffy Ghast	Medium	Undead	1	https://homebrewery.naturalcrit.com/share/Hyb4CrHRf	Bestiary of the Ancestors (★)	u/LamiaDrake	39	15	40	CE	7	20	12	10	10	16	None	None	Poisonimmu, exhaustionimmu, poisonedimmu	Darkvision 60	COmmon	Normal Spellcasting																		
The Rot, Ectoplasm, Large	Large	Ooze	1.00	https://homebrewery.naturalcrit.com/share/Hyb4CrHRf	Bestiary of the Ancestors (★)	u/LamiaDrake	33	15	20	U	16	1	16	1	1	1	None	None	Poisonimmu, exhaustionimmu, poisonedimmu, charmedimmu	Blindsense 50	None	Improved Cytokinesis																		
The Rot, Hateful Virago	Medium	Humanoid	1.00	https://homebrewery.naturalcrit.com/share/Hyb4CrHRf	Bestiary of the Ancestors (★)	u/LamiaDrake	34	16	30	CE	12	18	16	16	14	8	None	None	Poisonedimmu	Darkvision 60	Common	From Death Life																		
The Swine, Skiver	Medium	Monstrosity	1	https://homebrewery.naturalcrit.com/share/Hyb4CrHRf	Bestiary of the Ancestors (★)	u/LamiaDrake	16	14	40	U	12	18	15	12	8	6	None	None	None	Normal	Deep Speech	Improved Retreating Strike																		
The Swine, Wilbur	Small	Monstrosity	1	https://homebrewery.naturalcrit.com/share/Hyb4CrHRf	Bestiary of the Ancestors (★)	u/LamiaDrake	27	15	40	CE	6	20	6	12	12	12	None	None	None	Normal	None	None																		
The Unholy, Bone Bearer	Medium	Undead	1	https://homebrewery.naturalcrit.com/share/Hyb4CrHRf	Bestiary of the Ancestors (★)	u/LamiaDrake	22	14	30	LE	8	8	12	14	14	6	None	None	Poisonimmu, exhaustionimmu, poisonedimmu	Darkvision 60	Common	Rallying Flag																		
Nekker Warrior	Small	Fey	1.00		Book of Beautiful Horrors (★★)	u/regerem	27	13	40. burrow 30, climb 30	CE	10	15	13	7	8	9	None	Stealth	None	Darkvision 120	Own, Sylvan	Burrowing Devil, Fey Resilience, Thorn Lurker																		
Rotfiend	Medium	Undead	1		Book of Beautiful Horrors (★★)	u/regerem	26	11	50, burrow 10	CE	14	10	14	4	10	6	None	None	Fireweak, necroticimmu, poisonimmu, charmedimmu, exhaustionimmu, frightenedimmu, paralyzedimmu, poisonedimmu	Darkvision 60	None	Death Burst, Stench																		
Wild Hunt, White Frost, Hound	Medium	Elemental	1.00		Book of Beautiful Horrors (★★)	u/regerem	32	15	50	NE	14	15	14	3	13	6	None	Perception, Stealth	FIreweak, nonmagicalres, coldimmu	Normal	Primordial	Ice Walk, Pack Tactics																		
Drow Raider	Medium	Humanoid (Elf)	1		City and Wild (★★)	u/AeronDrake	33	15	30	NE	12	16	12	11	10	12	DEX, CON	Perception, Stealth	None	Darkvision 120	Elvish, Undercommon	Fey Ancestry, Innate Spellcasting, Sunlight Sensitivity																		
Animated Object, Shield	Small	Construct	1.00		Compendium of Forgotten Secrets (☪☪★)	u/GenuineBelieverer	16	16	fly 45	LN	14	12	14	11	12	11	None	Perception	Bludgeoningres, piercingres, slashingres, poisonimmu, radiantimmu, blindedimmu, poisonedimmu	Darkvision 60	Common, Creator	Durable, Equipment, Magic Resistance, Spiteful Defense																		
Dimcat	Tiny	Fey	1		Compendium of Forgotten Secrets (☪☪★)	u/GenuineBelieverer	14	15	30, climb 30	CN	6	17	13	10	12	14	DEX	Perception, Stealth	Bludgeoningres, piercingres, slashingres	Darkvision 120	Common, Creator	Eyes of the Hunter, Magic Resistance, Nightmare Feast, Shadow Dweller																		
Emberborn	Small	Elemental	1		Compendium of Forgotten Secrets (☪☪★)	u/GenuineBelieverer	31	14	30	N	14	14	13	11	10	11	None	Perception	Fireimmu, necroticimmu, poisonimmu, poisonedimmu	Darkvision 60	Common, Creator	Form of Ash, Living Ember, Magic Resistance, Pack Tactics																		
Eyeless Watcher	Tiny	Aberration	1		Compendium of Forgotten Secrets (☪☪★)	u/GenuineBelieverer	14	14	5, fly 30, swim 30	N	4	17	13	16	16	10	None	Perception	None	Blindsight 60, darkvision 120	Common, Creator	Amphibious, Helpful, Improved Magic Resistance																		
Harrowing Hawk	Small	Beast	1		Compendium of Forgotten Secrets (☪☪★)	u/GenuineBelieverer	13	15	10, fly 50	N	4	16	12	11	10	10	None	Intimidation, Perception	Nonmagicalres, coldimmu	Darkvision 60	Common, Creator	Chill Wind, Hunter's Cry, Magic Resistance																		
Haunted Crow	Tiny	Beast	1		Compendium of Forgotten Secrets (☪☪★)	u/GenuineBelieverer	17	14	10, fly 50	N	5	18	12	10	13	11	None	Perception, Stealth	Nonmagicalres, necroticimmu, charmedimmu, frightenedimmu	Darkvision 60	Common, Creator	Cruel Mimicry, Magic Resistance, Shrouded Dance																		
Imperial Cobra	Small	Beast	1		Compendium of Forgotten Secrets (☪☪★)	u/GenuineBelieverer	22	15	30, climb 30	N	10	20	12	14	12	14	None	Perception, Persuasion, Stealth	Poisonimmu, charmedimmu, frightenedimmu, petrifiedimmu, poisonedimmu	Darkvision 60	Common, Creator	Favored Servant, Forked Words, Magic Resistance, Slippery Scales																		
Record-Hunter	Tiny	Construct	1		Compendium of Forgotten Secrets (☪☪★)	u/GenuineBelieverer	21	16	30	N	10	16	13	16	12	11	None	Perception, Stealth	Nonmagicalres, psychicres, poisonres, necroticres, charmedimmu, frightenedimmu, poisonedimmu, exhaustedimmu, deafenedimmu, blindedimmu	Blindsight 10	Common, Creator	Folding Figure, Living Paper, Magic Resistance, Seek Knowledge																		
Scribeant Swarm	Small	Construct	1		Compendium of Forgotten Secrets (☪☪★)	u/GenuineBelieverer	21	14	10, fly 30	N	6	16	11	10	12	11	None	Perception	Bludgeoningres, piercingres, slashingres, poisonimmu, charmedimmu, diseasedimmu, frightenedimmu, grappledimmu, paralyzedimmu, petrifiedimmu, poisonedimmu, proneimmu, restrainedimmu, stunnedimmu	Blindsight 5	Common, Creator	Beautiful Craftwork, Magic Resistance, Perfect Record, Swarm Construct																		
Shade Widow	Tiny	Construct	1		Compendium of Forgotten Secrets (☪☪★)	u/GenuineBelieverer	7	14	30, climb 30	N	10	18	12	10	11	11	None	Perception, Stealth	Nonmagicalres, poisonimmu, psychicimmu, charmedimmu, exhaustionimmu, frightenedimmu, paralyzedimmu, petrifiedimmu, poisonedimmu	Blindsight 10, darkvision 60	Common, Creator	Magic Resistance, Spider Climb, Web Sense, Web Walker, Web Weaver																		
Spark Seeker	Tiny	Beast	1		Compendium of Forgotten Secrets (☪☪★)	u/GenuineBelieverer	14	14	5, fly 5	N	4	17	13	11	16	10	None	Perception	Lightningimmu, thunderimmu	Darkvision 120	Common, Creator	Flutterby, Innate SPellcasting, Magic Resistance, Storm Shield																		
Sunlit Shard	Small	Construct	1		Compendium of Forgotten Secrets (☪☪★)	u/GenuineBelieverer	26	14	30	N	12	12	16	11	10	10	None	None	Nonmagicalres, coldimmu, fireimmu, poisonimmu, psychicimmu, radiantimmu, charmedimmu, exhaustionimmu, frightenedimmu, paralyzedimmu, petrifiedimmu, poisonedimmu	Normal	Common, Creator	Bitter Apathy, Magic Resistance, never Again, Starshine																		
Symphonic Songbird	Tiny	Fey	1		Compendium of Forgotten Secrets (☪☪★)	u/GenuineBelieverer	14	14	10, fly 50	N	4	16	12	11	10	16	None	Perception, Performance	None	Normal	Creator	Magic Resistance, Perfect Mimicry, Shining Feathers																		
Wiggly Cube	Small	Ooze	1		Compendium of Forgotten Secrets (☪☪★)	u/GenuineBelieverer	45	8	25	N	14	6	18	8	10	11	None	None	Acidimmu, coldimmu, bludgeoningimmu, poisonimmu, blindedimmu, charmedimmu, deafenedimmu, exhaustionimmu, frightenedimmu, poisonedimmu, proneimmu	Blindsight 10, darkvision 60	Common, Creator, telepathy 10	Corrosive Form, Magic Resistance, Ooze Cube, Squishy, Transparent																		
Guardian Portrait	Medium	Construct	1		Curse of Strahd	Wizards of the Coast	22	5	None	U	1	1	10	14	10	10	None	None	Poisonimmu, charmedimmu, exhaustionimmu, frightenedimmu, grappledimmu, paralyzedimmu, petrifiedimmu, poisonimmu, proneimmu, restrainedimmu	Darkvision 60	Common, Any	False, Innate Spellcasting																		
Zombie, Strahd	Medium	Undead	1		Curse of Strahd	Wizards of the Coast	30	8	20	U	13	6	16	3	6	5	WIS	None	None	Darkvision 60	Any	Loathsome Limbs																		
Seafallen Host	Medium	Undead	1		Dark Arts Player's Companion (☪)	u/Jonoman3000	60	13	20, swim 20	NE	15	11	16	5	7	5	None	None	Poisonimmu, poisonedimmu	Darkvision 60	Alive	Undead Fortitude, Weakly Armored																		
Erdlu	Medium	Beast	1		Dark Sun Stat Blocks (★)	u/Auquid	22	14	50	U	12	12	15	6	12	10	None	None	None	Normal	None	None																		
Kank	Large	Beast	1		Dark Sun Stat Blocks (★)	u/Auquid	37	14	30	U	16	14	14	1	12	4	DEX, CON	None	None	Normal	None	Keen Smell																		
Razorwing	Medium	Beast	1		Dark Sun Stat Blocks (★)	u/Auquid	27	14	10, fly 60	U	14	12	11	3	13	6	None	None	None	Normal	None	Keen Sight, Detect Life																		
Scrab	Small	Monstrosity	1		Dark Sun Stat Blocks (★)	u/Auquid	21	12	35, burrow 20	CE	12	8	10	13	12	12	WIS, CHA	None	None	Darkvision 60	Own	None																		
Silt Runner Leader	Small	Humanoid	1		Dark Sun Stat Blocks (★)	u/Auquid	27	15	50	CE	12	16	12	6	11	7	DEX, WIS	None	None	Darkvision 60	Draconic, Common	Pack Tactics																		
Tarek	Medium	Humanoid	1		Dark Sun Stat Blocks (★)	u/Auquid	22	13	30	LN	16	10	16	14	12	8	STR, CON	None	None	Normal	None	Pack Tactics, Ferocity																		
Tari Chieftain	Medium	Humanoid	1		Dark Sun Stat Blocks (★)	u/Auquid	22	14	30	U	12	14	10	9	15	8	DEX, WIS	Stealth	Poisonres	Darkvision 60	Own, Common, telepathy 120	Pack Tactics																		
Maiden Astraea	Medium	Character (Human)	1		Demon's Souls Compendium (★)	u/TectonicImprov	33	11	30	LG	8	12	10	17	20	18	INT, WIS, CHA	Religion, Medicine	Poisonimmu, poisonedimmu, charmedimmu	Normal	Common, Celestial, Abyssal	Till Death Do Us Part, Legendary Resistance																		
Storm King, Beast	Large	Beast	1		Demon's Souls Compendium (★)	u/TectonicImprov	53	11	fly 40	U	16	13	14	4	10	8	STR	None	Proneimmu	Normal	None	None																		
Eldrazi Scion	Large	Aberration	1		Epic Monsters (★)	u/Dave2oo8	45	12	40, burrow 10	CE	17	14	15	6	13	4	STR, DEX, WIS	Athletics, Perception, Stealth	Psychicres	Darkvision 60	Own, telepathy 120	Alien Mind																		
Gnoll Scout	Medium	Humanoid	1		Fighting Chance (r/d100)	u/The-Unapproachable	33	13	30	CE	14	14	12	8	12	8	None	Perception, Stealth, Survival	None	Darkvision 60	Own	Wary Hunter, Rampage																		
Bat, Deep, Bone	Medium	Undead	1		Forgotten Realms Stat Blocks (★★★)	u/Drewfro666	44	12	10, fly 50	NE	12	13	13	6	10	14	None	None	Bludgeoningweak, poisonimmu, exhaustionimmu, poisonedimmu	Truesight 120	None	None																		
Curst	Medium	Undead	1		Forgotten Realms Stat Blocks (★★★)	u/Drewfro666	37	13	30	ANY NEUTRAL	16	12	16	8	11	10	None	None	Coldimmu, fireimmu, poisonimmu, poisonedimmu	Normal	ALive	No Smell, Rejuvenation, Turn Immunity																		
Demon, Myrlochar	Medium	FIend (Demon)	1		Forgotten Realms Stat Blocks (★★★)	u/Drewfro666	27	14	20, climb 40, fly 20	CE	15	11	13	12	12	10	None	Stealth, Perception	None	Blindsight 10, darkvision 60	Abyssal, Undercommon	Silent Step, Spider Climb, Web Sense, Web Walker																		
Phaerimm, Hatchling	Small	Aberration	1		Forgotten Realms Stat Blocks (★★★)	u/Drewfro666	35	15	fly 30	NE	8	15	10	13	13	15	None	Arcana	None	Truesight 120	Common, telepathy 120	Magic Resistance, Normal Spellcasting																		
Guardian Drone	Medium	Construct	1		Guardians (★)	u/CBlitz	30	15	30, climb 30	U	14	10	14	10	12	3	None	Perception	Nonmagicalres, poisonedimmu, charmedimmu, frightenedimmu, sleepimmu, stunnedimmu	Normal	None	None																		
Slime, Pounce	Medium	Ooze	1.00	https://www.gmbinder.com/share/-KzQPa5Fiefkpk7UxVNL#:~:text=Rad%20Slime	Handbook of Slime Rheology (★★)	u/_Metabot	55	12	30	U	14	15	13	2	6	8	None	None	Blindedimmu, exhaustionimmu, proneimmu	Blindsight 30	None	Leap, Agile																		
Slime, Pudding	Medium	Ooze	1.00	https://www.gmbinder.com/share/-KzQPa5Fiefkpk7UxVNL#:~:text=Rad%20Slime	Handbook of Slime Rheology (★★)	u/_Metabot	85	14	20	U	15	10	14	18	6	1	None	None	Blindedimmu, deafenedimmu, exhaustionimmu, proneimmu	Blindsight 60	Deep Speech	Fluid Channels																		
Slime, Rad	Medium	Ooze	1.00	https://www.gmbinder.com/share/-KzQPa5Fiefkpk7UxVNL#:~:text=Rad%20Slime	Handbook of Slime Rheology (★★)	u/_Metabot	65	16	25	U	13	15	13	2	6	8	None	None	Blindedimmu, charmedimmu, deafenedimmu, exhaustionimmu, frightenedimmu, proneimmu	Blindsight 30	None	Amorphous, Spider Climb, Debilitating Aura																		[{'name': 'Pseudopod', 'action_type': 'action', 'attack_type': 'melee_attack', 'hit_modifier': 4, 'range': 5, 'damage': '4d6', 'damage_type': 'fire'}]
Slime, Worm	Small	Ooze	1.00	https://www.gmbinder.com/share/-KzQPa5Fiefkpk7UxVNL#:~:text=Rad%20Slime	Handbook of Slime Rheology (★★)	u/_Metabot	63	14	35	U	15	14	12	8	6	1	None	None	Blindedimmu, charmedimmu, deafenedimmu, exhaustionimmu, frightenedimmu, proneimmu	Blindsight 60	None	Amorphous, Spider Climb																		
Dragonclaw	Medium	Humanoid (Human)	1.00		Hoard of the Dragon Queen	Wizards of the Coast	16	14	30	NE	9	16	13	11	10	12	WIS	Deception, Stealth	None	Normal	Common, Draconic	Dragon Fanatic, Fanatical Advantage, Pack Tactics																		
Malshaper Skinweaver	Medium	Humanoid (Any Race)	1	https://drive.google.com/file/d/1YxCrJevrMZL4M4xqCkHSQ960D7PLr2R0/view	https://drive.google.com/file/d/1YxCrJevrMZL4M4xqCkHSQ960D7PLr2R0/view	u/badooga1	55	16	30	NOT GOOD	14	14	13	12	12	12																								
Astral Scout	Medium	Construct	1	https://i.imgur.com/wikfrcy.png	https://i.imgur.com/wikfrcy.png	u/scarlettspider	60	16	10	LG	8	5	17	4	16	6																								
Enderman	Large	Aberration	1	https://i.redd.it/syrn1rcereb31.png	https://i.redd.it/syrn1rcereb31.png	u/Kyle_Caporgno	34	10	30	N	14	10	16	6	10	5																								
Skutmaw Familiar	Tiny	Aberration	1	https://imgur.com/a/ekOoxtC	https://imgur.com/a/ekOoxtC	u/warlocks_menagerie	10	1	5, fly 30	CN	6	16	14	18	6	8																								
Mob	Gargantuan	Humanoid	1.00	https://imgur.com/a/wOshIvV	https://imgur.com/a/wOshIvV	u/aeyana	52	10	30	CN	16	10	10	10	10	10																								
White Band, Quartermaster	Medium	Humanoid	1	https://imgur.com/gallery/wRu122h	https://imgur.com/gallery/wRu122h	u/kinseki	60	14	30	LN	12	12	12	16	14	12																								
White Band, Soldier	Medium	Humanoid	1	https://imgur.com/gallery/wRu122h	https://imgur.com/gallery/wRu122h	u/kinseki	60	15	30	LN	12	14	12	12	12	12																								
Glow Toad	Tiny	Fey	1	https://preview.redd.it/uvfh4pht9oi21.png?width=640&crop=smart&auto=webp&s=e6a98e2ffad26cd08a035545a1ced4946d368b90	https://preview.redd.it/uvfh4pht9oi21.png?width=640&crop=smart&auto=webp&s=e6a98e2ffad26cd08a035545a1ced4946d368b90	u/Lekkere_Jongen	20	16	20	NG	6	16	16	6	15	10																								
Winter Sprite	Tiny	Fey	1	https://www.reddit.com/r/monsteraday/comments/3olui8/day_58_winter_sprite/	https://www.reddit.com/r/monsteraday/comments/3olui8/day_58_winter_sprite/	StoneStrix																																		
Orc Berserker	Medium	Humanoid (Orc)	1.00	https://www.reddit.com/r/monsteraday/comments/3sk53c/day_88_orc_berserker/	https://www.reddit.com/r/monsteraday/comments/3sk53c/day_88_orc_berserker/	StoneStrix																																		
Skeleton, Armed	Medium	Undead	1.00	https://www.reddit.com/r/monsteraday/comments/3swk7b/day_91_armed_skeleton/	https://www.reddit.com/r/monsteraday/comments/3swk7b/day_91_armed_skeleton/	StoneStrix																																		
Leech Spitter	Medium	Monstrosity	1	https://www.reddit.com/r/monsteraday/comments/5z79p9/day_11_leech_spitter/	https://www.reddit.com/r/monsteraday/comments/5z79p9/day_11_leech_spitter/	1d6Adventurers																																		
Toybox Dungeon, Wooden Horse	Large	Construct	1.00	https://www.reddit.com/r/monsteraday/comments/60pw0m/day_17_wooden_horse/	https://www.reddit.com/r/monsteraday/comments/60pw0m/day_17_wooden_horse/	1d6Adventurers																																		
Sky Manta	Huge	Beast	1	https://www.reddit.com/r/monsteraday/comments/6a0kj5/day_51_sky_manta/	https://www.reddit.com/r/monsteraday/comments/6a0kj5/day_51_sky_manta/	1d6Adventurers																																		
Crown-weaver Spider	Tiny	Beast	1	https://www.reddit.com/r/monsteraday/comments/6aersx/day_53_crownweaver_spider/	https://www.reddit.com/r/monsteraday/comments/6aersx/day_53_crownweaver_spider/	1d6Adventurers																																		
Boggle, Peat	Small	Fey	1.00	https://www.reddit.com/r/monsteraday/comments/6hofu4/day_80_peat_boggle/	https://www.reddit.com/r/monsteraday/comments/6hofu4/day_80_peat_boggle/	1d6Adventurers																																		
Seukothi	Medium	Monstrosity (Seukothi)	1	https://www.reddit.com/r/monsteraday/comments/6khywn/day_90_seukothi/	https://www.reddit.com/r/monsteraday/comments/6khywn/day_90_seukothi/	1d6Adventurers																																		
NPC, Rogue, Scout	Medium	Humanoid (Any Race)	1	https://www.reddit.com/r/monsteraday/comments/6oas7z/day_103_1d6_rogues/	https://www.reddit.com/r/monsteraday/comments/6oas7z/day_103_1d6_rogues/	1d6Adventurers																																		
Am Bush	Large	Plant	1	https://www.reddit.com/r/monsteraday/comments/6qqhpl/day_111_am_bush/	https://www.reddit.com/r/monsteraday/comments/6qqhpl/day_111_am_bush/	1d6Adventurers																																		
Vinebeast	Medium	Plant	1	https://www.reddit.com/r/monsteraday/comments/6tvtmu/day_122_vinebeast/	https://www.reddit.com/r/monsteraday/comments/6tvtmu/day_122_vinebeast/	1d6Adventurers																																		
Bullywug Guerilla	Medium	Humanoid (Bulywug)	1	https://www.reddit.com/r/monsteraday/comments/6w0lmi/day_130_bullywug_guerilla/	https://www.reddit.com/r/monsteraday/comments/6w0lmi/day_130_bullywug_guerilla/	1d6Adventurers																																		
Mote of Lightning	Small	Elemental	1	https://www.reddit.com/r/monsteraday/comments/6yhlyc/day_138_mote_of_lightning/	https://www.reddit.com/r/monsteraday/comments/6yhlyc/day_138_mote_of_lightning/	1d6Adventurers																																		
Dolgrim	Small	Aberration	1	https://www.reddit.com/r/monsteraday/comments/6ywne4/day_140_dolgrim/	https://www.reddit.com/r/monsteraday/comments/6ywne4/day_140_dolgrim/	1d6Adventurers																																		
Dandy Lion	Large	Plant	1.00	https://www.reddit.com/r/monsteraday/comments/70x0gt/day_146_dandy_lion/	https://www.reddit.com/r/monsteraday/comments/70x0gt/day_146_dandy_lion/	1d6Adventurers																																		
NPC, Cult Initiate	Medium	Humanoid (Any Race)	1	https://www.reddit.com/r/monsteraday/comments/789lll/day_171_cult_initiate/	https://www.reddit.com/r/monsteraday/comments/789lll/day_171_cult_initiate/	1d6Adventurers																																		
Myconid Shrieker	Small	Plant	1	https://www.reddit.com/r/monsteraday/comments/7i94rt/day_204_myconid_shrieker/	https://www.reddit.com/r/monsteraday/comments/7i94rt/day_204_myconid_shrieker/	1d6Adventurers																																		
Gnoll Filth Flinger	Medium	Humanoid (Gnoll)	1	https://www.reddit.com/r/monsteraday/comments/7jdgxw/day_207_gnoll_filth_flinger/	https://www.reddit.com/r/monsteraday/comments/7jdgxw/day_207_gnoll_filth_flinger/	1d6Adventurers																																		
Griffon, Scarlet Macgriffon	Small	Monstrosity	1	https://www.reddit.com/r/monsteraday/comments/7odenn/day_225_alternative_griffons/	https://www.reddit.com/r/monsteraday/comments/7odenn/day_225_alternative_griffons/	1d6Adventurers																																		
Animated Object, Bite Coin Swarm	Medium	Construct	1	https://www.reddit.com/r/monsteraday/comments/7qm82a/day_231_bite_coin/	https://www.reddit.com/r/monsteraday/comments/7qm82a/day_231_bite_coin/	1d6Adventurers																																		
Giant Flea	Tiny	Beast	1	https://www.reddit.com/r/monsteraday/comments/7shg2e/day_237_giant_flea/	https://www.reddit.com/r/monsteraday/comments/7shg2e/day_237_giant_flea/	1d6Adventurers																																		
Matchmaker	Small	Fey	1	https://www.reddit.com/r/monsteraday/comments/7xl2x4/day_253_matchmaker/	https://www.reddit.com/r/monsteraday/comments/7xl2x4/day_253_matchmaker/	1d6Adventurers																																		
Snowman	Medium	Construct	1.00	https://www.reddit.com/r/monsteraday/comments/80zipb/day_263_snowmen_and_snow_golems/	https://www.reddit.com/r/monsteraday/comments/80zipb/day_263_snowmen_and_snow_golems/	1d6Adventurers																																		
Orc, Akhitar	Medium	Humanoid (Orc)	1.00	https://www.reddit.com/r/monsteraday/comments/86ejfs/day_279_the_akhitar_orcs_and_the_akhlut/	https://www.reddit.com/r/monsteraday/comments/86ejfs/day_279_the_akhitar_orcs_and_the_akhlut/	1d6Adventurers																																		
Giant Riding Gecko	Large	Beast	1	https://www.reddit.com/r/monsteraday/comments/883dj1/day_284_giant_riding_gecko/	https://www.reddit.com/r/monsteraday/comments/883dj1/day_284_giant_riding_gecko/	1d6Adventurers																																		
Kobold Spiker	Small	Humanoid (Kobold)	1	https://www.reddit.com/r/monsteraday/comments/8bsy22/day_294_kobold_spiker/	https://www.reddit.com/r/monsteraday/comments/8bsy22/day_294_kobold_spiker/	1d6Adventurers																																		
Crocanine	Medium	Monstrosity	1	https://www.reddit.com/r/monsteraday/comments/8emzza/day_302_crocanine/	https://www.reddit.com/r/monsteraday/comments/8emzza/day_302_crocanine/	1d6Adventurers																																		
Sea Rex	Small	Beast	1	https://www.reddit.com/r/monsteraday/comments/8mt5v0/day_326_sea_rex/	https://www.reddit.com/r/monsteraday/comments/8mt5v0/day_326_sea_rex/	1d6Adventurers																																		
Mumbling Mouther	Small	Aberration	1	https://www.reddit.com/r/monsteraday/comments/8nb6ic/day_327_mumbling_mouther/	https://www.reddit.com/r/monsteraday/comments/8nb6ic/day_327_mumbling_mouther/	1d6Adventurers																																		
Kuo-Toa Lantern	Medium	Humanoid (Kuo-Toa)	1	https://www.reddit.com/r/monsteraday/comments/8nuwws/day_330_kuotoa_lantern/	https://www.reddit.com/r/monsteraday/comments/8nuwws/day_330_kuotoa_lantern/	1d6Adventurers																																		
Zin	Medium	Fey	1	https://www.reddit.com/r/monsteraday/comments/8pmftc/day_335_zin/	https://www.reddit.com/r/monsteraday/comments/8pmftc/day_335_zin/	1d6Adventurers																																		
Cactus, Bristler	Medium	Plant	1		Ixor's Manual of Monstrous Findings (★★)	u/thorn1993	37	8	5	NE	14	6	16	2	4	1	None	None	Poisonimmu, blindedimmu, deafenedimmu, frightenedimmu, paralyzedimmu, poisonedimmu, proneimmu	Blindsight 30	None	False Appearance, Poison Burst																		
Dinosaur, Compsognathus Swarm	Medium	Beast	1		Ixor's Manual of Monstrous Findings (★★)	u/thorn1993	38	13	30	U	8	15	12	2	12	6	None	Perception	Bludgeoningres, piercingres, slashingres, charmedimmu, frightenedimmu, paralyzedimmu, petrifiedimmu, proneimmu, restrainedimmu, stunnedimmu	Normal	None	Swarm																		
Dinosaur, Pachycephalosaurus	Medium	Beast	1		Ixor's Manual of Monstrous Findings (★★)	u/thorn1993	44	12	40	U	16	13	13	2	14	6	None	Perception	None	Normal	None	Charge																		
Misc. Creature, Dire Goat	Large	Beast	1.00		Ixor's Manual of Monstrous Findings (★★)	u/thorn1993	60	12	40	U	18	14	14	3	12	6	None	Athletics	None	Normal	None	Charge, Sure-Footed																		
Misc. Creature, Konchu	Small	Beast	1.00		Ixor's Manual of Monstrous Findings (★★)	u/thorn1993	45	15	40	U	6	16	12	6	8	4	None	None	None	Normal	None	None																		
Skeleton Deadeye	Medium	Undead	1.00		Ixor's Manual of Monstrous Findings (★★)	u/thorn1993	39	15	30	LE	11	18	15	6	8	5	None	None	Bludgeoningweak, poisonimmu, exhaustionimmu, poisonedimmu	Darkvision 120	Alive	Powerful Draw																		
The Frozen, Spearman	Medium	Undead	1.00		Ixor's Manual of Monstrous Findings (★★)	u/thorn1993	45	15	30	CE	15	12	16	5	8	5	None	None	Bludgeoningweak, poisonimmu, coldimmu, exhaustionimmu, poisonedimmu	Darkvision 60	Alive	Shard Flurry																		
NPC, Police Riot Control Unit (PRCU)	Medium	Humanoid (Any Race)	1	https://www.gmbinder.com/share/-M8CqWP2BL4GITsgyDM2#:~:text=Police%20Riot%20Control%20Unit%20%28PRCU	Modern Handbook (★★)	u/AeronDrake	32	18	30	ANY	11	15	14	10	10	10	None	Intimidation, Persuasion	Piercingres	Normal	Any	Pack Tactics																		
Fanged Beast, Blango	Medium	Beast	1		Monster Hunter's Manual (★★★★)	u/Amellwind	39	12	30, burrow 30	U	15	14	14	3	13	6	None	Athletics, Perception	None	Normal	None	None																		
Herbivore, Gastodon	Medium	Beast	1		Monster Hunter's Manual (★★★★)	u/Amellwind	13	13	40	U	16	10	14	2	10	6	None	None	None	Normal	None	Charge																		
Leviathan, Ludroth	Medium	Dragon	1		Monster Hunter's Manual (★★★★)	u/Amellwind	66	21	30, swim 30	U	16	12	13	8	10	7	None	None	None	Normal	None	Charge																		
Lynian, Felyne	Small	Humanoid	1		Monster Hunter's Manual (★★★★)	u/Amellwind	36	14	25, burrow 10	CG	12	12	13	9	10	14	None	None	None	Normal	Common, Catonese, Own	Feline Inspiration																		
Lynian, Grimalkyne	Small	Humanoid	1		Monster Hunter's Manual (★★★★)	u/Amellwind	40	13	25, burrow 10	N	13	12	13	9	14	10	None	None	None	Normal	Common, Catonese, Own	None																		
Lynian, Melynx	Small	Humanoid	1		Monster Hunter's Manual (★★★★)	u/Amellwind	40	13	25, burrow 10	CG	12	10	13	8	12	10	None	None	None	Normal	Common, Catonese, Own	None																		
Lynian, Shakalaka, King	Medium	Humanoid	1		Monster Hunter's Manual (★★★★)	u/Amellwind	52	14	25	N	18	10	15	14	9	8	None	None	None	Normal	Common, Shakalaka, Own	Innate Spellcasting																		
Neopteron, Vespoid Queen	Medium	Monstrosity	1.00		Monster Hunter's Manual (★★★★)	u/Amellwind	27	15	fly 30	U	9	18	13	10	12	9	None	None	None	Normal	None	Flyby																		
Theropod, Baggi	Medium	Beast	1		Monster Hunter's Manual (★★★★)	u/Amellwind	26	11	30	U	15	13	14	2	8	5	None	None	None	Normal	None	Pack Tactics, Brute																		
Theropod, Gendrome	Large	Beast	1		Monster Hunter's Manual (★★★★)	u/Amellwind	68	14	40	U	16	12	16	8	10	5	None	Athletics	None	Normal	None	Standing Leap, Aggressive																		
Theropod, Giadrome	Large	Beast	1		Monster Hunter's Manual (★★★★)	u/Amellwind	45	14	40	U	17	13	15	2	10	5	None	Athletics	Coldres	Normal	None	Standing Leap, Ice Walk, Aggressive																		
Theropod, Iodrome	Large	Beast	1		Monster Hunter's Manual (★★★★)	u/Amellwind	53	15	40	U	17	13	15	2	10	5	None	Athletics	None	Normal	None	Standing Leap, Aggressive																		
Theropod, Jaggia	Medium	Beast	1		Monster Hunter's Manual (★★★★)	u/Amellwind	37	12	30	U	16	13	16	2	10	5	None	None	None	Normal	None	Pack Tactics, Brute																		
Theropod, Velocidrome	Large	Beast	1		Monster Hunter's Manual (★★★★)	u/Amellwind	68	13	40	U	17	13	16	10	10	5	None	Athletics	None	Normal	None	Standing Leap, Aggressive																		
Theropod, Wroggi	Medium	Beast	1		Monster Hunter's Manual (★★★★)	u/Amellwind	26	11	30, swim 30	U	15	13	14	2	8	5	None	None	None	Normal	None	Pack Tactics, Brute																		
Wyvern, Fanged, Girros	Small	Dragon	1		Monster Hunter's Manual (★★★★)	u/Amellwind	44	14	40	U	15	10	14	2	12	7	None	Perception	Paralyzedimmu	Darkvision 60	None	Pack Tactics																		
Wyvern, Fanged, Shamos	Small	Dragon	1		Monster Hunter's Manual (★★★★)	u/Amellwind	45	15	30	U	16	12	13	3	9	7	None	None	None	Darkvision 60	None	Pack Tactics																		
Wyvern, Flying, Giggi	Tiny	Dragon	1.00		Monster Hunter's Manual (★★★★)	u/Amellwind	51	8	20	U	12	6	16	3	6	2	None	Stealth	Fireweak	Blindsight 60	None	Leech																		
Wyvern, Piscine, Gajau	Small	Dragon	1		Monster Hunter's Manual (★★★★)	u/Amellwind	27	11	swim 30	U	14	13	12	1	10	8	None	None	None	Darkvision 60	None	Blood Frenzy																		
Animated Object, Armor	Medium	Construct	1	https://www.dndbeyond.com/monsters/16786-animated-armor	Monster Manual	Wizards of the Coast	33	18	25	U	14	11	13	1	3	1	None	None	Poisonimmu, psychicimmu, blindedimmu, charmedimmu, deafenedimmu, exhaustionimmu, frightenedimmu, paralyzedimmu, petrifiedimmu, poisonimmu	Blindsight 60	None	Antimagic, False																		
Bugbear	Medium	Humanoid	1	https://www.dndbeyond.com/monsters/16817-bugbear	Monster Manual	Wizards of the Coast	27	16	30	CE	15	14	13	8	11	9	None	Stealth, Survival	None	Darkvision 60	Common, Goblin	Brute, Surprise Attack																		
Demon, Quasit	Tiny	Fiend (Demon)	1	https://www.dndbeyond.com/monsters/16988-quasit	Monster Manual	Wizards of the Coast	7	13	40	CE	5	17	10	7	10	10	None	Stealth	Coldres, fireres, lightningres, nonmagicalres, poisonimmu, poisonedimmu	Darkvision 120	Abyssal, Common	Shapechanger, Magic Resistance																		
Devil, Imp	Tiny	Fiend (Devil)	1	https://www.dndbeyond.com/monsters/16933-imp	Monster Manual	Wizards of the Coast	10	13	20, 40 fly	LE	6	17	13	11	12	14	None	Deception, Insight, Persuasion, Stealth	Coldres, nonmagicalres, nonsilveredres, fireimmu, poisonimmu, poisonedimmu	Darkvision 120	Infernal, Common	Shapechanger, Devil's Sight, Magic Resistance																		
Dragon, Metallic, Brass, Wyrmling	Medium	Dragon	1	https://www.dndbeyond.com/monsters/16814-brass-dragon-wyrmling	Monster Manual	Wizards of the Coast	16	16	30, burrow 15, fly 60	CG	15	10	13	10	11	13	DEX, CON, WIS, CHA	Perception, Stealth	Fireimmu	Blindsight 10, Darkvision 60	Draconic	None																		
Dragon, Metallic, Copper, Wyrmling	Medium	Dragon	1	https://www.dndbeyond.com/monsters/16831-copper-dragon-wyrmling	Monster Manual	Wizards of the Coast	22	16	30, climb 30, fly 60	CG	15	12	13	14	11	13	DEX, CON, WIS, CHA	Perception, Stealth	Acidimmu	Blindsight 10, darkvision 60	Draconic	None																		
Dryad	Medium	Fey	1.00	https://roll20.net/compendium/dnd5e/Dryad#content	Monster Manual	Wizards of the Coast	22	11	30	N	1	12	11	14	15	18	None	Perception, Stealth	None	Darkvision 60	Elvish, Sylvan	Innate Spellcasting, Magic Resistance, Speak with Beasts, Speak with Plants, Tree Stride																		
Duergar	Medium	Humanoid	1	https://www.dndbeyond.com/monsters/16850-duergar	Monster Manual	Wizards of the Coast	26	16	25	LE	14	11	14	11	10	9	None	None	Poisonres	Darkvision 120	Dwarvish, Undercommon	Duergar Resilience, Sunlight Sensitivity																		
Faerie Dragon	Tiny	Dragon	1.00	https://www.dndbeyond.com/monsters/17108-faerie-dragon-older	Monster Manual	Wizards of the Coast	14	15	10, fly 60	CG	3	20	13	14	12	16	None	Arcana, Perception, Stealth	None	Darkvision 60	Draconic, Sylvan	Superior Invisibility, Limited Telepathy, Magic Resistance, Innate Spellcasting																		
Ghoul	Medium	Undead	1.00		Monster Manual	Wizards of the Coast	22	12	30	CE	13	15	10	7	10	6	None	None	Poisonimmu, charmedimmu, exhaustionimmu, poisonedimmu	Darkvision 60	Common	None																		
Goblin Boss	small	Humanoid	1.00		Monster Manual	Wizards of the Coast	21	17	30	NE	10	14	10	10	8	10	None	Stealth	None	Darkvision 60	Common, Goblin	Nimble Escape																		
Harpy	Medium	Monstrosity	1		Monster Manual	Wizards of the Coast	38	11	20, fly 40	CE	12	13	12	7	10	13	None	None	None	Normal	Common	None																		
Hippogriff	Large	Monstrosity	1.00		Monster Manual	Wizards of the Coast	19	11	40, fly 60	U	17	13	13	2	12	8	None	Perception	None	Normal	None	Keen Sight																		
Kuo-Toa Whip	Medium	Humanoid	1.00		Monster Manual	Wizards of the Coast	65	11	30, swim 30	NE	14	10	14	12	14	11	None	Perception, Religion	None	Darkvision 120	Undercommon	Amphibious, Otherworldly Perception, Slippery, Sunlight Sensitivity, Normal Spellcasting																		
Misc. Creature, Brown Bear	Large	Beast	1.00		Monster Manual	Wizards of the Coast	34	11	40, climb 30	U	19	10	16	2	13	7	None	Perception	None	Normal	None	Keen Smell																		
Misc. Creature, Death Dog	Medium	Monstrosity	1		Monster Manual	Wizards of the Coast	39	12	40	NE	15	14	14	3	13	6	None	Perception, Stealth	None	Darkvision 120	None	Two-Headed																		
Misc. Creature, Dire Wolf	Large	Beast	1.00	https://www.dndbeyond.com/monsters/16841-dire-wolf	Monster Manual	Wizards of the Coast	37	14	50	U	17	15	15	3	12	7	None	Perception, Stealth	None	Normal	None	Keen Hearing, Keen Smell, Pack Tactics																		
Misc. Creature, Giant Eagle	Large	Beast	1.00		Monster Manual	Wizards of the Coast	26	13	10, fly 80	U	16	17	13	8	14	10	None	Perception	None	Normal	Own, Common, Auran	Keen Sight																		
Misc. Creature, Giant Hyena	Large	Beast	1.00		Monster Manual	Wizards of the Coast	45	12	50	U	16	14	14	2	12	7	None	Perception	None	Normal	None	Rampage																		
Misc. Creature, Giant Octopus	Large	Beast	1.00		Monster Manual	Wizards of the Coast	52	11	10, swim 60	U	17	13	13	4	10	4	None	Perception, Stealth	None	Darkvision 60	None	Hold Breath, Underwater Camouflage, Water Breathing																		
Misc. Creature, Giant Spider	Large	Beast	1		Monster Manual	Wizards of the Coast	26	14	30, climb 30	U	14	16	12	2	11	4	None	Stealth	None	Blindsight 10, darkvision 60	None	Spider Climb, Web Sense, Web Walker																		
Misc. Creature, Giant Toad	Large	Beast	1		Monster Manual	Wizards of the Coast	39	11	20, swim 40	U	15	13	13	2	10	3	None	None	None	Darkvision 30	None	Amphibious, Standing Leap																		
Misc. Creature, Giant Vulture	Large	Beast	1		Monster Manual	Wizards of the Coast	22	10	10, fly 60	NE	15	10	15	6	12	7	None	Perception	None	Normal	Common	Keen Sight, Keen Smell, Pack Tactics																		
Misc. Creature, Lion	Large	Beast	1		Monster Manual	Wizards of the Coast	26	12	50	U	17	15	13	3	12	8	None	Perception, Stealth	None	Normal	None	Keen Smell, Pack Tactics, Pounce, Running Leap																		
Misc. Creature, Swarm of Quippers	Medium	Beast	1		Monster Manual	Wizards of the Coast	28	13	swim 40	U	13	16	9	1	7	2	None	None	Bludgeoningres, piercingres, slashingres, charmedimmu, frightenedimmu, paralyzedimmu, petrifiedimmu, proneimmu, restrainedimmu, stunnedimmu	Normal	None	Blood Frenzy, Swarm, Water Breathing																		
Misc. Creature, Tiger	Large	Beast	1		Monster Manual	Wizards of the Coast	37	12	40	U	17	15	14	3	12	8	None	Perception, Stealth	None	Darkvision 60	None	Keen Smell, Pounce																		
Modron, Quadrone	Medium	Construct	1		Monster Manual	Wizards of the Coast	22	16	30, fly 30	LN	12	14	12	10	10	11	None	Perception	None	Truesight 120	Modron	Axiomatic Mind, Disintegration																		
NPC, Spy	Medium	Humanoid	1.00		Monster Manual	Wizards of the Coast	27	12	30	ANY	10	15	10	12	14	16	None	Deception, Insight, Investigation, Perception, Persuasion, Sleight of Hand, Stealth	None	Normal	Any	Cunning Action, Sneak Attack																		
Ogre, Half	Large	Giant	1		Monster Manual	Wizards of the Coast	30	12	30	ANY CHAOTIC	17	10	14	7	9	10	None	None	None	Darkvision 60	Common, Giant	None																		
Salamander, Fire Snake	Medium	Elemental	1.00		Monster Manual	Wizards of the Coast	22	14	30	NE	12	14	11	7	10	8	None	None	Coldweak, nonmagicalres, fireimmu	Darkvision 60	Ignan	Heated Body, Heated Weapons																		
Scarecrow	Medium	Construct	1.00		Monster Manual	Wizards of the Coast	36	11	30	CE	11	13	11	10	10	13	None	None	Fireweak, nonmagicalres, poisonimmu, charmedimmu, exhaustionimmu, frightenedimmu, paralyzedimmu, poisonedimmu, unconsciousimmu	Darkvision 60	Creator	False Appearance																		
Specter	Medium	Undead	1		Monster Manual	Wizards of the Coast	22	12	fly 50	CE	1	14	11	10	10	11	None	None	Acidres, coldres, fireres, lightningres, thunderres, nonmagicalres, necroticimmu, poisonimmu, charmedimmu, exhaustionimmu, grappledimmu, paralyzedimmu, petrifiedimmu, poisonedimmu, proneimmu, restrainedimmu, unconsciousimmu	Darkvision 60	Any	Incorporeal Movement, Sunlight Sensitivity																		
Thri-Kreen	Medium	Humanoid	1		Monster Manual	Wizards of the Coast	33	15	40	CN	12	15	13	8	12	7	None	Perception, Stealth, Survival	None	Darkvision 60	Own	Chameleon Carapace, Standing Leap																		
Yuan-Ti Pureblood	Medium	Monstrosity	1.00		Monster Manual	Wizards of the Coast	40	11	30	NE	11	12	11	13	12	14	None	Deception, Perception, Stealth	Poisonimmu, poisonedimmu	Darkvision 60	Abyssal, Common, Draconic	Innate Spellcasting, Magic Resistance																		
Animated Object, Ball Bearing, Swarm	Medium	COnstruct	1.00		Monster Module (★★★★)	u/Jonoman3000	31	13	30	U	8	14	10	1	3	1	DEX	None	Poisonimmu, psychicimmu, bludgeoningres, piercingres, slashingres, blindedimmu, charmedimmu, deafenedimmu, frightenedimmu, paralyzedimmu, eptrifiedimmu, poisonedimmu, proneimmu, restrainedimmu, stunnedimmu	Blindsight 60	None	Antimagic Susceptibility, False Appearance, Swarm																		
Animated Object, Flying Caltrop, Swarm	Medium	COnstruct	1.00		Monster Module (★★★★)	u/Jonoman3000	36	13	fly 30	U	8	14	10	1	3	1	DEX	None	Poisonimmu, psychicimmu, bludgeoningres, piercingres, slashingres, blindedimmu, charmedimmu, deafenedimmu, frightenedimmu, paralyzedimmu, eptrifiedimmu, poisonedimmu, proneimmu, restrainedimmu, stunnedimmu	Blindsight 60	None	Antimagic Susceptiblity, False Appearance, Swarm																		
Blight, Bramble	Medium	Plant	1		Monster Module (★★★★)	u/Jonoman3000	32	14	30	NE	15	13	14	5	10	3	None	Stealth	Poisonimmu, blindedimmu, deafenedimmu, poisonedimmu	Blindsight 60	Common	Death Burst, False Appearance, Poisonous Weapons																		
Chupacabra	Small	Monstrosity	1.00		Monster Module A-C	u/Jonoman3000	27	13	30	CE	12	17	14	5	13	7																								
Choker	Small	Aberration	1		Mordenkainen's Tome of Foes	Wizards of the Coast	13	16	30	CE	16	14	13	4	12	7	None	Stealth	None	Darkvision 60	Deep Speech	Aberrant Quickness, Boneless, Spider Climb																		
Clockwork, Bronze Scout	Medium	Construct	1		Mordenkainen's Tome of Foes	Wizards of the Coast	18	13	30, burrow 30	U	10	16	11	3	14	1	None	Perception, Stealth	Poisonimmu, nonmagicalimmu, nonadamantineimmu, charmedimmu, exhaustionimmu, frightenedimmu, paralyzedimmu, petrifiedimmu, poisonedimmu	Darkvision 60	Creator	Earth Armor, Magic Resistance																		
Duergar Soulblade	Medium	Humanoid (Dwarf)	1.00		Mordenkainen's Tome of Foes	Wizards of the Coast	18	14	25	LE	11	16	10	11	10	12	None	None	Poisonres	Darkvision 120	Dwarvish, Undercommon	Duergar Resilience, Create Soulblade, Innate Spellcasting, Sunlight Sensitivity																		
Meazel	Medium	Humanoid (Meazel)	1		Mordenkainen's Tome of Foes	Wizards of the Coast	35	13	30	NE	8	17	9	14	13	10	None	Perception, Stealth	None	Darkvision 120	Common	Shadow Stealth																		
Steeder, Female	Large	Monstrosity	1		Mordenkainen's Tome of Foes	Wizards of the Coast	30	14	30, climb 30	U	15	16	14	2	10	3	None	Perception, Stealth	None	Darkvision 120	None	Spider Climb, Extraordinary Leap																		
Stone Cursed	Medium	Construct	1		Mordenkainen's Tome of Foes	Wizards of the Coast	19	17	10	LE	16	5	14	5	8	7	None	None	Bludgeoningweak, poisonimmu, charmedimmu, exhaustionimmu, frightenedimmu, petrifiedimmu, poisonedimmu	Normal	Any	Cunning Opportunist, False Appearance																		
Hive Warrior	Tiny	Beast	1		Patrons of the Talisman (★)	u/PeanutJayGee	13	14	10, fly 60	U	9	18	15	5	12	5	None	Perception, Stealth, Survival	Poisonres	Darkvision 60	Common	Menace, Scent of Feart, Skirmisher Instinct, Putrefying Saliva																		
Sentinel Drone	Tiny	COnstruct	1		Patrons of the Talisman (★)	u/PeanutJayGee	18	15	fly 40	LN	7	16	14	16	12	6	None	Investigation, Perception	Poisonimmu, poisonedimmu, proneimmu	Darkvision 60	Creator	Klaxon, Searchlight, Projection, Immaculate Memory																		
Howling Hatred, Feathergale Knight	Medium	Humanoid (Human)	1		Princes of the Apocalypse	Wizards of the Coast	33	16	30	LE	14	14	12	11	10	14	None	Animal Handling, History	None	Normal	Auran, Common	Normal Spellcasting																		
Ice Toad	Medium	Monstrosity	1		Rise of Tiamat	Wizards of the Coast	32	12	30, swim 30	N	13	10	14	8	10	6	None	Perception	Coldimmu	Darkvision 60	Own	Amphibious, Cold Aura, Standing Leap																		
Unicorn, Bog	Large	Celestial	1		Single (★★)	u/gaylordqueen69	67	9	25	NG	17	9	14	12	18	17	None	None	Poisonimmu, charmedimmu, paralyzedimmu, poisonedimmu	Darkvision 60	Celestial, Druidic	Hold Breath, Innate Spellcasting, Magic Resistance, Magic Weapons, Lair																		
Pet Rock	Tiny	Construct	1		Single (★★★)	u/TheIrishClone	13	5	swim 60	U	10	1	30	24	12	1	None	History, Nature, Perception	Petrificationimmu	Darkvision 30, tremorsense 5	Pet Rock, Own, Dwarven	Stoney Bluff, Stone's Toughness, Familiar Rock																		
Aranea	Medium	Monstrosity	1		Skip's Guide to Monsters (★★)	u/Drewfro666	39	13	50, climb 25	N	11	17	14	14	13	14	None	None	None	Darkvision 60	COmmon, Sylvan	Shapechanger, Normal Spellcasting, Spider Climb, Web Sense, Web Walker																		
Devil, Imp, Spellcaster	Tiny	Fiend (Devil)	1.00		Skip's Guide to Monsters (★★)	u/Drewfro666	10	13	20, 40 fly	LE	6	17	13	11	12	14	None	Deception, Insight, Persuasion, Stealth	Coldres, nonmagicalres, nonsilveredres, fireimmu, poisonimmu, poisonedimmu	Darkvision 120	Infernal, Common	Shapechanger, Devil's Sight, Magic Resistance, Innate Spellcasting																		
Elemental, Medium, Air	Medium	Elemental	1		Skip's Guide to Monsters (★★)	u/Drewfro666	33	14	fly 90	U	12	18	12	6	10	6	None	None	Lightningres, thunderres, poisonimmu, exhaustionimmu, grappledimmu, paralyzedimmu, petrifiedimmu, poisonedimmu, proneimmu, restraineidmmu, unconsciousimmu	Darkvision 60	Auran	Air FOrm																		
Elemental, Medium, Earth	Medium	Elemental	1		Skip's Guide to Monsters (★★)	u/Drewfro666	51	15	30, burrow 30	U	18	8	18	5	10	5	None	None	Thunderweak, poisonimmu, exhaustionimmu, paralyzedimmu, petrifiedimmu, poisonedimmu, unconsciousimmu	Darkvision 60, tremorsense 60	Terran	Earth Glide, Siege Monster																		
Elemental, Medium, Fire	Medium	Elemental	1		Skip's Guide to Monsters (★★)	u/Drewfro666	39	13	50	U	8	16	14	6	10	7	None	None	FIreimmu, poisonimmu, exhaustionimmu, grappledimmu, paralyzedimmu, petrifiedimmu, poisonedimmu, proneimmu, restrainedimmu, unconsciousimmu	Darkvision 60	Ignan	FIre Form, Illumination, Water Susceptibility																		
Elemental, Medium, Water	Medium	Elemental	1		Skip's Guide to Monsters (★★)	u/Drewfro666	45	13	30, swim 90	U	16	12	16	5	10	8	None	None	Acidires, poisonimmu, exhausitonimmu, grappledimmu, paralyzedimmu, petrifiedimmu, poisonedimmu, proneimmu, restrainedimmu, unconsciousimmu	Darkvision 60	Aquan	Water Form, Freeze																		
Ethereal Filcher	Medium	Aberration	1		Skip's Guide to Monsters (★★)	u/Drewfro666	27	14	40	N	10	18	11	7	12	10	None	Perception, Sleight of Hand	None	Darkvision 60	None	Ethereal Jaunt, Sense Magic																		
Misc. Creature, Centipede, Monstrous, Large	Large	Beast	1		Skip's Guide to Monsters (★★)	u/Drewfro666	26	14	40, climb 40	U	13	14	12	1	7	3	None	None	None	Blindsight 30	None	None																		
Misc. Creature, Giant Ant, Queen	Large	Beast	1		Skip's Guide to Monsters (★★)	u/Drewfro666	44	16	40	U	16	9	13	1	10	6	None	Perception	None	Blindsight 30, darkvision 60	None	Keen Smell																		
Misc. Creature, Praying Mantis, Giant	Large	Beast	1		Skip's Guide to Monsters (★★)	u/Drewfro666	45	14	20, fly 40	U	19	8	15	1	14	6	None	Perception, Stealth	None	Normal	None	Plant Camouflage																		
Misc. Creature, Scorpion, Monstrous, Med.	Medium	Beast	1		Skip's Guide to Monsters (★★)	u/Drewfro666	27	14	20	U	11	13	13	1	9	3	None	None	None	Blindsight 60	None	None																		
Misc. Creature, Wolverine	Medium	Beast	1		Skip's Guide to Monsters (★★)	u/Drewfro666	17	13	30, burrow 15, climb 15	U	14	15	18	3	10	5	None	Perception, Stealth	None	Normal	None	Keen Smell, Feral Rage																		
Phantom Fungus	Medium	Plant	1		Skip's Guide to Monsters (★★)	u/Drewfro666	22	12	20	U	14	10	16	2	11	9	None	Perception, Stealth	None	Normal	None	Invisible																		
Thoqqua	Medium	Elemental	1		Skip's Guide to Monsters (★★)	u/Drewfro666	22	14	30	NE	12	14	11	7	10	8	None	None	Coldweak, nonmagicalres, fireimmu	Darkvision 60	Ignan	Heated Body, Heated Weapons																		
Tojanda, Juvenile	Small	Elemental	1		Skip's Guide to Monsters (★★)	u/Drewfro666	33	16	10, swim 90	N	14	13	15	10	12	9	None	Perception	Acidimmu, coldimmu, fireres, lightningres	Darkvision 60	Aquan	Shell																		
Battlebriar	Large	Plant	1		Sprouting Chaos Player's Companion (★★)	u/Jonoman3000	70	13	30	CN	18	10	15	6	10	7	None	Perception	None	Blindsight 60, darkvision 20	None	Puncture																		
Mossdog	Medium	Plant	1		Sprouting Chaos Player's Companion (★★)	u/Jonoman3000	39	14	40	CN	17	14	14	3	13	6	None	Perception, Stealth	None	Normal	None	Keen Hearing, Keen Smell, Pack Tactics																		
Crag Cat	Large	Beast	1		Storm King's Thunder	Wizards of the Coast	34	13	40	U	16	17	16	4	14	8	None	Perception, Stealth	None	Darkvision 60	None	Nondetection, Pounce, Spell Turning																		
Dread Warrior	Medium	Undead	1		Tales from the Yawning Portal	Wizards of the Coast	37	18	30	NE	15	11	16	10	12	10	WIS	Athletics, Perception	Poisonimmu, exhaustionimmu, poisonedimmu	Darkvision 60	Common	Undead Fortitude																		
Snuggle Ram	Small	Beast	1		The Cuddle Lord (★★)	u/ZowJr	40	16	30	NG	10	12	18	11	12	20	None	Perception, Persuasion	Allres, charmedimmu, frightenedimmu, exhaustedimmu, poisonedimmu, eptrifiedimmu, paralyzedimmu	Normal	Common	Floofiness, Warmth of Snuggling, Cuddly Sympathy																		
Guardian Doll	Tiny	Construct	1		Through the Ice and Snow (★)	u/LordMediocre	14	14	30	NE	8	17	13	13	12	10	None	Perception, Stealth	Coldimmu, poisonimmu, psychicimmu, charmedimmu, exhaustionimmu, frightenedimmu, paralyzedimmu, petrifiedimmu, poisonedimmu	Darkvision 60	Common, Sylvan	Immutable Form, Magic Resistance																		
Misc. Creature, Lynx	Small	Beast	1		Through the Ice and Snow (★)	u/LordMediocre	16	12	40, climb 20	U	15	15	15	2	12	6	DEX, CON	Acrobatics, Athletics, Perception, Stealth	None	Normal	None	None																		
Aldani (Lobsterfolk)	Medium	Monstrosity	1		Tomb of Annihilation	Wizards of the Coast	49	14	20, swim 30	LN	13	8	12	10	14	10	None	Perception, Survival	None	Darkvision 60	Common	Amphibious																		
Eblis	Large	Monstrosity	1.00		Tomb of Annihilation	Wizards of the Coast	26	13	30, fly 40	NE	11	16	12	12	14	11	None	None	None	Normal	Auran, Common	Innate Spellcasting																		
Mantrap	Large	Plant	1.00		Tomb of Annihilation	Wizards of the Coast	45	12	5	U	15	14	12	1	10	2	None	None	Blindedimmu, deafenedimmu, exhaustionimmu, proneimmu	Tremorsense 30	None	Attractive Pollen, False Appearance																		
Pterafolk	Large	Monstrosity	1.00		Tomb of Annihilation	Wizards of the Coast	26	12	30, fly 50	NE	15	13	12	9	10	11	None	Perception, Survival	None	Normal	Common	Terror Dive																		
Su-Monster	Medium	Monstrosity	1		Tomb of Annihilation	Wizards of the Coast	27	12	30, climb 30	CE	14	15	12	9	13	9	None	Athletics, Perception	None	Normal	None	None																		
Tabaxi Hunter	Medium	Humanoid (Tabaxi)	1		Tomb of Annihilation	Wizards of the Coast	40	14	30, climb 20	CG	10	17	11	13	14	15	None	Athletics, Perception, Stealth, Survival	None	Darkvision 60	Common, Any	Feline Agility																		
phase 1 green foot clan ninja	Medium	Humanoid	1.00	https://docs.google.com/document/d/1g5gJKfk9xB9k4h9Hrjt_EwEtkEdmlBMWB56wzojgt9s/edit?tab=t.0	Virasco 2000	Shwifty_meme_lord	35	14	30	neutral evil	14	16	18	18	12	10	STR, DEX, WIS	Acrobatics, Stealth	None	Normal	Common, Thieves Cant	None	10	8	FALSE	0	FALSE	0	0	0	11	FALSE	0	0	1	2	0	6	1	
phase 1 purple foot clan ninja	Medium	Humanoid	1	https://docs.google.com/document/d/1kwxFiHrlmZ2s3m1TR2D2_0ups-mzlxzUwG8-gPtRtMg/edit?tab=t.0	Virasco 2000	Shwifty_meme_lord	40	14	30	U	14	18	18	12	12	12	STR, DEX, WIS	Acrobatics, Stealth	None	Normal	Common, Thieves Cant	None	11.5	6	FALSE	0	FALSE	0	0	0	15	FALSE	0	0	1	1	0	0	0	
calculus monster, polynomial	Medium	Humanoid	1	https://docs.google.com/document/d/1AoaFUFDMETAEaQXaH-kdU1UA1oTyXLtsc_h2_xARVtg/edit?tab=t.0	Virasco 2000	Shwifty_meme_lord	60	14	30	chaotic evil	10	14	14	14	14	12	INT, DEX, WIS, CHA	History	None	Normal	Common	None	14.5	3	FALSE	0	FALSE	0	0	0	14	FALSE	0	0	2	2	0	0	0	
Calculus monster, product rule	Medium	Monstrosity	1	https://docs.google.com/document/d/1sT5nu_Jf2fK7WK5dhRIDe6tDLL2H-zTm9ui89ryhf9A/edit?tab=t.0	Virasco 2000	Shwifty_meme_lord	50	15	45	lawful evil	16	14	14	14	10	6	DEX, STR	History	Radiantweak, Psychicimmu	Normal	Common	None	8.5	3	FALSE	0	FALSE	0	1	1	0	FALSE	0	0	1	2	0	0	0	
calculus monster, quotient rule	Small	Ooze	1	https://docs.google.com/document/d/1-SnJoKHLY8_VdUW7X0lWc_gsHvRDb4S8V02chZSh6SI/edit?tab=t.0	Virasco 2000	Shwifty_meme_lord	60	13	30	neutral evil	8	10	14	16	16	6	None	Stealth, History, Religion	Radiantweak, Poisonimmu	Normal	Common	None	12.5	3	FALSE	0	FALSE	0	1	1	14	FALSE	0	0	1	2	0	0	0	
Demon, Maw	Medium	Fiend (Demon)	1		Volo's Guide to Monsters	Wizards of the Coast	33	13	30	CE	14	8	13	5	8	5	None	None	Coldres, fireres, lightningres, poisonimmu, charmedimmu, frightenedimmu, poisonedimmu	Darkvision 60	Abyssal	Rampage																		
Dinosaur, Deinonychus	Medium	Beast	1		Volo's Guide to Monsters	Wizards of the Coast	26	13	40	U	15	15	14	4	12	6	None	Perception	None	Normal	None	Pounce																		
Firenewt Warlock of Imix	Medium	Humanoid (Firenewt)	1		Volo's Guide to Monsters	Wizards of the Coast	33	10	30	NE	13	11	12	9	11	14	None	None	Fireimmu	Darkvision 120	Draconic, Ignan	Amphibious, Innate Spellcasting, Normal Spellcasting, Imix's Blessing																		
Giant Strider	Large	Monstrosity	1.00		Volo's Guide to Monsters	Wizards of the Coast	22	14	50	NE	18	13	14	4	12	6	None	None	Fireimmu	Normal	None	Fire Absorption																		
Gnoll Flesh Gnawer	Medium	Humanoid (Gnoll)	1.00		Volo's Guide to Monsters	Wizards of the Coast	22	14	30	CE	12	14	12	8	10	8	DEX	None	None	Darkvision 60	Gnoll	Rampage																		
Grung Wildling	Small	Humanoid (Grung)	1		Volo's Guide to Monsters	Wizards of the Coast	27	13	25, climb 25	LE	7	16	15	10	15	11	DEX	Athletics, Perception, Stealth, Survival	Poisonimmu, poisonedimmu	Normal	Own	Amphibious, Poisonous SKin, Normal Spellcasting, Standing Leap																		
Kobold Dragonshield	Small	Humanoid (Kobold)	1.00		Volo's Guide to Monsters	Wizards of the Coast	44	15	20	LE	12	15	14	8	9	10	None	Perception	Acidres, coldres, fireres, lightningres, poisonres	Darkvision 60	Common, Draconic	Dragon's Resistance, Heart of the Dragon, Pack Tactics, Sunlight Sensitivity																		
Kobold Scale Sorcerer	Small	Humanoid (Kobold)	1		Volo's Guide to Monsters	Wizards of the Coast	27	15	30	LE	7	15	14	10	9	14	None	Arcana, Medicine	None	Darkvision 60	COmmon, Draconic	Normal Spellcasting, Sorcery Points, Pack Tactics, Sunlight Sensitivity																		
Nilbog	Small	Humanoid (Goblinoid)	1		Volo's Guide to Monsters	Wizards of the Coast	7	13	30	CE	8	14	10	10	8	15	None	Stealth	None	Darkvision 60	COmmon, Goblin	Innate Spellcasting, Nilbogism, Nimble Escape																		
Quickling	Tiny	Fey	1		Volo's Guide to Monsters	Wizards of the Coast	10	16	120	CE	4	23	13	10	12	7	None	Acrobatics, Sleight of Hand, Stealth, Perception	None	Darkvision 60	Common, Sylvan	Blurred Movement, Evasion																		
Sea Spawn	Medium	Humanoid	1		Volo's Guide to Monsters	Wizards of the Coast	32	11	20, swim 30	NE	15	8	15	6	10	8	None	None	None	Darkvision 120	Aquan, Common	Limited Amphibiousness																		
Thorny	Medium	Plant	1		Volo's Guide to Monsters	Wizards of the Coast	27	14	30	N	13	12	13	2	10	6	None	Perception, Stealth	Lightningres, piercingres	Darkvision 60	Own	Plant Camouflage, Regeneration																		
Vargouille	Tiny	Fiend	1.00		Volo's Guide to Monsters	Wizards of the Coast	13	12	5, fly 40	CE	6	14	14	4	7	2	None	None	Coldres, fireres, lightningres, poisonimmu, poisonedimmu	Darkvision 60	Abyssal, Infernal, Any	None																		
Xvart Warlock of Raxivort	Small	Humanoid (Xvart)	1.00		Volo's Guide to Monsters	Wizards of the Coast	22	12	30	CE	8	14	12	8	11	12	None	Stealth	None	Darkvision 30	Abyssal	Innate Spellcasting, Normal Spellcasting, Low Cunning, Raxivort's Blessing, Raxivort's Tongue																		
Tiny Servant	Tiny	Construct	1		Xanathar's Guide to Everything	Wizards of the Coast	10	15	30, climb 30	U	4	16	10	2	10	1	None	None	Poisonimmu, psychicimmu, blindedimmu, charmedimmu, deafenedimmu, exhaustionimmu, frightenedimmu, paralyzedimmu, petrifiedimmu, poisonedimmu	Blindsight 60	None	None																		
Dancing Star, Swarm	Medium	Fey	2	https://www.gmbinder.com/share/-LSNMh6eX2Cm0VdsuZTr#:~:text=Swarm%20of%20Dancing%20Stars	All the Lights in the Sky Are Stars	u/aeyana	45	13	20, fly 40	CN	8	17	11	13	12	15																								
NPC, Marksman	Medium	Humanoid (Any Race)	2	https://drive.google.com/file/d/0BwRBp4t9A8LbWjRUT0IzM2RfcGs/view?resourcekey=0-lA_Fe3jgtYGUiQ2AJtwz3Q	Arcane Artillery (☪★★★)	u/ZowJr	33	16	12	ANY	12	16	12	13	10	11	None	Perception, Acrobatics	None	Normal	Any	None																		
Darkest Dungeon, Ascended Brawler	Medium	Aberration	2	https://homebrewery.naturalcrit.com/share/Hyb4CrHRf	Bestiary of the Ancestors (★)	u/LamiaDrake	90	17	30	CE	22	14	20	15	12	16	None	None	None	Truesight 50	Common, Deep Speech	The Warping Truth																		
Darkest Dungeon, Ascended Witch	Medium	Aberration	2	https://homebrewery.naturalcrit.com/share/Hyb4CrHRf	Bestiary of the Ancestors (★)	u/LamiaDrake	76	19	30	CE	14	22	18	24	16	19	None	None	None	Truesight 50	Common, Deep Speech	The Warping Truth																		
The Pelagic, Uca Major	Large	Beast	2	https://homebrewery.naturalcrit.com/share/Hyb4CrHRf	Bestiary of the Ancestors (★)	u/LamiaDrake	67	18	20	U	16	10	18	3	12	12	None	None	None	Darkvision 90	None	Aquatic Dependance, Amphibious																		
The Rot, Blighted Giant	Large	Humanoid	2	https://homebrewery.naturalcrit.com/share/Hyb4CrHRf	Bestiary of the Ancestors (★)	u/LamiaDrake	90	15	20	CN	22	8	18	4	6	10	None	None	None	Darkvision 30	Common	None																		
The Swine, Carrion Eater, Large	Large	Beast	2	https://homebrewery.naturalcrit.com/share/Hyb4CrHRf	Bestiary of the Ancestors (★)	u/LamiaDrake	59	15	25, burrow 30	U	18	10	16	3	10	10	None	None	None	Tremorsense 40	None	Poisonous Coordination																		
The Unholy, Bone Captain	Large	Undead	2	https://homebrewery.naturalcrit.com/share/Hyb4CrHRf	Bestiary of the Ancestors (★)	u/LamiaDrake	45	18	15	U	18	2	18	6	6	6	None	None	Poisonimmu, exhaustionimmu, poisonedimmu	Darkvision 60	Common	None																		
Botchling	Small	Undead	2		Book of Beautiful Horrors (★★)	u/regerem	40	12	15	NE	5	15	12	6	12	5	None	Stealth	Coldres, necroticres, exhaustionimmu, proneimmu	Darkvision 60	None	Deathly Echoes, Feverish Hunger																		
Botchling, Lubberkin	Small	Undead	2		Book of Beautiful Horrors (★★)	u/regerem	40	12	fly 40	NG	1	15	12	6	16	5	None	None	Acidres, coldres, fireres, necroticres, nonmagicalres, radiantimmu, poisonimmu, charmedimmu, exhaustionimmu, grappledimmu, paralyzedimmu, petrifiedimmu, poisonedimmu, proneimmu, restrainedimmu, unconsciousimmu	Darkvision 60	None	Ephemeral, Glow, Incorporeal Movement, Kin Awareness																		
Botchling, Myling	Small	Undead	2		Book of Beautiful Horrors (★★)	u/regerem	40	13	fly 40	CE	1	16	12	10	8	16	None	Deception, Stealth	Acidres, coldres, fireres, nonmagicalres, necroticimmu, poisonimmu, charmedimmu, exhausitonimmu, grappledimmu, paralyzedimmu, petrifiedimmu, poisonedimmu, proneimmu, restrainedimmu, unconsciousimmu	Darkvision 60	Telepathy 120	Ephemeral, Incorporeal Movement, Invisibility																		
Godling	Small	Fey	2		Book of Beautiful Horrors (★★)	u/regerem	36	13	40	CG	4	16	12	13	15	16	None	Deception, Perception, Stealth	None	Darkvision 60	Common, Elvish, Sylvan	Innate Spellcasting, Burdock Allergy, Fey Protection, Magic Resistance, Lair																		
Godling, Bucka	Small	Fey	2		Book of Beautiful Horrors (★★)	u/regerem	36	13	40	CE	4	16	12	13	15	16	None	Deception, Perception, Stealth	None	Darkvision 60	Common, Elvish, Sylvan	Innate Spellcasting, Burdock Allergy, Fey Protection, Magic Resistance, Lair																		
Nekker Phoocas	Small	Fey	2.00		Book of Beautiful Horrors (★★)	u/regerem	39	14	40, burrow 30, climb 30	CE	10	17	15	10	10	9	None	Perception, Stealth	None	Darkvision 120	Own, Sylvan	Fey Resilience, Sense Magic, Sneak Attack, Thorn Lurker																		
NPC, Northlander, Clan Warrior	Medium	Humanoid (Human)	2		Book of Beautiful Horrors (★★)	u/regerem	45	14	30	N	16	14	16	10	13	10	CON	Athletics, Perception, Survival	None	Normal	Common, Own	Brave, Mariner, Reckless																		
Primal Beast, Murder of Crows	Large	Fey	2		Book of Beautiful Horrors (★★)	u/regerem	41	14	10, fly 50	U	11	18	12	7	14	6	None	Perception	Bludgeoningres, piercingres, slashingres, charmedimmu, frightenedimmu, paralyzedimmu, petrifiedimmu, proneimmu, restrainedimmu, stunnedimmu	Normal	Sylvan	Swarm																		
Warp Touched, Dluur	Medium	Aberration	2		Book of Beautiful Horrors (★★)	u/regerem	49	13	30, swim 30	NE	12	17	13	5	10	6	None	Perception, Stealth	Lightningweak, acidimmu	Darkvision 60	Deep Speech	Amphibious, False Appearance, Lure																		
NPC, Alchemist	Medium	Humanoid (Any Race)	2		City and Wild (★★)	u/AeronDrake	27	12	30	ANY	10	13	12	16	14	11	None	Arcana, Nature	None	Normal	Any	Potion of Resistance																		
Lycanthrope, Wereraven	Medium	Humanoid (Human)	2.00		Curse of Strahd	Wizards of the Coast	31	12	30	LG	10	15	11	13	15	14	None	Insight, Perception	Nonmagicalimmu, nonsilveredimmu	Normal	Common	Shapechanger, Mimicry																		
Fleshling Bloodletter	Medium	Humanoid (Fleshling)	2		Dark Arts Player's Companion (☪)	u/Jonoman3000	76	12	30	CE	18	12	20	11	16	10	WIS	Medicine, Athletics	None	Normal	Common, Own	Reknit Flesh, Normal Spellcasting																		
Anakore	Medium	ABerration	2		Dark Sun Stat Blocks (★)	u/Auquid	45	15	30, burrow 20	NE	17	14	16	7	12	6	STR, DEX, CON	Stealth, Survival	None	Darkvision 60, tremorsense 60	Deep SPeech	Sunlight Sensitivity																		
Baazrag	Large	Beast	2		Dark Sun Stat Blocks (★)	u/Auquid	60	14	30	U	17	12	14	5	14	12	STR, CON	None	Psychicres	Darkvision 60	None	Psychic Focus																		
Crodlu	Large	Beast	2.00		Dark Sun Stat Blocks (★)	u/Auquid	30	14	60	U	16	12	14	1	12	4	STR, DEX	None	None	Normal	None	Keen Smell																		
Dark Gith Captain	Medium	Humanoid	2.00		Dark Sun Stat Blocks (★)	u/Auquid	33	14	30	LE	14	17	13	12	10	6	DEX, CON, WIS	Stealth	None	Normal	Common, Own	Sneak Attack, Standing Leap, Innate Spellcasting																		
Pterrax	Large	Beast	2.00		Dark Sun Stat Blocks (★)	u/Auquid	45	13	20, fly 30	U	14	11	13	1	12	5	None	None	Psychicres	Normal	None	Keen Sight																		
Silt Horror, Black	Medium	ABerration	2.00		Dark Sun Stat Blocks (★)	u/Auquid	39	13	10, burrow 30	U	14	12	14	3	12	6	STR, CON, WIS	Stealth	None	Tremorsense 60	None	Pack Tactics																		
Fat Official	Medium	Humanoid	2		Demon's Souls Compendium (★)	u/TectonicImprov	53	9	30	NE	16	9	14	15	10	10	None	Arcana, Deception	None	Normal	Common	Arcane Secrets																		
Dragon, Metallic, Electrum, Wyrmling	Tiny	Dragon	2		Electrum Dragons (★)	u/ZowJr	22	17	30, fly 70	NG	10	17	15	12	11	15	STR, WIS, CHA	Perception, Acrobatics, Stealth	Forceres	Normal	Draconic	Flyby																		
Harvester	Large	Aberration	2.00		Far Realm Beasts (★)	u/Adam-M	58	13	35	U	12	17	12	4	12	7	None	Athletics, Stealth	None	Darkvision 60	None	Spider Climb, Sure-Footed																		
Gnoll Goreface	Medium	Humanoid	2		Fighting Chance (r/d100)	u/The-Unapproachable	32	12	30	CE	15	11	12	6	8	7	None	None	None	Darkvision 60	Own	Blood Frenzy, Rampage, Relentless																		
Gnoll Huntmaster	Medium	Humanoid	2		Fighting Chance (r/d100)	u/The-Unapproachable	44	15	30	CE	14	16	12	10	13	9	None	Perception, Stealth, Survival	None	Darkvision 60	Own	Rampage																		
Gnoll Mangeheart, Yeenoghu Shaman	Medium	Humanoid	2		Fighting Chance (r/d100)	u/The-Unapproachable	27	11	45	CE	11	12	12	9	14	8	None	Animal Handling, Survival	None	Darkvision 60	Own	Crippled, Rampage, Normal SPellcasting																		
Banedead	Medium	Undead	2		Forgotten Realms Stat Blocks (★★★)	u/Drewfro666	45	15	30	LE	15	10	16	10	12	15	None	None	Poisonimmu, exhaustionimmu, poisonedimmu	Darkvision 60	Alive	None																		
Bat, Deep, Sinister	Large	Monstrosity	2.00		Forgotten Realms Stat Blocks (★★★)	u/Drewfro666	51	16	10, fly 50	LN	19	13	16	12	14	13	None	Perception, Stealth	None	Darkvision 120	Telepathy 30	Dive Attack, Flyby Attack, Magic Resistance, Missile Deflection																		
Darkbeast	Medium	Monstrosity	2		Forgotten Realms Stat Blocks (★★★)	u/Drewfro666	37	14	5, fly 40	NE	16	15	16	5	11	4	None	None	Charmedimmu, frightenedimmu	Darkvision 60	None	Daylight Intolerance, Magic Resistance, Spell Imprinting																		
Dragon, Metallic, Song, Wyrmling	Medium	Dragon	2		Forgotten Realms Stat Blocks (★★★)	u/Drewfro666	38	17	30, fly 60	CG	15	10	13	14	11	15	DEX, CON, WIS, CHA	Insight, Perception, Persuasion, Stealth	Lightningimmu, poisonimmu, poisonedimmu	Blindsight 10, truesight 60	Draconic	Shapechanger																		
Dragonkin	Large	Monstrosity	2.00		Forgotten Realms Stat Blocks (★★★)	u/Drewfro666	30	15	20, fly 40	CE	18	13	15	10	13	12	None	None	None	Darkvision 60	Draconic	Sense Magic																		
Dwarf, Urdunnir	Medium	Humanoid (Dwarf)	2.00		Forgotten Realms Stat Blocks (★★★)	u/Drewfro666	42	20	25	N	16	10	19	10	13	9	None	History	Poisonres	Darkvision 60	Dwarvish	Dwarven Resilience, Earth Glide																		
Ghost, Watch	Medium	Undead	2		Forgotten Realms Stat Blocks (★★★)	u/Drewfro666	45	12	fly 40	N	7	14	10	10	12	17	None	None	Acidres, fireres, lightningres, thudnerres, nonmagicalres, coldimmu, necroticimmu, poisonimmu, charmedimmu, exhaustionimmu, frightenedimmu, grappledimmu, paralyzedimmu, petrifiedimmu, poisonedimmu, proneimmu, restrainedimmu	Darkvision 60	Alive	Ethereal Sight, Incorporeal Movement, Magic Resistance, Magical Radiance																		
Giant Constrictor Snake, Ice Serpent	Huge	Elemental	2		Forgotten Realms Stat Blocks (★★★)	u/Drewfro666	60	12	80	U	19	14	12	5	10	3	None	Perception	Fireweak, coldimmu	Blindsight 10	None	None																		
Green Warder	Medium	Plant	2.00		Forgotten Realms Stat Blocks (★★★)	u/Drewfro666	45	12	20	CG	15	10	14	7	16	11	None	None	None	Normal	Elvish	Alarm, Confusion, Sleep																		
Lycanthrope, Werecat	Medium	Humanoid	2.00		Forgotten Realms Stat Blocks (★★★)	u/Drewfro666	36	12	40, climb 30	CG	8	15	10	12	15	15	None	Perception, Stealth	Nonmagicalres, nonsilveredres	Normal	Common	SHapechanger, Keen Smell, Normal Spellcasting																		
Malaugrym	Medium	Aberration	2.00		Forgotten Realms Stat Blocks (★★★)	u/Drewfro666	33	13	fly 30	CE	13	16	12	16	13	17	None	Deception	Silveredweak, poisonimmu, nonsilveredimmu, poisonedimmu	Darkvision 120	Common, Own	Shapechanger, Magic Resistance, Silver Anathema																		
Nyth	Small	Aberration	2.00		Forgotten Realms Stat Blocks (★★★)	u/Drewfro666	21	19	fly 50	LE	6	28	10	11	14	12	None	None	Fireimmu, lightningimmu, charmedimmu, frightenedimmu	Darkvision 60	Common	Energy Absorption, Innate Spellcsating, Reflect Magic Missiles, Silence																		
Slime, Crystal	Small	Ooze	2.00		Handbook of Slime Rheology (★★)	u/_Metabot	55	15	35	U	13	9	15	2	6	8	None	None	Blindedimmu, charmedimmu, deafenedimmu, exhaustionimmu, frightenedimmu, proneimmu	Blindsight 30	None	Hard Shell																		
Slime, Pool	Large	Ooze	2.00		Handbook of Slime Rheology (★★)	u/_Metabot	82	13	35	U	4	16	20	2	6	8	None	None	Blindedimmu, charmedimmu, deafenedimmu, exhaustionimmu, frightenedimmu, proneimmu	Blindsight 30	None	Swarm Form, Pool Form																		
Dragonwing	Medium	Humanoid (Human)	2.00		Hoard of the Dragon Queen	Wizards of the Coast	32	14	30	NE	9	16	13	11	10	12	WIS	Deception, Stealth	None	Normal	Common, Draconic	Dragon Fanatic, Fanatical Advantage, Pack Tactics																		
Clear River Jelly	Large	Ooze	2.00	https://dreamsandfevers.blogspot.com/2018/11/clear-river-jellies.html	https://dreamsandfevers.blogspot.com/2018/11/clear-river-jellies.html	u/BreakfastBread	45	8	10, swim 15, climb 10	U	16	6	15	4	6	1																								
Cultist, Brine	Medium	Humanoid (Any Race)	2	https://drive.google.com/file/d/1YxCrJevrMZL4M4xqCkHSQ960D7PLr2R0/view	https://drive.google.com/file/d/1YxCrJevrMZL4M4xqCkHSQ960D7PLr2R0/view	u/badooga1	65	15	30, swim 40	CE	14	14	14	12	12	12																								
Necrophage	Medium	Undead	2.00	https://homebrewery.naturalcrit.com/share/SJZnys8tdm	https://homebrewery.naturalcrit.com/share/SJZnys8tdm	u/DominatorV4	39	16	30	U	18	18	16	21	15	15																								
Behir Minion, Guard Snake	Medium	Monstrosity	2	https://i.redd.it/04zkmr1f24431.png	https://i.redd.it/04zkmr1f24431.png	u/TheArenaGuy	45	15	40	LE	10	17	14	4	9	7																								
Behir Minion, Kobold Viper Magistrate	Small	Humanoid	2	https://i.redd.it/04zkmr1f24431.png	https://i.redd.it/04zkmr1f24431.png	u/TheArenaGuy	36	15	30, climb 30	LE	9	17	12	10	9	12																								
Brood Spider	Large	Beast	2.00	https://i.redd.it/3t0yypbvle231.png	https://i.redd.it/3t0yypbvle231.png	u/BaconTheTasty	27	14	30, climb 30	U	14	16	12	2	12	4																								
Moana, Barbarian	Medium	Humanoid (Human)	2	https://i.redd.it/r2rlidrcot731.png	https://i.redd.it/r2rlidrcot731.png	u/Squishilicious	52	15	30	NG	14	16	14	10	14	11																								
Drop Bear	Small	Monstrosity	2	https://i.redd.it/syt1q7c3biv21.png	https://i.redd.it/syt1q7c3biv21.png	u/5ash	22	11	20, climb 30	CE	14	13	12	3	14	8																								
White Band, Mage	Medium	Humanoid	2	https://imgur.com/gallery/wRu122h	https://imgur.com/gallery/wRu122h	u/kinseki	80	14	30	LN	12	12	12	16	14	12																								
Slothshark	Medium	Monstrosity	2	https://www.reddit.com/r/1d6Adventurers/comments/6q44qx/shark_week_bonus_monster_slothshark/	https://www.reddit.com/r/1d6Adventurers/comments/6q44qx/shark_week_bonus_monster_slothshark/	1d6Adventurers																																		
Ghoul, Frog	Medium	Undead	2	https://www.reddit.com/r/monsteraday/comments/3pd73a/day_64_froghoul/	https://www.reddit.com/r/monsteraday/comments/3pd73a/day_64_froghoul/	StoneStrix																																		
Evil Doll	Tiny	Construct	2	https://www.reddit.com/r/monsteraday/comments/3qaafe/day_71_evil_doll/	https://www.reddit.com/r/monsteraday/comments/3qaafe/day_71_evil_doll/	StoneStrix																																		
Winged Ape	Medium	Monstrosity	2	https://www.reddit.com/r/monsteraday/comments/3qzcso/day_76_winged_ape/	https://www.reddit.com/r/monsteraday/comments/3qzcso/day_76_winged_ape/	StoneStrix																																		
Hawkfox	Medium	Monstrosity	2	https://www.reddit.com/r/monsteraday/comments/3rin2p/day_80_hawkfox/	https://www.reddit.com/r/monsteraday/comments/3rin2p/day_80_hawkfox/	StoneStrix																																		
Bullywug Shaman	Medium	Humanoid (Bullywug)	2	https://www.reddit.com/r/monsteraday/comments/3s5md9/day_85_bullywug_shaman/	https://www.reddit.com/r/monsteraday/comments/3s5md9/day_85_bullywug_shaman/	StoneStrix																																		
Lizardfolk Monk	Medium	Humanoid (Lizardfolk)	2	https://www.reddit.com/r/monsteraday/comments/3sfio5/day_87_lizardfolk_monk/	https://www.reddit.com/r/monsteraday/comments/3sfio5/day_87_lizardfolk_monk/	StoneStrix																																		
NPC, Pirate Axe Thrower	Medium	Humanoid (Any Race)	2	https://imgur.com/grim-sea-pirates-29AfC8m	https://www.reddit.com/r/monsteraday/comments/3t6n4i/day_93_grim_sea_pirates/	StoneStrix																																		
Beast of Ill Omen	Large	Monstrosity	2	https://www.reddit.com/r/monsteraday/comments/3tplf0/day_97_beast_of_ill_omen/	https://www.reddit.com/r/monsteraday/comments/3tplf0/day_97_beast_of_ill_omen/	StoneStrix																																		
Terrahawk	Tiny	Elemental	2	https://www.reddit.com/r/monsteraday/comments/5wybf7/day_3_terrahawk/	https://www.reddit.com/r/monsteraday/comments/5wybf7/day_3_terrahawk/	1d6Adventurers																																		
Greblin	Small	Humanoid (Goblinoid)	2	https://www.reddit.com/r/monsteraday/comments/5y31i2/day_7_greblin/	https://www.reddit.com/r/monsteraday/comments/5y31i2/day_7_greblin/	1d6Adventurers																																		
Thunderhawk	Tiny	Elemental	2.00	https://www.reddit.com/r/monsteraday/comments/5zlq91/day_13_thunderhawk/	https://www.reddit.com/r/monsteraday/comments/5zlq91/day_13_thunderhawk/	1d6Adventurers																																		
Giant Bombardier Beetle	Medium	Beast	2	https://www.reddit.com/r/monsteraday/comments/62g0gb/day_24_giant_bombardier_beetle/	https://www.reddit.com/r/monsteraday/comments/62g0gb/day_24_giant_bombardier_beetle/	1d6Adventurers																																		
Mud Pie	Medium	Ooze	2	https://www.reddit.com/r/monsteraday/comments/638ujz/day_26_mud_pie_muddle/	https://www.reddit.com/r/monsteraday/comments/638ujz/day_26_mud_pie_muddle/	1d6Adventurers																																		
Bog Drowned	Medium	Undead	2	https://www.reddit.com/r/monsteraday/comments/63v0a3/day_29_bog_drowned/	https://www.reddit.com/r/monsteraday/comments/63v0a3/day_29_bog_drowned/	1d6Adventurers																																		
Hobgoblin Phalanx	Large	Humanoid (Goblinoid)	2	https://www.reddit.com/r/monsteraday/comments/657j0x/day_34_hobgoblin_phalanx/	https://www.reddit.com/r/monsteraday/comments/657j0x/day_34_hobgoblin_phalanx/	1d6Adventurers																																		
NPC, Pygmy Elder	Small	Humanoid (Any Race)	2	https://www.reddit.com/r/monsteraday/comments/684ljy/day_45_pygmies/	https://www.reddit.com/r/monsteraday/comments/684ljy/day_45_pygmies/	1d6Adventurers																																		
Pigasus, Hell-boar	Large	Fiend	2	https://www.reddit.com/r/monsteraday/comments/6c5hpo/day_60_pigasus/	https://www.reddit.com/r/monsteraday/comments/6c5hpo/day_60_pigasus/	1d6Adventurers																																		
Hag, Bag	Medium	Fey	2	https://www.reddit.com/r/monsteraday/comments/6g2xfv/day_74_bag_hag/	https://www.reddit.com/r/monsteraday/comments/6g2xfv/day_74_bag_hag/	1d6Adventurers																																		
Bugbear Totemic	Medium	Humanoid (Goblinoid)	2	https://www.reddit.com/r/monsteraday/comments/6gu9jy/day_76_bugbear_totemic/	https://www.reddit.com/r/monsteraday/comments/6gu9jy/day_76_bugbear_totemic/	1d6Adventurers																																		
NPC, Druid, Circle of the Shepherd	Medium	Humanoid (Any Race)	2	https://www.reddit.com/r/monsteraday/comments/6h9klv/day_78_1d6_druids/	https://www.reddit.com/r/monsteraday/comments/6h9klv/day_78_1d6_druids/	1d6Adventurers																																		
NPC, Fighter, Scout	Small	Humanoid (Any Race)	2	https://www.reddit.com/r/monsteraday/comments/6inwbn/day_83_1d6_fighters/	https://www.reddit.com/r/monsteraday/comments/6inwbn/day_83_1d6_fighters/	1d6Adventurers																																		
Oozing Defender	Medium	Ooze	2	https://www.reddit.com/r/monsteraday/comments/6kbjyg/day_89_oozing_defender/	https://www.reddit.com/r/monsteraday/comments/6kbjyg/day_89_oozing_defender/	1d6Adventurers																																		
NPC, Ranger, Horizon Walker	Small	Humanoid (Any Race)	2	https://www.reddit.com/r/monsteraday/comments/6mw4ro/day_98_1d6_rangers/	https://www.reddit.com/r/monsteraday/comments/6mw4ro/day_98_1d6_rangers/	1d6Adventurers																																		
Archon, Lantern	Tiny	Celestial	2	https://www.reddit.com/r/monsteraday/comments/6nv75l/day_101_lantern_archon/	https://www.reddit.com/r/monsteraday/comments/6nv75l/day_101_lantern_archon/	1d6Adventurers																																		
NPC, Warlock, Seeker	Medium	Humanoid (Any Race)	2	https://www.reddit.com/r/monsteraday/comments/6r6g7v/day_113_1d6_warlocks/	https://www.reddit.com/r/monsteraday/comments/6r6g7v/day_113_1d6_warlocks/	1d6Adventurers																																		
Blue Glaucus Swarm	Medium	Beast (Swarm)	2	https://www.reddit.com/r/monsteraday/comments/6x1bad/day_133_blue_glaucus/	https://www.reddit.com/r/monsteraday/comments/6x1bad/day_133_blue_glaucus/	1d6Adventurers																																		
Kuo-Toa Mariner	Medium	Humanoid (Kuo-toa)	2	https://www.reddit.com/r/monsteraday/comments/6y9t0d/day_137_kuotoa_mariner/	https://www.reddit.com/r/monsteraday/comments/6y9t0d/day_137_kuotoa_mariner/	1d6Adventurers																																		
Bullywug Skirmisher	Medium	Humanoid (Bullywug)	2	https://www.reddit.com/r/monsteraday/comments/6yp8sj/day_138_bullywug_skirmisher/	https://www.reddit.com/r/monsteraday/comments/6yp8sj/day_138_bullywug_skirmisher/	1d6Adventurers																																		
Cadaver Fly-Trap	Medium	Undead	2	https://www.reddit.com/r/monsteraday/comments/6zwlzr/day_143_cadaver_flytrap/	https://www.reddit.com/r/monsteraday/comments/6zwlzr/day_143_cadaver_flytrap/	1d6Adventurers																																		
NPC, Cult Apothecary	Medium	Humanoid (Any Race)	2	https://www.reddit.com/r/monsteraday/comments/78hugm/day_172_cult_apothecary/	https://www.reddit.com/r/monsteraday/comments/78hugm/day_172_cult_apothecary/	1d6Adventurers																																		
Gremlin	Small	Monstrosity	2	https://www.reddit.com/r/monsteraday/comments/7a60cg/day_178_gremlin/	https://www.reddit.com/r/monsteraday/comments/7a60cg/day_178_gremlin/	1d6Adventurers																																		
Bonewing Landskimmer	Large	Monstrosity	2.00	https://www.reddit.com/r/monsteraday/comments/7cxzd9/day_187_bonewing_landskimmer/	https://www.reddit.com/r/monsteraday/comments/7cxzd9/day_187_bonewing_landskimmer/	1d6Adventurers																																		
NPC, Herbalist	Medium	Humanoid (Any Race)	2.00	https://www.reddit.com/r/monsteraday/comments/7d6jqy/day_188_herbalist/	https://www.reddit.com/r/monsteraday/comments/7d6jqy/day_188_herbalist/	1d6Adventurers																																		
Kobold Holethrower	Small	Humanoid (Kobold)	2	https://www.reddit.com/r/monsteraday/comments/7ihkpg/day_205_kobold_holethrower/	https://www.reddit.com/r/monsteraday/comments/7ihkpg/day_205_kobold_holethrower/	1d6Adventurers																																		
Ornemental	Tiny	Elemental	2	https://www.reddit.com/r/monsteraday/comments/7knhv5/day_211_ornemental/	https://www.reddit.com/r/monsteraday/comments/7knhv5/day_211_ornemental/	1d6Adventurers																																		
Workshop Elves	Tiny	Fey	2.00	https://www.reddit.com/r/monsteraday/comments/7ljux0/day_215_workshop_elves/	https://www.reddit.com/r/monsteraday/comments/7ljux0/day_215_workshop_elves/	1d6Adventurers																																		
Giant Three-Banded Armadillo	Medium	Beast	2.00	https://www.reddit.com/r/monsteraday/comments/7maaku/day_217_giant_threebanded_armadillo/	https://www.reddit.com/r/monsteraday/comments/7maaku/day_217_giant_threebanded_armadillo/	1d6Adventurers																																		
Hadozee Deckhand	Medium	Humanoid (Hadozee)	2	https://www.reddit.com/r/monsteraday/comments/7mozq4/day_219_hadozee_deckhand/	https://www.reddit.com/r/monsteraday/comments/7mozq4/day_219_hadozee_deckhand/	1d6Adventurers																																		
Trollling	Medium	Giant	2	https://www.reddit.com/r/monsteraday/comments/8evpgl/day_303_trollling/	https://www.reddit.com/r/monsteraday/comments/8evpgl/day_303_trollling/	1d6Adventurers																																		
Cooshee	Medium	Fey	2	https://www.reddit.com/r/monsteraday/comments/8hz7d3/day_312_cooshee/	https://www.reddit.com/r/monsteraday/comments/8hz7d3/day_312_cooshee/	1d6Adventurers																																		
Limpetfolk Slicer	Medium	Humanoid (Limpetfolk)	2	https://www.reddit.com/r/monsteraday/comments/8rdh7m/day_340_limpetfolk_slicer/	https://www.reddit.com/r/monsteraday/comments/8rdh7m/day_340_limpetfolk_slicer/	1d6Adventurers																																		
Orizaba	Medium	Fey	2	https://www.reddit.com/r/monsteraday/comments/8uupio/day_350_orizaba/	https://www.reddit.com/r/monsteraday/comments/8uupio/day_350_orizaba/	1d6Adventurers																																		
Banderhobb, Blanderhobb	Medium	Monstrosity	2	https://www.reddit.com/r/monsteraday/comments/8vl33n/day_351_blanderhobb/	https://www.reddit.com/r/monsteraday/comments/8vl33n/day_351_blanderhobb/	1d6Adventurers																																		
Mandragora	Small	Plant	2	https://www.reddit.com/r/monsteraday/comments/8vupzt/day_352_mandragora/	https://www.reddit.com/r/monsteraday/comments/8vupzt/day_352_mandragora/	1d6Adventurers																																		
Hugbear	Medium	Humanoid (Goblinoid)	2.00	https://www.reddit.com/r/monsteraday/comments/8xe9x3/day_356_hugbear/	https://www.reddit.com/r/monsteraday/comments/8xe9x3/day_356_hugbear/	1d6Adventurers																																		
Caustic Ant, Drone	Medium	Beast	2.00		Ixor's Manual of Monstrous Findings (★★)	u/thorn1993	55	13	30, climb 30, fly 60	U	18	12	12	2	11	4	None	Athletics, Survival	Acidimmu	Blindsight 60	None	Ant Pheromones, Heavy Lifter, Spider Climb, Vitriolic Innards																		
Caustic Ant, Princess	Medium	Beast	2		Ixor's Manual of Monstrous Findings (★★)	u/thorn1993	55	13	30, climb 30, fly 40	U	18	12	12	2	11	4	None	Athletics, Survival	Acidimmu	Blindsight 60	None	Ant Pheromones, Heavy Lifter, Spider Climb, Vitriolic Innards																		
Caustic Ant, Worker	Medium	Beast	2		Ixor's Manual of Monstrous Findings (★★)	u/thorn1993	55	13	30, climb 30	U	18	12	12	2	11	4	None	Athletics, Survival	Acidimmu	Blindsight 60	None	Ant Pheromones, Heavy Lifter, Spider Climb, Vitriolic Innards																		
Dinosaur, Dilophosaurus, Spraying	Large	Beast	2		Ixor's Manual of Monstrous Findings (★★)	u/thorn1993	37	13	40	U	8	15	14	3	12	8	None	Perception	None	Normal	None	None																		
Misc. Creature, Crockal	Medium	Beast	2		Ixor's Manual of Monstrous Findings (★★)	u/thorn1993	65	15	40	U	14	16	14	3	12	6	None	Perception, Stealth	None	Normal	None	Hold Breath, Keen Hearing, Pack Tactics																		
NPC, Basilisk Hunter	Medium	Humanoid (Any Race)	2		Ixor's Manual of Monstrous Findings (★★)	u/thorn1993	97	16	30	LG	15	12	14	11	14	12	None	Perception, Survival	None	Normal	Common	Mirrored Shield, Normal Spellcasting																		
NPC, Luchador	Medium	Humanoid (Any Race)	2		Ixor's Manual of Monstrous Findings (★★)	u/thorn1993	84	14	30	CN	16	14	14	8	12	15	None	Athletics, Performance	None	Normal	Common, Dwarvish	Grappler, Slippery, Unarmored Defense																		
Skeleton Defender	Medium	Undead	2		Ixor's Manual of Monstrous Findings (★★)	u/thorn1993	65	15	30	LE	17	13	15	6	8	5	None	None	Bludgeoningweak, poisonimmu, exhaustionimmu, poisonedimmu	Darkvision 60	Alive	None																		
The Frozen, Swordsman	Medium	Undead	2		Ixor's Manual of Monstrous Findings (★★)	u/thorn1993	82	13	30	CE	15	12	16	5	8	5	None	None	Bludgeoningweak, poisonimmu, coldimmu, exhaustionimmu, poisonedimmu	Darkvision 60	Alive	Shard Flurry																		
Lash Fiend	Medium	Fiend	2		Mike Mearls' Fiends (★)	Mike Mearls	45	13	30	CE	16	13	17	11	10	12	None	None	Psychicimmu, charmedimmu, frightenedimmu	Darkvision 30	Common, Undercommon	Reap the Pain																		
Fanged Beast, Bulldrome	Large	Beast	2		Monster Hunter's Manual (★★★★)	u/Amellwind	59	12	40	U	17	11	16	2	7	5	None	None	None	Normal	None	Charge, AGgressive																		
Herbivore, Renoplos	Medium	Beast	2		Monster Hunter's Manual (★★★★)	u/Amellwind	45	14	40	U	19	8	15	2	12	5	None	None	None	Normal	None	CHarge, Keen Hearing																		
Theropod, Baggi, Great	Large	Beast	2		Monster Hunter's Manual (★★★★)	u/Amellwind	59	13	30	U	18	13	16	2	10	5	None	Athletics	None	Normal	None	Brute, Pounce																		
Theropod, Jaggi, Great	Large	Beast	2		Monster Hunter's Manual (★★★★)	u/Amellwind	59	13	30	U	17	13	16	2	10	5	None	Athletics	None	Normal	None	Brute, Pounce																		
Theropod, Maccao, Great	Large	Beast	2		Monster Hunter's Manual (★★★★)	u/Amellwind	52	14	40	U	16	13	14	2	11	6	None	None	None	Normal	None	Standing Leap																		
Theropod, Wroggi, Great	Large	Beast	2		Monster Hunter's Manual (★★★★)	u/Amellwind	59	13	30, swim 30	U	18	13	16	2	10	5	None	Athletics	None	Normal	None	Brute, Pounce																		
Wyvern, Piscine, Cephalos	Large	Dragon	2		Monster Hunter's Manual (★★★★)	u/Amellwind	52	11	20, burrow 30	U	18	12	15	7	9	5	None	Perception	None	Normal	None	Sensitive Ears, Keen Hearing																		
Animated Object, Rug of Smothering	Large	Construct	2		Monster Manual	Wizards of the Coast	33	12	10	U	17	14	10	1	3	1	None	None	Poisonimmu, psychicimmu, blindedimmu, charmedimmu, deafenedimmu, frightenedimmu, paralyzedimmu, petrifiedimmu, poisonimmu	Blindsight 60	None	Antimagic, Damage Transfer, False																		
Ankheg	Large	Monstrosity	2		Monster Manual	Wizards of the Coast	39	14	30, 10 burrow	U	17	11	13	1	13	6	None	None	None	Darkvision 60, tremorsense 60	None	None																		
Azer	Medium	Elemental	2		Monster Manual	Wizards of the Coast	39	17	30	LN	17	12	15	12	13	10	CON	None	Fireimmu, poisonimmu, poisonimmu	Normal	Ignan	Heated Body, Heated Weapons, Illumination																		
Carrion Crawler	Large	Monstrosity	2		Monster Manual	Wizards of the Coast	51	13	30, 30 climb	U	14	13	16	1	12	5	None	Perception	None	Darkvision 60	None	Keen Smell, Spider Climb																		
Centaur	Large	Monstrosity	2		Monster Manual	Wizards of the Coast	45	12	50	NG	18	14	14	9	13	11	None	Athletics, Perception, Survival	None	Normal	Elvish, Sylvan	Charge																		
Devil, Spined	Small	Fiend (Devil)	2.00		Monster Manual	Wizards of the Coast	22	15	20, 40 fly	LE	10	15	12	11	14	8	None	None	Coldres, nonmagicalres, nonsilveredres, fireimmu, poisonimmu, poisonedimmu	Darkvision 120	Infernal, telepathy 120	Devil's Sight, Flyby, Limited Spines, Magic Resistance																		
Dinosaur, Allosaurus	Large	Beast	2		Monster Manual	Wizards of the Coast	51	13	60	U	19	13	17	2	12	5	None	Perception	None	Normal	None	Pounce																		
Dinosaur, Plesiosaurus	Large	Beast	2		Monster Manual	Wizards of the Coast	68	13	20, swim 40	U	18	15	16	2	12	5	None	Perception, Stealth	None	Normal	None	Hold Breath																		
Dragon, Chromatic, Black, Wyrmling	Medium	Dragon	2		Monster Manual	Wizards of the Coast	33	17	30, fly 60, 30 swim	CE	15	14	13	10	11	13	DEX, CON, WIS, CHA	Perception, Stealth	Acidimmu	Blindsight 30, darkvision 120	Common, Draconic	Amphibious																		
Dragon, Chromatic, Green, Wyrmling	Medium	Dragon	2		Monster Manual	Wizards of the Coast	38	17	30, fly 60, swim 30	LE	15	12	13	14	11	13	DEX, CON, WIS, CHA	Perception, Stealth	Poisonimmu, poisonedimmu	Blindsight 30, darkvision 120	Draconic	Amphibious																		
Dragon, Chromatic, White, Wyrmling	Medium	Dragon	2		Monster Manual	Wizards of the Coast	32	16	30, burrow 15, fly 60, swim 30	CE	14	10	14	5	10	11	DEX, CON, WIS, CHA	Perception, Stealth	Coldimmu	Blindsight 10, darkvision 60	Draconic	Ice Walk																		
Dragon, Metallic, Bronze, Wyrmling	Medium	Dragon	2		Monster Manual	Wizards of the Coast	32	17	30, fly 60, swim 30	LG	17	10	15	12	11	15	DEX, CON, WIS, CHA	Perception, Stealth	Lightningimmu	Blindsight 10, darkvision 60	Draconic	Amphibious																		
Dragon, Metallic, Silver, Wyrmling	Medium	Dragon	2		Monster Manual	Wizards of the Coast	45	17	30, fly 60	LG	19	10	17	12	11	15	DEX, CON, WIS, CHA	Perception, Stealth	Coldimmu	Blindsight 10, darkvision 60	Draconic	None																		
Ettercap	Medium	Monstrosity	2		Monster Manual	Wizards of the Coast	44	13	30, climb 30	NE	14	15	13	7	12	8	None	Perception, Stealth, Survival	None	Darkvision 60	None	Spider Climb, Web Sense, Web Walker																		
Gargoyle	Medium	Elemental	2		Monster Manual	Wizards of the Coast	52	15	30, fly 60	CE	15	11	16	6	11	7	None	None	Nonadamantineres, poisonimmu, exhaustionimmu, petrifiedimmu, poisonedimmu	Darkvision 60	Terran	False Appearance																		
Ghoul, Ghast	Medium	Undead	2		Monster Manual	Wizards of the Coast	36	13	30	CE	16	17	10	11	10	8	None	None	Necroticres, poisonimmu, charmedimmu, exhaustionimmu, poisonedimmu	Darkvision 60	Common	Stench, Turning Defiance																		
Gibbering Mouther	Medium	Aberration	2		Monster Manual	Wizards of the Coast	67	9	10, swim 10	N	10	8	16	3	10	6	None	None	Proneimmu	Darkvision 60	None	Aberrant Ground, Gibbering																		
Githzerai Monk	Medium	Humanoid	2		Monster Manual	Wizards of the Coast	38	14	30	LN	12	15	12	13	14	10	STR, DEX, INT, WIS	Insight, Perception	None	Normal	Own	Innate Spellcasting (Psionics), Psychic Defense																		
Gnoll Pack Lord	Medium	Humanoid	2		Monster Manual	Wizards of the Coast	49	15	30	CE	16	14	13	8	11	9	None	None	None	Darkvision 60	Gnoll	Rampage																		
Grick	Medium	Monstrosity	2		Monster Manual	Wizards of the Coast	27	14	30, climb 30	N	14	14	11	3	14	5	None	None	Nonmagicalres	Darkvision 60	None	Stone Camouflage																		
Griffon	Large	Monstrosity	2		Monster Manual	Wizards of the Coast	59	12	30, fly 80	U	18	15	16	2	13	8	None	Perception	None	Darkvision 60	None	Keen Sight																		
Hag, Sea	Medium	Fey	2		Monster Manual	Wizards of the Coast	52	14	30, swim 40	CE	16	13	16	12	12	13	None	None	None	Darkvision 60	Aquan, Common, Giant	Amphibious, Horrific Appearance																		
Intellect Devourer	Tiny	Aberration	2		Monster Manual	Wizards of the Coast	21	12	40	LE	6	14	13	12	11	10	None	Perception, Stealth	Nonmagicalres, blindedimmu	Blindsight 60	Deep Speech, telepathy 60	Detect Sentience																		
Lizardfolk Shaman	Medium	Humanoid	2		Monster Manual	Wizards of the Coast	27	13	30, swim 30	N	15	10	13	10	15	8	None	Perception, Stealth, Survival	None	Normal	Draconic	Hold Breath, Normal Spellcasting																		
Lycanthrope, Wererat	Medium	Humanoid	2		Monster Manual	Wizards of the Coast	33	12	30	LE	10	15	12	11	10	8	None	Perception, Stealth	Nonmagicalimmu, nonsilveredimmu	Darkvision 60	Common	Shapechanger, Keen Smell																		
Merrow	Large	Monstrosity	2		Monster Manual	Wizards of the Coast	45	13	10, swim 40	CE	18	10	15	8	10	9	None	Death Burst, Innate Spellcasting	None	Darkvision 60	Abyssal, Aquan	Amphibious																		
Mimic	Medium	Monstrosity	2	https://www.dndbeyond.com/monsters/16957-mimic	Monster Manual	Wizards of the Coast	58	12	15	N	17	12	15	5	13	8	None	Stealth	Acidimmu, proneimmu	Darkvision 60	None	Shapechanger, Adhesive, False Appearance, Grappler																		
Misc. Creature, Awakened Tree	Huge	Plant	2	https://www.dndbeyond.com/monsters/16792-awakened-tree	Monster Manual	Wizards of the Coast	59	13	20	U	19	6	15	10	10	7	None	None	Fireweak, bludgeoningres, piercingres	Normal	Creator	False Appearance																		
Misc. Creature, Giant Boar	Large	Beast	2	https://www.dndbeyond.com/monsters/16876-giant-boar	Monster Manual	Wizards of the Coast	42	12	40	U	17	10	16	2	7	5	None	None	None	Normal	None	Charge, Relentless																		
Misc. Creature, Giant Constrictor Snake	Huge	Beast	2	https://www.dndbeyond.com/monsters/16878-giant-constrictor-snake	Monster Manual	Wizards of the Coast	60	12	30, swim 30	U	19	14	12	1	10	3	None	Perception	None	Blindsight 10	None	None																		
Misc. Creature, Giant Elk	Huge	Beast	2	https://www.dndbeyond.com/monsters/16882-giant-elk	Monster Manual	Wizards of the Coast	42	14	60	U	19	16	14	7	14	10	None	Perception	None	Normal	Own, Common, Elvish, Sylvan	Charge																		
Misc. Creature, Hunter Shark	Large	Beast	2	https://www.dndbeyond.com/monsters/16928-hunter-shark	Monster Manual	Wizards of the Coast	45	12	swim 40	U	18	13	15	1	10	4	None	Perception	None	Blindsight 30	None	Blood Frenzy, Water Breathing																		
Misc. Creature, Polar Bear	Large	Beast	2	https://roll20.net/compendium/dnd5e/Polar%20Bear#content	Monster Manual	Wizards of the Coast	42	12	40, swim 30	U	20	10	16	2	13	7	None	Perception	None	Normal	None	Keen Smell																		
Misc. Creature, Rhinoceros	Large	Beast	2		Monster Manual	Wizards of the Coast	45	11	40	U	21	8	15	2	12	6	None	None	None	Normal	None	Charge																		
Misc. Creature, Saber-Toothed Tiger	Large	Beast	2		Monster Manual	Wizards of the Coast	52	12	40	U	18	14	15	3	12	8	None	Perception, Stealth	None	Normal	None	Keen Smell, Pounce																		
Misc. Creature, Swarm of Poisonous Snakes	Medium	Beast	2		Monster Manual	Wizards of the Coast	36	14	30, swim 30	U	8	18	11	1	10	3	None	None	Bludgeoningres, piercingres, slashingres, charmedimmu, frightenedimmu, paralyzedimmu, petrifiedimmu, proneimmu, restrainedimmu, stunnedimmu	Blindsight 10	None	Swarm																		
Modron, Pentadrone	Large	Construct	2		Monster Manual	Wizards of the Coast	32	16	40	LN	15	14	12	10	10	13	None	Perception	None	Truesight 120	Modron	Axiomatic Mind, Disintegration																		
Myconid Sovereign	Large	Plant	2		Monster Manual	Wizards of the Coast	60	13	30	LN	12	10	14	13	15	10	None	None	None	Darkvision 120	None	Distress Spores, Sun Sickness																		
Nothic	Medium	Aberration	2		Monster Manual	Wizards of the Coast	45	15	30	NE	14	16	16	13	10	8	None	Arcana, Insight, Perception, Stealth	None	Truesight 120	Undercommon	Keen Sight																		
NPC, Bandit Captain	Medium	Humanoid	2		Monster Manual	Wizards of the Coast	65	15	30	NOT LAWFUL	15	16	14	14	11	14	STR, DEX, WIS	Athletics, Deception	None	Normal	Any	None																		
NPC, Berserker	Medium	Humanoid	2		Monster Manual	Wizards of the Coast	67	13	30	ANY CHAOTIC	16	12	17	9	11	9	None	None	None	Normal	Any	Reckless																		
NPC, Cult Fanatic	Medium	Humanoid	2.00		Monster Manual	Wizards of the Coast	33	13	30	NOT GOOD	11	14	12	10	13	14	None	Deception, Persuasion, Religion	None	Normal	Any	Dark Devotion, Normal Spellcasting																		
NPC, Druid	Medium	Humanoid	2		Monster Manual	Wizards of the Coast	27	11	30	ANY	10	12	13	12	15	11	None	Medicine, Nature, Perception	None	Normal	Druidic, Any	Normal Spellcasting																		
NPC, Priest	Medium	Humanoid	2		Monster Manual	Wizards of the Coast	27	13	25	ANY	10	10	12	13	16	13	None	Medicine, Persuasion, Religion	None	Normal	Any	Divine Eminence, Spellcasting																		
Ogre	Large	Giant	2		Monster Manual	Wizards of the Coast	59	11	40	CE	19	8	16	5	7	7	None	None	None	Darkvision 60	Common, Giant	None																		
Ooze, Gelatinous Cube	Large	Ooze	2		Monster Manual	Wizards of the Coast	84	6	15	U	14	3	20	1	6	1	None	None	Blindedimmu, charmedimmu, deafenedimmu, exhaustionimmu, frightenedimmu, proneimmu	Blindsight 60	None	Ooze Cube, Transparent																		
Ooze, Ochre Jelly	Large	Ooze	2.00		Monster Manual	Wizards of the Coast	45	8	10, climb 10	U	15	6	14	2	6	1	None	None	Acidres, lightningimmu, slashingimmu, blindedimmu, charmedimmu, deafenedimmu, exhaustionimmu, frightenedimmu, proneimmu	Blindsight 60	None	Amorphous, Spider Climb																		
Orc Eye of Gruumsh	Medium	Humanoid	2.00		Monster Manual	Wizards of the Coast	45	16	30	CE	16	12	16	9	13	12	None	Intimidation, Religion	None	Darkvision 60	Common, Orc	Aggressive, Gruumsh's Fury, Normal Spellcasting																		
Orc, Orog	Medium	Humanoid	2.00		Monster Manual	Wizards of the Coast	42	18	30	CE	18	12	18	12	11	12	None	Intimidation, Survival	None	Darkvision 60	Common, Orc	Aggressive																		
Pegasus	Large	Celestial	2.00		Monster Manual	Wizards of the Coast	59	12	60, fly 90	CG	18	15	16	10	15	13	DEX, WIS, CHA	Perception	None	Normal	Celestial, Common, Elvish, Sylvan	None																		
Peryton	Medium	Monstrosity	2.00		Monster Manual	Wizards of the Coast	33	13	20, fly 60	CE	16	12	13	9	12	10	None	Perception	Nonmagicalres	Normal	Common, Elvish	Dive Attack, Flyby, Keen Sight, Keen Smell																		
Quaggoth	Medium	Humanoid	2		Monster Manual	Wizards of the Coast	45	13	30, climb 30	CN	17	12	16	6	12	7	None	Athletics	Poisonimmu, poisonedimmu	Darkvision 120	Undercommon	Wounded Fury																		
Sahuagin Priestess	Medium	Humanoid	2		Monster Manual	Wizards of the Coast	33	12	30, swim 40	LE	13	11	12	12	14	13	None	Perception, Religion	None	Darkvision 120	Own	Blood Frenzy, Limited Amphibious, Shark Telepathy, Normal Spellcasting																		
Skeleton, Minotaur	Large	Undead	2		Monster Manual	Wizards of the Coast	67	12	40	LE	18	11	15	6	8	5	None	None	Bludgeoningweak, poisonimmu, exhaustionimmu, poisonedimmu	Darkvision 60	Abyssal	Charge																		
Will-O'-Wisp	Tiny	Undead	2		Monster Manual	Wizards of the Coast	22	19	fly 50	CE	1	28	10	13	14	11	None	None	Lightningimmu, poisonimmu, acidres, coldres, fireres, necroticres, thunderres, nonmagicalres, exhaustionimmu, grappledimmu, paralyzedimmu, poisonedimmu, proneimmu, restrainedimmu, unconsciousimmu	Darkvision 120	Any	Consume Life, Ephemeral, Incorporeal Movement, Variable Illumination																		
Zombie, Ogre	Large	Undead	2		Monster Manual	Wizards of the Coast	93	8	30	NE	19	6	18	3	6	5	WIS	None	Poisonimmu, poisonedimmu	Darkvision 60	Common, Giant	Undead Fortitude																		
Clockwork, Electrum Drake	Small	Construct	2		Monster Module A-C	u/Jonoman3000	27	16	30	U	10	18	13	7	14	8																								
Cyclops, Half-Cyclops	Large	Giant	2		Monster Module A-C	u/Jonoman3000	67	13	30	N	18	12	15	10	9	11																								
Berbalang	Medium	Aberration	2		Mordenkainen's Tome of Foes	Wizards of the Coast	38	14	30, fly 40	NE	9	16	9	17	11	10	None	Arcana, History, Insight, Perception, Religion	None	Truesight 120	All	Spectral Duplicate, Innate Spellcasting																		
Demon, Rutterkin	Medium	Fiend (Demon)	2.00		Mordenkainen's Tome of Foes	Wizards of the Coast	37	12	20	CE	14	15	17	5	12	6	None	None	COldres, fireres, lightningres, poisonimmu, charmedimmu, frightenedimmu, poisonedimmu	Darkvision 120	Abyssal	Crippling Fear																		
Duergar Hammerer	Medium	Humanoid (Dwarf)	2		Mordenkainen's Tome of Foes	Wizards of the Coast	33	17	20	LE	17	7	12	5	5	5	None	None	Poisonimmu, charmedimmu, exhaustionimmu, frightenedimmu, paralyzedimmu, petrifiedimmu, poisonedimmu	Darkvision 60	Dwarvish	Engine of Pain, Siege Monster																		
Duergar Kavalrachni	Medium	Humanoid (Dwarf)	2		Mordenkainen's Tome of Foes	Wizards of the Coast	26	16	25	LE	14	11	14	11	10	9	None	None	Poisonres	Darkvision 120	Dwarvish, Undercommon	Cavalry Training, Duergar Resilience, Sunlight Sensitivity																		
Duergar Mind Master	Medium	Humanoid (Dwarf)	2		Mordenkainen's Tome of Foes	Wizards of the Coast	39	14	25	LE	11	17	14	15	10	12	WIS	Perception, Stealth	Poisonres	Darkvision 120, truesight 30	Dwarvish, Undercommon	Duergar Resilience, Sunlight Sensitivity																		
Duergar Stone Guard	Medium	Humanoid (Dwarf)	2		Mordenkainen's Tome of Foes	Wizards of the Coast	39	18	25	LE	18	11	14	11	10	9	None	None	Poisonres	Darkvision 120	Dwarvish, Undercommon	Duergar Resilience, Phalanx Formation, Sunlight Sensitivity																		
Duergar Xarrorn	Medium	Humanoid (Dwarf)	2.00		Mordenkainen's Tome of Foes	Wizards of the Coast	26	18	25	LE	16	11	14	11	10	9	None	None	Poisonres	Darkvision 120	Dwarvish, Undercommon	Duergar Resilience, Sunlight Sensitivity																		
Kruthik, Adult	Medium	Monstrosity	2		Mordenkainen's Tome of Foes	Wizards of the Coast	39	18	40, burrow 20, climb 40	U	15	16	15	7	12	8	None	None	None	Darkvision 60, tremorsense 60	Own	Keen Smell, Pack Tactics, Tunneler																		
Ogre Bolt Launcher	Large	Giant	2		Mordenkainen's Tome of Foes	Wizards of the Coast	59	13	40	CE	19	12	16	5	7	7	None	None	None	Darkvision 60	Common, Giant	None																		
Ogre Howdah	Large	Giant	2		Mordenkainen's Tome of Foes	Wizards of the Coast	59	13	40	CE	19	8	16	5	7	7	None	None	None	Darkvision 60	Common, Giant	Howdah																		
Tortle Druid	Medium	Humanoid (Tortle)	2		Mordenkainen's Tome of Foes	Wizards of the Coast	33	17	30	LN	14	10	12	11	15	12	None	Animal Handling, Nature, Survival	None	Normal	Aquan, Common	Hold Breath, Normal Spellcasting																		
Awakened Zurkhwood	Huge	Plant	2		Out of the Abyss	Wizards of the Coast	59	13	20	U	19	6	15	10	10	7	None	None	Fireweak, bludgeoningres, piercingres	Normal	Any	False Appearance																		
Duergar Darkhaft	Medium	Humanoid (Dwarf)	2		Out of the Abyss	Wizards of the Coast	26	16	25	LE	14	11	14	11	10	9	None	None	Poisonres	Darkvision 120	Dwarvish, Undercommon	Duergar Resilience, Sunlight Sensitivity, Normal Spellcasting (Psionics)																		
Duergar Keeper of the Flame	Medium	Humanoid (Dwarf)	2		Out of the Abyss	Wizards of the Coast	26	16	25	LE	14	11	14	11	10	9	None	None	Poisonres	Darkvision 120	Dwarvish, Undercommon	Duergar Resilience, Innate Spellcasting (Psionics), Normal Spellcasting																		
Ixitxachitl, Vampiric	Medium	Aberration	2	https://5e.tools/bestiary/vampiric-ixitxachitl-oota.html	Out of the Abyss	Wizards of the Coast	44	16	swim 30	CE	14	18	13	12	13	7	None	None	None	Darkvision 60	Abyssal, Own	Regeneration																		
Zuggtmoy, Chamberlain	Large	Plant	2		Out of the Abyss	Wizards of the Coast	45	13	20	CE	17	7	14	11	8	12	None	None	Bludgeoningres, piercingres	Darkvision 60	Abyssal, Undercommon	Mushroom Portal, Poison Spores																		
Lizalfos	Medium	Humanoid (Lizalfos)	2		Plane Shift - Hyrule (★)	u/LeakyLicanthrope	27	13	40	CN	13	17	12	10	14	13	DEX	Acrobatics, Perception, Stealth	None	Darkvision 120	Draconic	Hold Breath, Pack Tactics																		
Black Earth Guard	Medium	Humanoid (Human)	2		Princes of the Apocalypse	Wizards of the Coast	39	18	30	NE	17	11	14	10	10	9	None	Intimidation, Perception	None	Normal	Common	None																		
Crushing Wave Priest	Medium	Humanoid (Human)	2		Princes of the Apocalypse	Wizards of the Coast	52	13	30	NE	15	11	14	10	11	16	None	Deception, Religion, Stealth	None	Normal	Aquan, COmmon	Normal Spellcasting																		
Crushing Wave, Fathomer	Medium	Humanoid (Human)	2.00		Princes of the Apocalypse	Wizards of the Coast	52	10	30	NE	14	11	14	11	11	15	None	Arcana, Perception, Stealth	None	Normal	Aquan, Common	Shapechanger, Olhydra's Armor, Normal Spellcasting																		
Eternal Flame Guardian	Medium	Humanoid (Human)	2		Princes of the Apocalypse	Wizards of the Coast	45	17	30	CE	15	13	14	8	11	13	None	Intimidation, Perception	Fireres	Normal	Common	Flaming Weapon																		
Howling Hatred Priest	Medium	Humanoid (Human)	2		Princes of the Apocalypse	Wizards of the Coast	45	15	30	NE	12	16	10	14	10	14	None	Acrobatics, Intimidation, Religion	None	Normal	Auran, Common	Hold Breath, Normal Spellcasting																		
Howling Hatred, Hurricane	Medium	Humanoid (Human)	2		Princes of the Apocalypse	Wizards of the Coast	33	14	45	LE	12	16	13	10	12	10	None	Acrobatics	None	Normal	Auran, Common	Normal Spellcasting, Unarmored Defense, Unarmored Movement																		
Corpse Spider	Medium	Monstrosity	2		Single (★)	u/FratmanBootcake	97	14	30, climb 30	CE	12	15	14	10	11	5	None	Stealth	Radiantweak, acidimmu, necroticimmu	Darkvision 60, tremorsense 10	None	Spider Climb																		
Socae	Small	Aberration	2		Single (★)	u/SwordMeow	81	11	90	LN	12	13	13	19	7	9	DEX, INT	Acrobatics, Investigation, Religion	Acidres, coldres, fireres, lightningres, thunderres, nonsilveredres, nonadamantineres, forceimmu, necroticimmu, poisonimmu, psychicimmu, radiantimmu, silveredimmu, adamantineimmu	Truesight 90	Deep Speech	Inscrutable, Socialsomatic																		
NPC, Freedom Fighter	Medium	Humanoid (Any Race)	2		Single (★★★)	u/5ash	67	14	30	ANY CHAOTIC	17	14	17	11	10	15	None	Athletics, Intimidation	None	Normal	Any	Driven, Unconventional																		
Arrowhawk, Juvenile	Small	Elemental	2		Skip's Guide to Monsters (★★)	u/Drewfro666	27	15	fly 60	N	12	21	12	10	13	13	None	Perception	Coldres, fireres, acidimmu, lightningimm, poisonimmu, poisonedimmu	Darkvision 60	Auran	Dive Attack, FLyby, Keen Sight																		
Formian Warrior	Medium	Monstrosity	2		Skip's Guide to Monsters (★★)	u/Drewfro666	39	15	40	LN	16	16	14	10	12	10	None	None	Fireres, lightningres, thunderres, coldimmu, poisonimmu, petrifiedimmu, poisonedimu	Normal	None	Hive Mind																		
Genie, Janni	Medium	Elemental	2		Skip's Guide to Monsters (★★)	u/Drewfro666	52	16	30, fly 20	N	16	16	14	15	15	13	None	None	Fireres	Normal	Abyssal, CElestial, Common, Infernal, Primordial, telepathy 120	Innate Spellcasting																		
Rast	Medium	Elemental	2		Skip's Guide to Monsters (★★)	u/Drewfro666	71	15	5, fly 60	U	14	12	14	5	13	12	None	None	Fireimmu, proneimmu	Darkvision 60	None	Paralyzing Gaze																		
Spider Eater	Large	Monstrosity	2		Skip's Guide to Monsters (★★)	u/Drewfro666	76	12	30, fly 60	U	17	13	18	3	12	10	None	Perception	None	Darkvision 60	None	Keen Sight, Keen Smell																		
Sprite, Grig	Tiny	Fey	2		Skip's Guide to Monsters (★★)	u/Drewfro666	3	14	20, fly 40	NG	2	18	12	10	13	14	None	Perception, Performance, Stealth	None	Normal	Common, Sylvan	Innate Spellcasting, Magic Resistance, Standing Leap																		
Sprite, Nixie	Small	Fey	2		Skip's Guide to Monsters (★★)	u/Drewfro666	7	13	20, swim 30	N	7	16	11	12	13	18	None	Animal Handling, Deception, Perception, Performance, Stealth	None	Normal	Aquan, Sylvan	Amphibious, Innate Spellcasting, Magic Resistance																		
Vine Wisp	Large	Plant	2		Sprouting Chaos Player's Companion (★★)	u/Jonoman3000	58	16	fly 40	U	18	14	8	12	14	3	None	Perception, Stealth	None	Darkvision 120	None	Flyby, Carrier																		
Purple Worm, Wormling	Large	Monstrosity	2.00		Storm King's Thunder	Wizards of the Coast	42	12	20	U	16	7	16	1	6	2	None	None	None	Blindsight 30, tremorsense 30	None	None																		
Uthgardt Shaman	Medium	Humanoid (Human)	2		Storm King's Thunder	Wizards of the Coast	38	13	30	NE	14	12	13	10	15	12	None	Medicine, Nature, Perception, Survival	None	Normal	Bothii, COmmon	Innate Spellcasting																		
Animated Object, Table	Large	Construct	2		Tales from the Yawning Portal	Wizards of the Coast	39	15	40	U	18	8	13	1	3	1	None	None	Poisonimmu, psychicimmu, blindedimmu, charmedimmu, deafenedimmu, exhaustionimmu, frightenedimmu, paralyzedimmu, petrifiedimmu, poisonedimmu	Blindsight 60	None	Antimagic Susceptibility, False Appearance, Charge																		
Duergar Spy	Medium	Humanoid (Dwarf)	2		Tales from the Yawning Portal	Wizards of the Coast	33	15	25	LE	10	16	12	12	10	13	None	Deception, Insight, Investigation, Perception, Persuasion, Sleight of Hand, Stealth	Poisonres	Darkvision 120	Dwarvish, Undercommon	Cunning Action, Duergar Resilience, Sneak Attack, Sunlight Sensitivity																		
Giant Crayfish	Large	Beast	2		Tales from the Yawning Portal	Wizards of the Coast	45	15	30, swim 30	U	15	13	13	1	9	3	None	Stealth	None	Blindsight 30	None	Amphibious																		
Nereid	Medium	Fey	2		Tales from the Yawning Portal	Wizards of the Coast	44	13	30, swim 60	ANY CHAOTIC	10	17	12	13	14	16	None	Acrobatics, Nature, Stealth, Survival	None	Darkvision 60	Aquan, Common, Elvish, Sylvan	Amphibious, Aquatic Invisibility, Mantle Dependent, Shape Water, Speak with Animals																		
Thayan Apprentice	Medium	Humanoid (Human)	2		Tales from the Yawning Portal	Wizards of the Coast	27	12	30	NOT GOOD	10	14	12	15	13	11	None	Arcana	None	Normal	Common, Thayan	Doomvault Devotion, Normal Spellcasting																		
Thayan Warrior	Medium	Humanoid (Human)	2		Tales from the Yawning Portal	Wizards of the Coast	52	16	30	NOT GOOD	16	13	14	10	11	11	None	Perception	None	Normal	Common, Thayan	Doomvault Devotion, Pack Tactics																		
Calathgar	Small	Plant	2		Through the Ice and Snow (★)	u/LordMediocre	38	14	20, climb 20	U	14	19	14	6	15	12	None	Stealth	Coldimmu	Blindsight 30	Sylvan	Cold Healing, Keen Smell, Mold Mulch																		
Freezing Flow	Large	Ooze	2		Through the Ice and Snow (★)	u/LordMediocre	73	15	20, swim 20	U	18	16	20	2	1	1	None	None	Blindedimmu, charmedimmu, deafenedimmu, exhaustionimmu, frightenedimmu, proneimmu, coldimmu, fireweak	Blindsight 60	None	Amorphous, False Appearance																		
Hoar Spirit	Medium	Undead	2		Through the Ice and Snow (★)	u/LordMediocre	33	14	30	CE	17	15	13	10	15	15	WIS	Acrobatics, Athletics, Perception, Stealth	Poisonedimmu, coldimmu, poisonimmu, fireweak	Darkvision 60	None	Icy Form, Heatsense																		
Misc. Creature, Octopus, Blue-Ringed	Tiny	Beast	2		Through the Ice and Snow (★)	u/LordMediocre	2	16	20, swim 30	U	8	20	10	2	13	3	DEX, CON	Athletics, Stealth	None	Normal	None	Jet, Water Breathing, Underwater Camouflage																		
Misc. Creature, Walrus	Large	Beast	2		Through the Ice and Snow (★)	u/LordMediocre	51	13	10, swim 40	U	20	11	16	2	13	6	DEX, CON	Athletics, Perception	None	Normal	None	Hold Breath																		
Tentamort	Medium	Aberration	2		Through the Ice and Snow (★)	u/LordMediocre	45	14	20, climb 20	U	15	13	14	1	14	6	WIS	Athletics, Perception	None	Darkvision 60	None	None																		
Tentamort, Greater	Large	Aberration	2		Through the Ice and Snow (★)	u/LordMediocre	70	14	20, climb 20	U	15	13	14	1	14	6	WIS	Athletics, Perception	None	Darkvision 60	None	None																		
Yellow Musk Creeper	Medium	Plant	2		Tomb of Annihilation	Wizards of the Coast	60	6	5, climb 5	U	12	3	12	1	10	3	None	None	Blindedimmu, deafenedimmu, exhaustionimmu, proneimmu	Blindsight 30	None	False Appearance, Regeneration																		
Calculus Monster, Limit	Medium	Monstrosity	2	https://docs.google.com/document/d/1RYat9ybER4u0_WBGPNnN3afBu3G_uze6ZQuLpCy4M_A/edit?tab=t.0	Virasco 2000	Shwifty_meme_lord	30	18	15	CE	14	10	10	14	10	10	SavingThrowsEnums.STR, SavingThrowsEnums.INT, SavingThrowsEnums.WIS	History	Psychicres, Slashingres, Piercingres		None	None	15	4	FALSE	0	FALSE	3	0	0	0	FALSE	0	0	0	0	0	0	0	
calculus monster, continuity	Medium	Humanoid	2	https://docs.google.com/document/d/1ZalR7lS_lz-2Z88KMu2bgCedFbuBk_oElixSBwLVdoU/edit?tab=t.0	Virasco 2000	Shwifty_meme_lord	40	14	30	chaotic evil	10	10	18	20	4	4	INT, WIS, CHA	Acrobatics, Stealth, History	Psychicimmu, Necroticimmu	Normal	Common	None	15.5	0	FALSE	0	FALSE	0	2	0	16	FALSE	0	0	2	2	0	0	0	
Assorted Beast, Aurochs	Large	Beast	2		Volo's Guide to Monsters	Wizards of the Coast	38	11	50	U	20	10	19	2	12	5	None	None	None	Normal	None	Charge																		
Darkling Elder	Medium	Fey	2		Volo's Guide to Monsters	Wizards of the Coast	27	15	30	CN	13	17	12	10	14	13	None	Acrobatics, Deception, Perception, Stealth	None	Blindsight 30, darkvision 120	Elvish, Sylvan	Death Burn																		
Dinosaur, Quetzalcoatlus	Huge	Beast	2		Volo's Guide to Monsters	Wizards of the Coast	30	13	10, fly 80	U	15	13	13	2	10	5	None	Perception	None	Normal	None	Dive Attack, FLyby																		
Grung Elite Warrior	Small	Humanoid (Grung)	2		Volo's Guide to Monsters	Wizards of the Coast	49	13	25, climb 25	LE	7	16	15	10	11	12	DEX	Athletics, Perception, Stealth, Survival	Poisonimmu, poisonedimmu	Normal	Own	Amphibious, Poisonous Skin, Standing Leap																		
Guard Drake	Medium	Dragon	2		Volo's Guide to Monsters	Wizards of the Coast	52	14	30	U	16	11	16	4	10	7	None	Perception	None	Darkvision 60	Draconic, Ignan	None																		
Hobgoblin Iron Shadow	Medium	Humanoid (Goblinoid)	2		Volo's Guide to Monsters	Wizards of the Coast	32	15	40	LE	14	16	15	14	15	11	None	Acrobatics, Athletics, Stealth	None	Darkvision 60	Common, Goblin	Normal Spellcasting, Unarmored Defense																		
Meenlock	Small	Fey	2.00		Volo's Guide to Monsters	Wizards of the Coast	31	15	30	NE	7	15	12	11	10	8	None	Perception, Stealth, Survival	Frightenedimmu	Darkvision 120	Telepathy 120	Fear Aura, Light Sensitivity, Shadow Teleport																		
NPC, Bard	Medium	Humanoid (Any Race)	2		Volo's Guide to Monsters	Wizards of the Coast	44	15	30	ANY	11	14	12	10	13	14	DEX, WIS	Acrobatics, Perception, Performance	None	Normal	Any	Normal SPellcasting, Song of Rest, Taunt																		
Orc Claw of Luthic	Medium	Humanoid (Orc)	2		Volo's Guide to Monsters	Wizards of the Coast	45	14	30	CE	14	15	16	10	15	11	None	Intimidation, Medicine, Survival	None	Darkvision 60	COmmon, Orc	Aggressive, Normal Spellcasting																		
Orc Hand of Yurtrus	Medium	Humanoid (Orc)	2		Volo's Guide to Monsters	Wizards of the Coast	30	12	30	CE	12	11	16	11	14	9	None	Arcana, Intimidation, Medicine, Religion	None	Darkvision 60	Common, Orc	Aggressive, Normal Spellcasting																		
Shadow Mastiff	Medium	Monstrosity	2		Volo's Guide to Monsters	Wizards of the Coast	33	12	40	NE	16	14	13	5	12	5	None	Perception, Stealth	Nonmagicalres, darknessres	Darkvision 60	None	Ethereal Awareness, Keen Hearing, Keen Smell, Shadow Blend, Sunlight Weakness																		
Shadow Mastiff Alpha	Medium	Monstrosity	2		Volo's Guide to Monsters	Wizards of the Coast	48	12	40	NE	16	14	13	6	12	5	None	Perception, Stealth	Nonmagicalres, darknessres	Darkvision 60	None	Ethereal Awareness, Keen Hearing, Keen Smell, Shadow Blend, Sunlight Weakness																		
Vegepygmy Chief	Small	Plant	2.00		Volo's Guide to Monsters	Wizards of the Coast	33	14	30	N	14	14	14	7	12	9	None	Perception, Stealth	Lightningres, piercingres	Darkvision 60	Own	Plant Camouflage, Regeneration																		
Yuan-Ti Broodguard	Medium	Humanoid (Yuan-Ti)	2		Volo's Guide to Monsters	Wizards of the Coast	45	14	30	NE	15	14	14	6	11	4	STR, DEX, WIS	Perception	Poisonimmu, poisonedimmu	Darkvision 60	Abyssal, Common, Draconic	Mental Resistance, Reckless																		
Zombie Horde	Large	Undead	2		Zombie Horde (★)	u/Curio_Solus	80	8	20	NE	13	6	16	3	6	5	None	None	Poisonimmu, charmedimmu, frightenedimmu, grappledimmu, paralyzedimmu, petrifiedimmu, proneimmu, restrainedimmu, stunnedimmu, poisonedimmu	Darkvision 60	Alive	Horde, Undead Fortitude																		
Zombie Horde, Ravaging	Huge	Undead	2		Zombie Horde (★)	u/Curio_Solus	80	8	20	NE	13	6	16	3	6	5	None	None	Poisonimmu, charmedimmu, frightenedimmu, grappledimmu, paralyzedimmu, petrifiedimmu, proneimmu, restrainedimmu, stunnedimmu, poisonedimmu	Darkvision 60	Alive	Horde, Undead Fortitude																		
Beast, Space, Squid	Large	Beast	3	https://www.gmbinder.com/share/-LSNMh6eX2Cm0VdsuZTr#:~:text=Space%20Squid	All the Lights in the Sky Are Stars	u/aeyana	102	11	10, fly 60	U	19	13	17	4	10	4																								
NPC, Hired Gun	Medium	Humanoid (Any Race)	3	https://drive.google.com/file/d/0BwRBp4t9A8LbWjRUT0IzM2RfcGs/view?resourcekey=0-lA_Fe3jgtYGUiQ2AJtwz3Q	Arcane Artillery (☪★★★)	u/ZowJr	52	17	30	ANY	12	16	15	12	10	13	STR, DEX	None	None	Normal	Any	Quickdraw																		
Ghoul, Ancestral	Large	Undead	3	https://homebrewery.naturalcrit.com/share/Hyb4CrHRf	Bestiary of the Ancestors (★)	u/LamiaDrake	82	16	35	CE	18	13	18	14	14	6	None	None	Poisonimmu, exhaustionimmu, poisonedimmu	Darkvision 60	Common	None																		
The Swine, Swinetaur	Huge	Monstrosity	3	https://homebrewery.naturalcrit.com/share/Hyb4CrHRf	Bestiary of the Ancestors (★)	u/LamiaDrake	90	19	50	U	22	6	22	5	12	12	None	None	None	Darkvision 60	Deep Speech	Charge by Attack																		
Beauty Siren, Ekhidna	Medium	Monstrosity	3		Book of Beautiful Horrors (★★)	u/regerem	65	14	10, fly 40, swim 40	CE	17	15	14	6	10	11	None	None	Nonmagicalres	Normal	Aquan	Clumsy Moves, Dark Devotion, Limited Amphibiousness																		
Drowner, Drowned Dead	Medium	Undead	3		Book of Beautiful Horrors (★★)	u/regerem	53	12	30, burrow 10, swim 30	CE	15	16	16	8	13	10	None	Perception, Stealth	Fireweak, radiantweak, poisonimmu, charmedimmu, exhaustionimmu, poisonedimmu	Blindsight 30, darkvision 60	None	Blood Frenzy, Drowning Aura																		
Ghoul Skulker	Medium	Undead	3		Book of Beautiful Horrors (★★)	u/regerem	44	15	40	CE	16	16	13	9	10	8	None	Athletics, Stealth	Poisonimmu, charmedimmu, exhaustionimmu, poisonedimmu	Darkvision 60	Common	Skulker, Spider Climb, Standing Leap																		
Kikimore Swarm	Large	Monstrosity	3		Book of Beautiful Horrors (★★)	u/regerem	45	14	40, burrow 20	U	16	16	13	3	12	4	None	None	Bludgeoningres, piercingres, slashingres, poisonimmu, charmedimmu, frightenedimmu, paralyzedimmu, petrifiedimmu, poisonedimmu, proneimmu, restrainedimmu, stunnedimmu	Darkvision 60, tremorsense 30	None	Swarm, Virulent Venom																		
Nekker Thornheart	Small	Fey	3		Book of Beautiful Horrors (★★)	u/regerem	55	15	40, burrow 30, climb 30	CE	11	16	15	13	10	16	None	Stealth	None	Darkvisino 120	COmmon, Own, Sylvan	Fey Resilience, Heart of the Swarm, Thorn Lurker, Lair																		
NPC, Northlander, Shield Maiden	Medium	Humanoid (Human)	3		Book of Beautiful Horrors (★★)	u/regerem	45	18	30	N	14	18	16	10	13	10	DEX	Athletics, Acrobatics, Stealth	None	Normal	Common, Own	Lightfooted, Mariner																		
Rotfiend, Devourer	Medium	Undead	3.00		Book of Beautiful Horrors (★★)	u/regerem	45	13	50, burrow 10	CE	16	10	16	6	13	9	None	Perception	Fireweak, necroticimmu, poisonimmu, charmedimmu, exhaustionimmu, frightenedimmu, paralyzedimmu, poisonedimmu	Darkvision 60	None	Death Burst, Unbearable Stench																		
Satyr, Faun	Medium	Fey	3.00		Book of Beautiful Horrors (★★)	u/regerem	59	14	40	CE	16	12	19	7	13	14	None	Deception, Perception, Stealth	Nonmagicalres, nonsilveredres	Normal	Common, Sylvan	Faun Resilience																		
Wild Hunt, Warrior	Medium	Fey	3		Book of Beautiful Horrors (★★)	u/regerem	44	18	30	LE	16	17	12	10	13	14	DEX, CHA	Intimidation, Perception	Nonmagicalres, nonsilveredres, coldimmu, charmedimmu, frightenedimmu	Darkvision 60	Elvish, Primordial, Sylvan	Innate Spellcasting, Frost Weapons																		
Wraith, Shade	Medium	Undead	3		Book of Beautiful Horrors (★★)	u/regerem	45	13	fly 60	CE	6	16	14	7	12	13	None	None	Coldres, lightningres, nonmagicalres, nonsilveredres, necroticimmu, poisonimmu, charmedimmu, exhaustionimmu, garppledimmu, paralyzedimmu, petrifiedimmu, poisonedimmu, proneimmu, restrainedimmu	Darkvision 60	Alive	Incorporeal Movement, Negative Energy Aura, Shadow Shroud, Shade Weaknesses, Repelled by Salt, Sunlight Hypersensitivity																		
Zombie, Bloated	Medium	Undead	3		Book of Beautiful Horrors (★★)	u/regerem	53	10	30	NE	16	10	16	3	10	6	None	None	Poisonimmu, poisonedimmu	Darkvision 60	Alive	Death Burst, Undead Fortitude																		
Zombie, Horde	Huge	Undead	3		Book of Beautiful Horrors (★★)	u/regerem	66	8	30	NE	18	6	14	5	8	4	None	None	Bludgeoningres, piercingres, slashingres, poisonimmu, poisonedimmu, charmedimmu, frightenedimmu, paralyzedimmu, petrifiedimmu, proneimmu, restrainedimmu, stunnedimmu	Darkvision 60	Alive	Plagued, Swarm, Undead Swarm Fortitude																		
Duergar Slaver	Medium	Humanoid (Dwarf)	3		City and Wild (★★)	u/AeronDrake	45	15	25	LE	13	16	12	10	10	16	None	None	Poisonres	Darkvision 120	Dwarvish, Undercommon	Duergar Resilience, Sunlight Sensitivity, Normal Spellcasting																		
NPC, Gunslinger	Medium	Humanoid (Any Race)	3		City and Wild (★★)	u/AeronDrake	39	16	30	ANY	13	18	14	11	12	11	None	Perception	None	Normal	Any	Close Combat Gunner																		
Alma Shrae, Cleric of Balance	Medium	Character (Human)	3		Compendium of Sacred Mysteries (★★★★)	u/GenuineBelieverer	44	15	30	N	12	16	12	12	18	12	None	Religion, Perception	None	Normal	Common, Infernal, Celestial	Magical Inversion, Weight the Scales, Normal Spellcasting																		
Phantom Warrior	Medium	Undead	3		Curse of Strahd	Wizards of the Coast	45	16	30	ANY	16	11	16	8	10	15	None	Perception, Stealth	Nonmagicalres, coldimmu, necroticimmu, poisonimmu	Darkvision 60	Any	Ethereal Sight, Incorporeal Movement, Spectral Armor and Shield																		
Blood Ooze	Large	Ooze	3		Dark Arts Player's Companion (☪)	u/Jonoman3000	68	8	15, climb 15	U	17	7	16	2	6	1	None	None	Lightningimmu, slashingimmu, acidres, necroticres, blindedimmu, charmedimmu, deafenedimmu, exhaustionimmu, frightenedimmu, proneimmu	Blindsight 60	None	Amorphous, Changing Form, Spider Climb																		
Bloodbeast	Large	Monstrosity	3		Dark Arts Player's Companion (☪)	u/Jonoman3000	114	12	35	CE	17	14	18	3	10	5	None	Perception	None	Darkvision 60	None	Transfusion, Innate Spellcasting																		
Deathcrest Ape	Medium	Monstrosity	3		Dark Arts Player's Companion (☪)	u/Jonoman3000	65	16	40, climb 30	CN	13	19	14	8	12	9	None	Athletics, Acrobatics, Stealth, Survival	None	Normal	None	Shadow Jaunt																		
B'Rohg	Large	Giant	3.00		Dark Sun Stat Blocks (★)	u/Auquid	73	11	30	U	21	9	20	5	10	6	STR, CON	None	None	Normal	Giant	Multi-Armed Defense																		
Belgoi	Medium	Fey	3.00		Dark Sun Stat Blocks (★)	u/Auquid	55	14	30	CE	15	16	12	13	13	16	INT, WIS, CHA	Athletics, Stealth, Survival	None	Normal	Common, Elvish, Sylvan	Thought Shield, Innate Spellcasting																		
Cactus, Sand	Medium	Plant	3.00		Dark Sun Stat Blocks (★)	u/Auquid	44	8	0	U	5	1	12	1	3	1	None	None	Blindedimmu, deafenedimmu, frightenedimmu	Blindsight 30	None	False Appearance, Underground Plant																		
Cilops	Large	Beast	3.00		Dark Sun Stat Blocks (★)	u/Auquid	52	14	30	U	14	12	14	2	16	12	DEX, WIS	Perception	None	Darkvision 60	None	Spider Climb																		
Kirre	Medium	Beast	3.00		Dark Sun Stat Blocks (★)	u/Auquid	52	14	30	U	12	18	14	6	14	12	DEX, CHA	None	Psychicres	Darkvision 60	None	Keen Smell, Psychic Redoubt																		
Sloth	Medium	Beast	3.00		Dark Sun Stat Blocks (★)	u/Auquid	78	15	40, climb 40	U	16	14	14	1	9	8	STR, CON	Stealth	Poisonres, poisonedimmu	Normal	None	Forest Camouflage, Improved Critical, Standing Leap																		
Ssurran Leader	Medium	Humanoid	3		Dark Sun Stat Blocks (★)	u/Auquid	55	15	30	LN OR LE	16	11	12	10	14	10	STR, WIS	Religion, Nature	Fireres	Normal	Draconic	Normal Spellcasting																		
Tembo	Medium	Beast	3		Dark Sun Stat Blocks (★)	u/Auquid	45	16	35	CE	16	18	16	13	14	12	DEX, INT	Stealth, Perception	None	Darkvision 60	None	Pounce																		
Phalanx	Large	Ooze	3		Demon's Souls Compendium (★)	u/TectonicImprov	77	16	20	U	16	5	16	3	6	1	None	None	Poisonres, acidres, lightningres, coldres, fireweak, blindeidmmu, charmedimmu, deafenedimmu, exhaustionimmu, frightenedimmu, proneimmu	Blindsight 60	None	Routed Defenses, Routed Offense																		
Demon, Sangron	Medium	Fiend (Demon)	3	https://www.enworld.org/threads/a-whole-bunch-of-demons.530363/	Demons, Lot of Demons (★★★★)	u/dgscott	39	15	30	CE	16	14	14	8	12	8	DEX, CHA	Athletics	Coldres, fireres, lightningres, nonmagicalres, poisonimmu, poisonedimmu	Darkvision 60	Abyssal, telepathy 120	Blood Furor, Magic Resistance																		
Archfey, Hound of the Hunt	Large	Fey	3		Epic Monsters (★)	u/Dave2oo8	57	16	60	N	18	16	18	6	12	10	STR, DEX, CON, WIS, CHA	Acrobatics, Athletics, Perception, Stealth	Psychicres, charmedimmu	Darkvision 120	Common, Elvish, Sylvan	Dash, Keen Senses, Magic Resistance, Magic Weapons, Pack Tactics																		
Rift Isopod	Large	Aberration	3		Far Realm Beasts (★)	u/Adam-M	65	16	20, burrow 10	U	17	11	12	3	13	6	None	None	None	Darkvision 60, tremorsense 60	None	Limited Spines																		
Gnoll Deathpledge	Medium	Humanoid	3		Fighting Chance (r/d100)	u/The-Unapproachable	65	16	30	CE	16	13	14	8	11	9	STR, CON	None	None	Darkvision 60	Own	Brute, Fateful Aura, Rampage, Reckless, Warmonger																		
Undying Heresy, Anticreed	Tiny	Undead	3		Fighting Chance (r/d100)	u/The-Unapproachable	20	17	fly 40	NE	1	24	10	10	13	12	None	Perception, Stealth	Acidres, coldres, fireres, lightningres, thunderres, nonmagicalres, necroticimmu, poisonimmu, charmedimmu, exhaustionimmu, frightenedimmu, grappledimmu, paralyzedimmu, petrifiedimmu, poisonedimmu, proneimmu, restrainedimmu, uncosciousimmu	Darkvision 60	Creator	Bound Wanderings, Child of HEresy, Ephemeral, Flyby, Incorporeal Movement, Turn Immunity, Momentary Clarity																		
Undying Heresy, Anticreed, Raving	Tiny	Undead	3		Fighting Chance (r/d100)	u/The-Unapproachable	20	17	fly 40	NE	1	24	10	10	13	12	None	Perception, Stealth	Acidres, coldres, fireres, lightningres, thunderres, nonmagicalres, necroticimmu, poisonimmu, charmedimmu, exhaustionimmu, frightenedimmu, grappledimmu, paralyzedimmu, petrifiedimmu, poisonedimmu, proneimmu, restrainedimmu, uncosciousimmu	Darkvision 60	Creator	Bound Wanderings, Child of HEresy, Ephemeral, Flyby, Incorporeal Movement, Turn Immunity, Momentary Clarity																		
Aballin	Large	Ooze	3		Forgotten Realms Stat Blocks (★★★)	u/Drewfro666	30	11	20, swim 40	U	21	13	14	1	9	6	None	None	Nonmagicalres, coldimmu, fireimmu, lightningimmu, piercingimmu, slashingimmu, blindedimmu, charmedimmu, deafenedimmu, exhaustionimmu, frightenedimmu, proneimmu	Blindsight 60	None	Passive State, Drown																		
Asabi Stingtail	Large	Humanoid	3.00		Forgotten Realms Stat Blocks (★★★)	u/Drewfro666	45	14	40, burrow 30	LE	15	11	14	6	9	8	None	None	Charmedimmu	Normal	Draconic	Standing Leap																		
Dragon, Chromatic, Brown, Wyrmling	Medium	Dragon	3		Forgotten Realms Stat Blocks (★★★)	u/Drewfro666	52	16	30, burrow 30	NE	17	10	15	12	11	15	DEX, CON, WIS, CHA	Perception, Stealth	Acidimmu	Blindsihgt 10, tremorsense 120, darkvision 60	Draconic	None																		
Dragon, Chromatic, Deep, Wyrmling	Medium	Dragon	3		Forgotten Realms Stat Blocks (★★★)	u/Drewfro666	52	17	30, burrow 15, fly 60, swim 20	CE	17	10	15	16	13	17	DEX, CON, WIS, CHA	Perception, Stealth	Coldres, fireres, charmedimmu	Blindsight 10, truesight 60	Draconic, Undercommon	Sense Magic, Shapechanger																		
Dragon, Chromatic, Fang, Wyrmling	Medium	Dragon	3		Forgotten Realms Stat Blocks (★★★)	u/Drewfro666	52	17	30, fly 60	CN	17	10	15	10	11	13	DEX, CON, WIS, CHA	Perception, Stealth	None	Blindsight 10, darkvision 60	Draconic	Sense Magic, Mimicry																		
Giant, Phaerling	Huge	Giant	3		Forgotten Realms Stat Blocks (★★★)	u/Drewfro666	76	13	20	NE	21	9	18	8	8	9	None	Perception	None	Normal	Common, GIant	Hide in Fog, Keen Smell, Magic Resistance																		
Lycanthrope, Werebat	Medium	Humanoid	3.00		Forgotten Realms Stat Blocks (★★★)	u/Drewfro666	72	13	30, fly 60	NE	15	16	11	10	12	11	None	Perception, Stealth	Nonmagicalimmu, nonsilveredimmu	Blindsight 60	Common	Shapechanger, Echolocation, Keen Hearing																		
Malaugrym, Mage	Medium	Aberration	3		Forgotten Realms Stat Blocks (★★★)	u/Drewfro666	33	16	fly 30	CE	13	16	12	16	13	17	None	Deception, Arcana	Silveredweak, poisonimmu, nonsilveredimmu, poisonedimmu	Darkvision 120	Common, Own	Shapechanger, Magic Resistance, Silver Anathema, Normal SPellcasting																		
Malaugrym, Priest	Medium	Aberration	3		Forgotten Realms Stat Blocks (★★★)	u/Drewfro666	33	17	fly 30	CE	13	16	12	16	16	17	None	Deception, Religion	Silveredweak, poisonimmu, nonsilveredimmu, poisonedimmu	Darkvision 120	Common, Own	Shapechanger, Magic Resistance, Silver Anathema, Normal SPellcasting																		
Malaugrym, Spy	Medium	Aberration	3.00		Forgotten Realms Stat Blocks (★★★)	u/Drewfro666	33	15	fly 30	CE	13	16	12	16	13	17	None	Deception, Investigation, Persuasion, Sleight of Hand, Stealth, Insight, Perception	Silveredweak, poisonimmu, nonsilveredimmu, poisonedimmu	Darkvision 120	Common, Own	Shapechanger, Magic Resistance, Silver Anathema, CUnning Action, Sneak Attack																		
Malaugrym, Warrior	Medium	Aberration	3		Forgotten Realms Stat Blocks (★★★)	u/Drewfro666	60	18	fly 30	CE	16	16	16	16	13	17	None	Deception	Silveredweak, poisonimmu, nonsilveredimmu, poisonedimmu	Darkvision 120	Common, Own	Shapechanger, Magic Resistance, Silver Anathema																		
Panther, Spectral	Large	Monstrosity	3.00		Forgotten Realms Stat Blocks (★★★)	u/Drewfro666	51	16	40	NE	18	13	16	13	14	15	None	Stealth	None	Darkvision 120	None	Keen Smell, Magic Weapons, Spectral Form																		
Phaerimm, Juvenile	Medium	Aberration	3		Forgotten Realms Stat Blocks (★★★)	u/Drewfro666	77	16	fly 30	NE	12	13	12	15	15	17	None	Arcana	None	Truesight 120	Common, telepathy 120	Magic Resistance, Normal Spellcasting																		
Siv Monk	Medium	Humanoid	3		Forgotten Realms Stat Blocks (★★★)	u/Drewfro666	60	17	50, swim 30	LE	12	18	13	11	16	8	None	Acrobatics, Stealth	Coldres	Normal	Bullywug	Amphibious, Unarmored Defense, Water Walking																		
Wemic	Large	Monstrosity	3		Forgotten Realms Stat Blocks (★★★)	u/Drewfro666	52	13	40	N	17	12	12	11	11	9	None	Athletics, Perception, Stealth	None	Normal	Common, Sylvan	Keen Smell, Pounce, Running Leap																		
Slime, Tar	Large	Ooze	3.00		Handbook of Slime Rheology (★★)	u/_Metabot	114	14	10	CE	17	15	18	8	8	16	None	None	Blindedimmu, charmedimmu, deafenedimmu, exhaustionimmu, frightenedimmu, proneimmu	Blindsight 60	None	Slime Bane, Death Tar, Terrible Agglomeration																		
Anaconda, Fiendish	Huge	FIend (Demon)	3	https://drive.google.com/file/d/1YxCrJevrMZL4M4xqCkHSQ960D7PLr2R0/view	https://drive.google.com/file/d/1YxCrJevrMZL4M4xqCkHSQ960D7PLr2R0/view	u/badooga1	75	12	30, swim 30	CE	19	14	12	6	12	3																								
Caryatid Column	Medium	Construct	3	https://drive.google.com/file/d/1YxCrJevrMZL4M4xqCkHSQ960D7PLr2R0/view	https://drive.google.com/file/d/1YxCrJevrMZL4M4xqCkHSQ960D7PLr2R0/view	u/badooga1	37	17	25	U	16	14	16	1	3	1																								
Deep Lurker	Large	Aberration	3	https://drive.google.com/file/d/1YxCrJevrMZL4M4xqCkHSQ960D7PLr2R0/view	https://drive.google.com/file/d/1YxCrJevrMZL4M4xqCkHSQ960D7PLr2R0/view	u/badooga1	51	16	20, climb 20, swim 40	CN	16	17	16	7	14	15																								
Quell	Medium	Undead	3	https://drive.google.com/file/d/1YxCrJevrMZL4M4xqCkHSQ960D7PLr2R0/view	https://drive.google.com/file/d/1YxCrJevrMZL4M4xqCkHSQ960D7PLr2R0/view	u/badooga1	65	12	fly 60	LE	1	15	14	12	13	16																								
Whitespawn Berserker	Medium	Humanoid	3	https://drive.google.com/file/d/1YxCrJevrMZL4M4xqCkHSQ960D7PLr2R0/view	https://drive.google.com/file/d/1YxCrJevrMZL4M4xqCkHSQ960D7PLr2R0/view	u/badooga1	75	15	30	CE	18	12	17	9	11	9																								
Fleshbinder	Medium	Humanoid (Any Race)	3	https://i.redd.it/bcfzbsve8pm21.png	https://i.redd.it/bcfzbsve8pm21.png	u/lukexsc	60	13	30	NE	8	16	16	17	11	10																								
Sahuagin, Brawler	Medium	Humanoid	3	https://i.redd.it/cwq9ux1572b31.png	https://i.redd.it/cwq9ux1572b31.png	u/TheArenaGuy	52	14	30, swim 40	LE	16	14	14	13	13	11																								
Sahuagin, Sekolin Raider	Medium	Humanoid	3	https://i.redd.it/cwq9ux1572b31.png	https://i.redd.it/cwq9ux1572b31.png	u/TheArenaGuy	59	15	30, swim 50	LE	17	14	15	13	14	12																								
NPC, Assassin, Sekdraka	Medium	Humanoid (Any Race)	3	https://i.redd.it/incudspf7ft21.jpg	https://i.redd.it/incudspf7ft21.jpg	u/Wolfing1785	66	15	30	CN	11	16	12	10	14	17																								
Squad of Bowmen	Gargantuan	Humanoid	3.00	https://imgur.com/a/wOshIvV	https://imgur.com/a/wOshIvV	u/aeyana	115	13	30	ANY	11	14	12	11	13	11																								
Snow Spider	Large	Beast	3	https://www.reddit.com/r/monsteraday/comments/3ogkel/day_57_snow_spider/	https://www.reddit.com/r/monsteraday/comments/3ogkel/day_57_snow_spider/	StoneStrix																																		
Magma Bear	Large	Elemental	3	https://www.reddit.com/r/monsteraday/comments/3q1gtw/day_69_magma_bear/	https://www.reddit.com/r/monsteraday/comments/3q1gtw/day_69_magma_bear/	StoneStrix																																		
Orc Hand of Gruumsh	Medium	Humanoid (Orc)	3.00	https://www.reddit.com/r/monsteraday/comments/3sonx0/day_89_orc_hand_of_gruumsh/	https://www.reddit.com/r/monsteraday/comments/3sonx0/day_89_orc_hand_of_gruumsh/	StoneStrix																																		
Elemental, Crystal	Medium	Elemental	3	https://www.reddit.com/r/monsteraday/comments/3ssksc/day_90_crystal_elemental/	https://www.reddit.com/r/monsteraday/comments/3ssksc/day_90_crystal_elemental/	StoneStrix																																		
NPC, Pirate Chain Swinger	Medium	Humanoid (Any Race)	3	https://www.reddit.com/r/monsteraday/comments/3t6n4i/day_93_grim_sea_pirates/	https://www.reddit.com/r/monsteraday/comments/3t6n4i/day_93_grim_sea_pirates/	StoneStrix																																		
Phantasmal Sword	Small	Construct	3	https://www.reddit.com/r/monsteraday/comments/5xcmco/day_5_phantasmal_sword/	https://www.reddit.com/r/monsteraday/comments/5xcmco/day_5_phantasmal_sword/	1d6Adventurers																																		
Hemogoblin	Medium	Humanoid (Goblinoid)	3	https://www.reddit.com/r/monsteraday/comments/62n770/day_25_hemogoblin/	https://www.reddit.com/r/monsteraday/comments/62n770/day_25_hemogoblin/	1d6Adventurers																																		
Barry the Mule	Medium	Monstrosity	3	https://www.reddit.com/r/monsteraday/comments/62uqxf/bonus_day_the_april_fools_fool_mule_and_wood/	https://www.reddit.com/r/monsteraday/comments/62uqxf/bonus_day_the_april_fools_fool_mule_and_wood/	1d6Adventurers																																		
NPC, The Fool	Medium	Humanoid (Any Race)	3	https://www.reddit.com/r/monsteraday/comments/62uqxf/bonus_day_the_april_fools_fool_mule_and_wood/	https://www.reddit.com/r/monsteraday/comments/62uqxf/bonus_day_the_april_fools_fool_mule_and_wood/	1d6Adventurers																																		
Myconid Seer	Medium	Plant	3	https://www.reddit.com/r/monsteraday/comments/65eeis/day_35_myconid_seer/	https://www.reddit.com/r/monsteraday/comments/65eeis/day_35_myconid_seer/	1d6Adventurers																																		
Harpy, Nightmare	Medium	Monstrosity	3.00	https://www.reddit.com/r/monsteraday/comments/6fg7wm/day_71_nightmare_harpy/	https://www.reddit.com/r/monsteraday/comments/6fg7wm/day_71_nightmare_harpy/	1d6Adventurers																																		
NPC, Cleric, Protection Domain	Medium	Humanoid (Any Race)	3.00	https://www.reddit.com/r/monsteraday/comments/6fvm7c/day_73_1d6_clerics/	https://www.reddit.com/r/monsteraday/comments/6fvm7c/day_73_1d6_clerics/	1d6Adventurers																																		
Lizardfolk Brute	Medium	Humanoid (Lizardfolk)	3	https://www.reddit.com/r/monsteraday/comments/6hh2m9/day_79_lizardfolk_brute/	https://www.reddit.com/r/monsteraday/comments/6hh2m9/day_79_lizardfolk_brute/	1d6Adventurers																																		
Khenra Dervish	Medium	Humanoid (Khenra)	3	https://www.reddit.com/r/monsteraday/comments/6lnwmb/day_94_khenra_dervish/	https://www.reddit.com/r/monsteraday/comments/6lnwmb/day_94_khenra_dervish/	1d6Adventurers																																		
Skeletal Pillar	Large	Undead	3	https://www.reddit.com/r/monsteraday/comments/6mo8ro/day_97_skeletal_pillar/	https://www.reddit.com/r/monsteraday/comments/6mo8ro/day_97_skeletal_pillar/	1d6Adventurers																																		
Meganisoptera	Small	Beast	3	https://www.reddit.com/r/monsteraday/comments/6o2to5/day_102_meganisoptera/	https://www.reddit.com/r/monsteraday/comments/6o2to5/day_102_meganisoptera/	1d6Adventurers																																		
NPC, Sorcerer, Stone	Medium	Humanoid (Any Race)	3	https://www.reddit.com/r/monsteraday/comments/6pq8l4/day_108_1d6_sorcerers/	https://www.reddit.com/r/monsteraday/comments/6pq8l4/day_108_1d6_sorcerers/	1d6Adventurers																																		
Drake, Swamp	Medium	Dragon	3	https://www.reddit.com/r/monsteraday/comments/6svgc5/day_119_swamp_drake/	https://www.reddit.com/r/monsteraday/comments/6svgc5/day_119_swamp_drake/	1d6Adventurers																																		
Mockingbook	Tiny	Construct	3	https://www.reddit.com/r/monsteraday/comments/6t3607/day_120_mockingbook/	https://www.reddit.com/r/monsteraday/comments/6t3607/day_120_mockingbook/	1d6Adventurers																																		
Vine Bramble	Large	Plant	3	https://www.reddit.com/r/monsteraday/comments/6wsyk7/day_132_vine_bramble/	https://www.reddit.com/r/monsteraday/comments/6wsyk7/day_132_vine_bramble/	1d6Adventurers																																		
Helmet Crab	Small	Beast	3	https://www.reddit.com/r/monsteraday/comments/72ekrz/day_151_shield_bug_helmet_crab/	https://www.reddit.com/r/monsteraday/comments/72ekrz/day_151_shield_bug_helmet_crab/	1d6Adventurers																																		
Wrackspawn	Medium	Fiend	3	https://www.reddit.com/r/monsteraday/comments/7327np/day_154_wrackspawn/	https://www.reddit.com/r/monsteraday/comments/7327np/day_154_wrackspawn/	1d6Adventurers																																		
Griffon, Armored Battle	Large	Monstrosity	3	https://www.reddit.com/r/monsteraday/comments/739w36/day_155_armoured_battle_griffon/	https://www.reddit.com/r/monsteraday/comments/739w36/day_155_armoured_battle_griffon/	1d6Adventurers																																		
Myconid Portobello	Medium	Plant	3.00	https://www.reddit.com/r/monsteraday/comments/778rd2/day_168_myconid_portobello/	https://www.reddit.com/r/monsteraday/comments/778rd2/day_168_myconid_portobello/	1d6Adventurers																																		
NPC, Cult Orator	Medium	Humanoid (Any Race)	3	https://www.reddit.com/r/monsteraday/comments/78xq57/day_174_cult_orator/	https://www.reddit.com/r/monsteraday/comments/78xq57/day_174_cult_orator/	1d6Adventurers																																		
NPC, Mason	Medium	Humanoid (Any Race)	3	https://www.reddit.com/r/monsteraday/comments/7bnvok/day_183_mason/	https://www.reddit.com/r/monsteraday/comments/7bnvok/day_183_mason/	1d6Adventurers																																		
Feral Gibberer	Tiny	Monstrosity	3	https://www.reddit.com/r/monsteraday/comments/7ekm7i/day_192_feral_gibberer/	https://www.reddit.com/r/monsteraday/comments/7ekm7i/day_192_feral_gibberer/	1d6Adventurers																																		
Cookie Monster	Large	Monstrosity	3	https://www.reddit.com/r/monsteraday/comments/7fxw8b/day_196_cookie_monster/	https://www.reddit.com/r/monsteraday/comments/7fxw8b/day_196_cookie_monster/	1d6Adventurers																																		
Ventrunculus	Small	Construct	3	https://www.reddit.com/r/monsteraday/comments/7j4ovi/day_206_ventrunculus/	https://www.reddit.com/r/monsteraday/comments/7j4ovi/day_206_ventrunculus/	1d6Adventurers																																		
Gnoll Berserker	Medium	Humanoid (Gnoll)	3	https://www.reddit.com/r/monsteraday/comments/7ju62r/day_209_gnoll_berserker/	https://www.reddit.com/r/monsteraday/comments/7ju62r/day_209_gnoll_berserker/	1d6Adventurers																																		
Fer-De-Lance	Medium	Beast	3	https://www.reddit.com/r/monsteraday/comments/7mh7th/day_218_ferdelance/	https://www.reddit.com/r/monsteraday/comments/7mh7th/day_218_ferdelance/	1d6Adventurers																																		
NPC, Drunkard	Medium	Humanoid (Any Race)	3	https://www.reddit.com/r/monsteraday/comments/7nhbcn/day_221_drunkard/	https://www.reddit.com/r/monsteraday/comments/7nhbcn/day_221_drunkard/	1d6Adventurers																																		
Kobold Pathmaker	Small	Humanoid (Kobold)	3	https://www.reddit.com/r/monsteraday/comments/7pzh7u/day_230_kobold_pathmaker/	https://www.reddit.com/r/monsteraday/comments/7pzh7u/day_230_kobold_pathmaker/	1d6Adventurers																																		
Lamia Halfspawn	Large	Monstrosity	3	https://www.reddit.com/r/monsteraday/comments/7zhwdd/day_259_lamia_halfspawn/	https://www.reddit.com/r/monsteraday/comments/7zhwdd/day_259_lamia_halfspawn/	1d6Adventurers																																		
Gantu	Medium	Humanoid (Gantu)	3.00	https://www.reddit.com/r/monsteraday/comments/8182dg/day_264_gantu/	https://www.reddit.com/r/monsteraday/comments/8182dg/day_264_gantu/	1d6Adventurers																																		
Lechugre	Large	Giant	3	https://www.reddit.com/r/monsteraday/comments/828nmy/day_266_lechugre/	https://www.reddit.com/r/monsteraday/comments/828nmy/day_266_lechugre/	1d6Adventurers																																		
Goblin Fanatic	Small	Humanoid (Goblinoid)	3	https://www.reddit.com/r/monsteraday/comments/85069x/day_275_goblin_fanatic/	https://www.reddit.com/r/monsteraday/comments/85069x/day_275_goblin_fanatic/	1d6Adventurers																																		
Lycanthrope, Swearwolf	Medium	Humanoid (Any)	3	https://www.reddit.com/r/monsteraday/comments/85m64j/day_276_swearwolf/	https://www.reddit.com/r/monsteraday/comments/85m64j/day_276_swearwolf/	1d6Adventurers																																		
NPC, Juggler	Medium	Humanoid (Any Race)	3	https://www.reddit.com/r/monsteraday/comments/89goxv/day_287_juggler/	https://www.reddit.com/r/monsteraday/comments/89goxv/day_287_juggler/	1d6Adventurers																																		
Kobold Sage	Small	Humanoid (Kobold)	3	https://www.reddit.com/r/monsteraday/comments/8bjoow/day_293_kobold_sage/	https://www.reddit.com/r/monsteraday/comments/8bjoow/day_293_kobold_sage/	1d6Adventurers																																		
Kuo-Toa Gulper	Large	Monstrosity	3	https://www.reddit.com/r/monsteraday/comments/8c24i8/day_295_kuotoa_gulper/	https://www.reddit.com/r/monsteraday/comments/8c24i8/day_295_kuotoa_gulper/	1d6Adventurers																																		
Rocken Vole	Small	Elemental	3	https://www.reddit.com/r/monsteraday/comments/8g3guz/day_306_rocken_vole/	https://www.reddit.com/r/monsteraday/comments/8g3guz/day_306_rocken_vole/	1d6Adventurers																																		
Vulptex	Medium	Monstrosity	3	https://www.reddit.com/r/monsteraday/comments/8h1ikv/day_310_vulptex/	https://www.reddit.com/r/monsteraday/comments/8h1ikv/day_310_vulptex/	1d6Adventurers																																		
Unikernel	Tiny	Celestial	3	https://www.reddit.com/r/monsteraday/comments/8ojen0/day_331_unikernel/	https://www.reddit.com/r/monsteraday/comments/8ojen0/day_331_unikernel/	1d6Adventurers																																		
Catomaton	Small	Construct	3	https://www.reddit.com/r/monsteraday/comments/8sbx3f/day_342_man_o_nine_cats/	https://www.reddit.com/r/monsteraday/comments/8sbx3f/day_342_man_o_nine_cats/	1d6Adventurers																																		
Man O' Nine Cats	Medium	Construct	3	https://www.reddit.com/r/monsteraday/comments/8sbx3f/day_342_man_o_nine_cats/	https://www.reddit.com/r/monsteraday/comments/8sbx3f/day_342_man_o_nine_cats/	1d6Adventurers																																		
Misc. Creature, Bat, Toxin	Medium	Beast	3		Ixor's Manual of Monstrous Findings (★★)	u/thorn1993	75	15	10, fly 60	U	12	17	16	3	14	8	None	None	Poisonimmu, poisonedimmu	Blindsight 60	None	Echolocation, Keen Hearing, Improved Critical																		
Misc. Creature, Elatir	Large	Beast	3		Ixor's Manual of Monstrous Findings (★★)	u/thorn1993	93	13	50	U	19	15	16	4	15	9	None	Acrobatics	None	Normal	None	Charge																		
Misc. Creature, Wolf, Blink	Large	Fey	3		Ixor's Manual of Monstrous Findings (★★)	u/thorn1993	75	15	40	LG	17	16	14	11	14	12	None	Perception, Stealth	None	Normal	Blink Dog, Own, Sylvan	Keen Hearing, Keen Smell, Pack Tactics																		
NPC, Abbot	Medium	Humanoid (Any Race)	3		Ixor's Manual of Monstrous Findings (★★)	u/thorn1993	88	13	30	LG	9	14	12	11	16	13	WIS, CHA	Medicine, Perception	None	Normal	Common, Dwarvish, Gnomish, Elvish	DIsciple of Life, Normal Spellcasting																		
Skeleton Scoundrel	Medium	Undead	3		Ixor's Manual of Monstrous Findings (★★)	u/thorn1993	84	15	30	LE	12	17	15	6	8	5	None	None	Bludgeoningweak, poisonimmu, exhaustionimmu, poisonedimmu	Darkvision 60	Alive	Cunning Action, Sneak Attack																		
The Frozen, Archer	Medium	Undead	3		Ixor's Manual of Monstrous Findings (★★)	u/thorn1993	82	15	30	CE	11	16	16	5	8	5	None	None	Bludgeoningweak, poisonimmu, coldimmu, exhaustionimmu, poisonedimmu	Darkvision 60	Alive	Shard Flurry																		
Ukku the Deinonychus	Medium	Character (Beast)	3		Ixor's Manual of Monstrous Findings (★★)	u/thorn1993	75	15	40	LE	16	18	14	4	12	6	None	Perception	None	Normal	None	Fight as One, Pounce																		
Yugoloth, Skero	Small	Fiend (Yugoloth)	3		Ixor's Manual of Monstrous Findings (★★)	u/thorn1993	36	16	40, burrow 20, climb 20	NE	11	16	12	5	8	11	None	Perception, Stealth	Coldres, fireres, lightningres, nonmagicalres, acidimmu, poisonimmu, poisonedimmu	Blindsight 60, darkvision 60	Abyssal, Infernal, telepathy 60	Cunning Action, Sneak Attack																		
NPC, Light Response Unit (LRU)	Medium	Humanoid (Any Race)	3	https://www.gmbinder.com/share/-M8CqWP2BL4GITsgyDM2#:~:text=Light%20Response%20Unit%20%28LRU	Modern Handbook (★★)	u/AeronDrake	52	17	30	ANY	15	16	14	11	11	11	CON, WIS	Perception, Persuasion	Piercingres	Normal	Any	None																		
NPC, Sniper	Medium	Humanoid (Any Race)	3.00	https://www.gmbinder.com/share/-M8CqWP2BL4GITsgyDM2#:~:text=Sniper,-Medium	Modern Handbook (★★)	u/AeronDrake	75	15	30	ANY	11	18	16	11	13	10	None	Acrobatics, Perception	Piercingres	Normal	Any	Sniper's Eye																		
Fanged Beast, Lagombi	Large	Beast	3		Monster Hunter's Manual (★★★★)	u/Amellwind	110	14	40	U	16	12	16	2	7	5	None	Acrobatics, Perception	None	Normal	None	Ice Walker, Slide																		
Neopteron, Seltas	Medium	Monstrosity	3.00		Monster Hunter's Manual (★★★★)	u/Amellwind	32	15	20, fly 30	U	13	15	15	8	9	3	None	None	None	Normal	None	None																		
Wyvern, Bird, Yian Kut-Ku	Large	Dragon	3		Monster Hunter's Manual (★★★★)	u/Amellwind	75	13	30, fly 30	U	14	16	14	8	12	6	None	Perception	None	Normal	None	Sensitive Ears, Charge																		
Basilisk	Medium	Monstrosity	3		Monster Manual	Wizards of the Coast	52	15	30	U	16	8	15	2	8	7	STR, CON, WIS, CHA	Deception, Insight, Perception	Coldres, nonmagicalres, nonsilvered immu, fireimmu, poisonimmu, poisonedimmu	Darkvision 120	Infernal, telepathy 120	Barbed Hide, Devil's Sight, Magic Resistance																		
Beholder, Spectator	Medium	Aberration	3	https://www.dndbeyond.com/monsters/17094-spectator	Monster Manual	Wizards of the Coast	39	14	20 fly	LN	8	14	14	13	14	11	INT, WIS, CHA	Perception	Proneimmu	Darkvision 120	Deep Speech, Undercommon	Antimagic Cone, Lair, Legendary																		
Bugbear Chief	Medium	Humanoid	3		Monster Manual	Wizards of the Coast	65	17	30	CE	17	14	14	11	12	11	None	Intimidation, Stealth, Survival	None	Darkvision 60	Common, Goblin	Brute, Hearth of Hruggek, Surprise Attack																		
Devil, Bearded	Medium	Fiend (Devil)	3.00		Monster Manual	Wizards of the Coast	52	13	30	LE	16	15	15	9	11	11	STR, CON, WIS	None	Coldres, nonmagicalres, nonsilveredres, fireimmu, poisonimmu, poisonedimmu	Darkvision 120	Infernal, telepathy 120	Devil's Sight, Magic Resistance, Steadfast																		
Dinosaur, Ankylosaurus	Huge	Beast	3.00		Monster Manual	Wizards of the Coast	68	15	30	U	19	11	15	2	12	5	None	None	None	Normal	None	None																		
Displacer Beast	Large	Monstrosity	3.00		Monster Manual	Wizards of the Coast	85	13	40	LE	18	15	16	6	12	8	None	None	None	Darkvision 60	None	Avoidance, Displacement																		
Doppelganger	Medium	Monstrosity	3.00		Monster Manual	Wizards of the Coast	52	14	30	N	11	18	14	11	12	14	None	Deception, Insight	Charmedimmu	Darkvision 60	Common	Shapechanger, Ambusher, Surprise Attack																		
Dragon, Chromatic, Blue, Wyrmling	Medium	Dragon	3.00		Monster Manual	Wizards of the Coast	52	17	30, 15 burrow, fly 60	LE	17	10	15	12	11	15	DEX, CON, WIS, CHA	Perception, Stealth	Lightningimmu	Blindsight 30, darkvision 120	Common, Draconic	None																		
Dragon, Metallic, Gold, Wyrmling	Medium	Dragon	3	https://roll20.net/compendium/dnd5e/Gold%20Dragon%20Wyrmling#content	Monster Manual	Wizards of the Coast	60	17	30, fly 60, swim 30	LG	19	14	17	14	11	16	DEX, CON, WIS, CHA	Perception, Stealth	Fireimmu	Blindsight 10, darkvision 60	Draconic	Amphibious																		
Githyanki Warrior	Medium	Humanoid	3		Monster Manual	Wizards of the Coast	49	17	30	LE	15	14	12	13	13	10	CON, INT, WIS	None	None	Normal	Own	Innate Spellcasting																		
Grell	Medium	Aberration	3		Monster Manual	Wizards of the Coast	55	12	10, fly 30	NE	15	14	13	12	11	9	None	Perception, Stealth	Lightningimmu, blindedimmu, proneimmu	Blindsight 60	Own	None																		
Hag, Green	Medium	Fey	3	https://roll20.net/compendium/dnd5e/Green%20Hag#content	Monster Manual	Wizards of the Coast	82	17	30	NE	18	12	16	13	14	14	None	Arcana, Deception, Perception, Stealth	None	Darkvision 60	Common, Draconic, Sylvan	Amphibious, Innate Spellcasting, Mimicry																		
Hell Hound	Medium	Fiend	3		Monster Manual	Wizards of the Coast	45	15	50	LE	17	12	14	6	13	6	None	Perception	Fireimmu	Darkvision 60	Infernal	Keen Hearing, Keen Smell, Pack Tactics																		
Hobgoblin Captain	Medium	Humanoid	3		Monster Manual	Wizards of the Coast	39	17	30	LE	15	14	14	12	10	13	None	None	None	Darkvision 60	Common, Goblin	Martial Advantage																		
Hook Horror	Large	Monstrosity	3		Monster Manual	Wizards of the Coast	75	15	30, climb 30	N	18	10	15	6	12	7	None	Perception	None	Blindsight 60, darkvision 10	None	Echolocation, Keen Hearing																		
Lycanthrope, Werewolf	Medium	Humanoid	3		Monster Manual	Wizards of the Coast	58	12	40	CE	15	13	14	10	11	10	None	Perception, Stealth	Nonmagicalimmu, nonsilveredimmu	Normal	Common	Shapechanger, Keen Hearing, Keen Smell																		
Manticore	Large	Monstrosity	3.00		Monster Manual	Wizards of the Coast	68	14	30, fly 50	LE	17	16	17	7	12	8	None	None	None	Darkvision 60	Common	Tail Spike Regrowth																		
Minotaur	Large	Monstrosity	3		Monster Manual	Wizards of the Coast	76	14	40	CE	18	11	16	6	16	9	None	Perception	None	Darkvision 60	Abyssal	Charge, Labyrinthine Recall, Reckless																		
Misc. Creature, Giant Scorpion	Large	Beast	3		Monster Manual	Wizards of the Coast	52	15	40	U	15	13	15	1	9	3	None	None	None	Blindsight 60	None	None																		
Misc. Creature, Killer Whale	Huge	Beast	3		Monster Manual	Wizards of the Coast	90	12	swim 60	U	19	10	13	3	12	7	None	Perception	None	Blindsight 120	None	Echolocation, Hold Breath, Keen Hearing																		
Misc. Creature, Phase Spider	Large	Monstrosity	3		Monster Manual	Wizards of the Coast	32	13	30, climb 30	U	15	15	12	6	10	6	None	Stealth	None	Darkvision 60	None	Ethereal Jaunt, Spider Climb, Web Walker																		
Misc. Creature, Winter Wolf	Large	Monstrosity	3		Monster Manual	Wizards of the Coast	75	13	50	NE	18	13	14	7	12	8	None	Perception, Stealth	Coldimmu	Normal	Common, Giant, Own	Keen Hearing, Keen Smell, Pack Tactics, Snow Camouflage																		
Mummy	Medium	Undead	3		Monster Manual	Wizards of the Coast	58	11	20	LE	16	8	15	6	10	12	WIS	None	Fireweak, nonmagicalres, necroticimmu, poisonimmu, charmedimmu, exhaustionimmu, frightenedimmu, paralyzedimmu, poisonedimmu	Darkvision 60	Any	None																		
Nightmare	Large	Fiend	3		Monster Manual	Wizards of the Coast	68	13	60, fly 90	NE	18	15	16	10	13	15	None	None	Fireimmu	Normal	Abyssal, Common, Infernal	Confer Fire Resistance, Illumination																		
NPC, Knight	Medium	Humanoid	3		Monster Manual	Wizards of the Coast	52	18	30	ANY	16	11	14	11	11	15	CON, WIS	None	None	Normal	Any	Brave																		
NPC, Veteran	Medium	Humanoid	3		Monster Manual	Wizards of the Coast	58	17	30	ANY	16	13	14	10	11	10	None	Athletics, Perception	None	Normal	Any	None																		
Owlbear	Large	Monstrosity	3		Monster Manual	Wizards of the Coast	59	13	40	U	20	12	17	3	12	7	None	Perception	None	Darkvision 60	None	Keen Sight, Keen Smell																		
Water Weird	Large	Elemental	3		Monster Manual	Wizards of the Coast	58	13	swim 60	N	17	16	13	11	10	10	None	None	Fireres, nonmagicalres, poisonimmu, exhaustionimmu, grappledimmu, paralyzedimmu, poisonedimmu, restrainedimmu, proneimmu, unconsciousimmu	Blindsight 30	Aquan	Invisible in Water, Water Bound																		
Wight	Medium	Undead	3		Monster Manual	Wizards of the Coast	45	14	30	NE	15	14	16	10	13	15	None	Perception, Stealth	Necroticres, nonmagicalres, poisonimmu, exhaustionimmu, poisonedimmu	Darkvision 60	Any	Sunlight Sensitivity																		
Yeti	Large	Monstrosity	3		Monster Manual	Wizards of the Coast	51	12	40, climb 40	CE	18	13	16	8	12	7	None	Perception, Stealth	Coldimmu	Darkvision 60	Own	Fear of Fire, Keen Smell, Snow Camouflage																		
Yuan-Ti Malison	Medium	Monstrosity	3		Monster Manual	Wizards of the Coast	66	12	30	NE	16	14	13	14	12	16	None	Deception, Stealth	Poisonimmu, poisonedimmu	Darkvision 60	Abyssal, Common, Draconic	Shapechanger, Innate Spellcasting, Magic Resistance, Malison Type																		
Aaracokra Captain	Medium	Humanoid	3		Monster Module (★★★★)	u/Jonoman3000	65	16	20, fly 50	NG	13	18	14	13	16	15	None	Athletics, Perception	None	Normal	Aaracokra, Own, Auran	Dive Attack																		
Animated Object, Animator's Staff	Small	Construct	3		Monster Module (★★★★)	u/Jonoman3000	39	10	fly 30	U	16	11	16	1	5	1	CON	None	Poisonimmu, psychicimmu, blindedimmu, charmedimmu, deafenedimmu, frightenedimmu, paralyzedimmu, petrifiedimmu, poisonedimmu	Blindsight 60	None	Antimagic Susceptibility, False Appearance, Normal Spellcasting																		
Azer Artisan	Medium	Elemental	3.00		Monster Module (★★★★)	u/Jonoman3000	52	15	30	LN	17	12	15	14	15	10	CON	None	Fireimmu, poisonimmu, poisonedimmu	Normal	Ignan	Heated Body, Heated Weapons, Illumination, Master Crafted Weapons																		
Blight, Branch	Large	Plant	3		Monster Module (★★★★)	u/Jonoman3000	95	14	20	NE	19	12	18	5	11	4	None	None	Fireweak, blindedimmu, deafenedimmu	Blindsight 60	Common	False Appearance																		
Bullywug Chief	Medium	Humanoid	3		Monster Module (★★★★)	u/Jonoman3000	82	16	20, swim 40	NE	17	13	16	10	13	14	None	Stealth	None	Normal	Bullywug, Own	Amphibious, Speak with Frogs, Speak with Toads, Standing Leap, Swam Camouflage																		
Bullywug Shaman	Medium	Humanoid	3		Monster Module (★★★★)	u/Jonoman3000	58	11	20, swim 40	NE	14	13	14	9	16	8	None	Stealth	None	Normal	Bullywug, Own	Amphibious, Speak with Frogs, Speak with Toads, Standing Leap, Swam Camouflage, Normal Spellcasting																		
Crysmal	Small	Elemental	3		Monster Module A-C	u/Jonoman3000	60	14	30, burrow 15	U	14	17	18	5	16	6																								
Deathlock Wight	Medium	Undead	3	https://dnd5e.wikidot.com/spell:magic-missile	Mordenkainen's Tome of Foes	Wizards of the Coast	37	12	30	NE	11	14	16	12	14	16	WIS	Arcana, Perception	Necroticres, nonmagicalres, poisonimmu, exhaustionimmu, poisonedimmu	Darkvision 60	Any	Innate Spellcasting, Sunlight Sensitivity																		
Demon, Bulezau	Medium	Fiend (Demon)	3		Mordenkainen's Tome of Foes	Wizards of the Coast	52	14	40	CE	15	14	17	8	9	6	None	None	Coldres, fireres, lightningres, poisonimmu, charmedimmu, frightenedimmu, poisonedimmu	Darkvision 120	Abyssal, telepathy 60	Rotting Presence, Standing Leap, Sure-Footed																		
Derro Savant	Small	Humanoid (Derro)	3	https://5e.tools/bestiary/derro-savant-mtf.html	Mordenkainen's Tome of Foes	Wizards of the Coast	36	13	30	CE	9	14	12	11	5	14	None	Stealth	None	Darkvision 120	Dwarvish, Undercommon	Magic Resistance, Normal Spellcasting, Sunlight Sensitivity																		
Duergar Screamer	Medium	Construct	3		Mordenkainen's Tome of Foes	Wizards of the Coast	38	15	20	LE	18	7	12	5	5	5	None	None	Poisonimmu, charmedimmu, exhaustionimmu, frightenedimmu, paralyzedimmu, petrifiedimmu, poisonedimmu	Darkvision 60	Dwarvish	Engine of Pain																		
Giff	Medium	Humanoid	3		Mordenkainen's Tome of Foes	Wizards of the Coast	60	16	30	LN	18	14	17	11	12	12	None	None	None	Normal	Common	Headfirst Charge, Firearms Knowledge																		
Ogre Chain Brute	Large	Giant	3		Mordenkainen's Tome of Foes	Wizards of the Coast	59	11	40	CE	19	8	16	5	7	7	None	None	None	Darkvision 60	Common, Giant	None																		
Sword Wraith Warrior	Medium	Undead	3		Mordenkainen's Tome of Foes	Wizards of the Coast	45	16	30	LE	18	12	17	6	9	10	None	None	Necroticres, nonmagicalres, poisonimmu, exhaustionimmu, frightenedimmu, poisonedimmu, unconsciousimmu	Darkvision 60	Any	Martial Fury																		
Vampiric Mist	Medium	Undead	3		Mordenkainen's Tome of Foes	Wizards of the Coast	30	13	fly 30	CE	6	16	16	6	12	7	WIS	None	Acidres, coldres, lightningres, necroticres, thunderres, nonmagicalres, poisonimmu, charmedimmu, exhaustionimmu, grappledimmu, paralyzedimmu, petrifiedimmu, poisonedimmu, proneimmu, restrainedimmu	Darkvision 60	None	Life Sense, Forbiddance, Misty Form, Sunlight Hypersensitivity																		
Yugoloth, Merreno	Medium	Fiend (Yugoloth)	3		Mordenkainen's Tome of Foes	Wizards of the Coast	40	13	30, swim 40	NE	8	17	10	17	14	11	DEX, INT	History, Nature, Perception, Survival	Coldres, fireres, lightningres, nonmagicalres, acidimmu, poisonimmu, poisonedimmu	Blindsight 60, darkvision 60	Abyssal, Infernal, telepathy 60	Innate Spellcasting, Magic Resistance, Magic Weapons, Teleport, Lair																		
Troglodyte Champion of Laogzed	Medium	Humanoid (Troglodyte)	3		Out of the Abyss	Wizards of the Coast	59	14	30	CE	18	12	18	8	12	12	None	Athletics, Intimidation, Stealth	None	Darkvision 60	Own	Chameleon Skin, Stench, Sunlight Sensitivity																		
Black Earth Priest	Medium	Humanoid (Human)	3		Princes of the Apocalypse	Wizards of the Coast	45	17	30	NE	15	11	14	12	10	16	None	Intimidation, Religion, Persuasion	None	Normal	Common, Terran	Normal Spellcasting																		
Crushing Wave, Dark Tide Knight	Medium	Humanoid (Human)	3		Princes of the Apocalypse	Wizards of the Coast	58	13	30	LE	17	16	14	10	11	11	None	Athletics, Stealth	None	Normal	Common	Bonded Mount																		
Crushing Wave, One-Eyed Shiver	Medium	Humanoid (Human)	3		Princes of the Apocalypse	Wizards of the Coast	49	12	30	CE	10	14	12	13	13	17	None	Arcana, Perception, Intimidation	Coldimmu	Normal	Common	Chilling Mist																		
Eternal Flame Priest	Medium	Humanoid (Human)	3		Princes of the Apocalypse	Wizards of the Coast	52	12	30	NE	12	15	14	10	11	16	None	Deception, Intimidation, Religion	Fireres	Normal	Common, Ignan	Normal Spellcasting																		
Howling Hatred, Skyweaver	Medium	Humanoid (Human)	3		Princes of the Apocalypse	Wizards of the Coast	44	12	30	CE	8	14	12	11	10	16	None	Deception, Persuasion	None	Normal	Auran, Common	Normal Spellcasting																		
Bloody Mary	Medium	Undead	3		Single (★)	u/zeek0	58	13	30	NE	7	16	10	10	12	14	None	None	Nonmagicalres, necroticimmu, poisonimmu, charmedimmu, exhaustionimmu, frightenedimmu, paralyzedimmu, poisonedimmu, unconsciousimmu	Darkvision 60	Common	Catoptric Travel, Mirror Bound, Sunlight Weakness																		
Bonfire Elk	Huge	Beast	3		Single (★)	u/lemongrovelovers	50	14	60	U	20	16	14	7	14	10	None	Perception	FIreres	Normal	Common, Elvish, Sylvan	Charge, Illumination																		
Clamor	Medium	Aberration	3		Single (★★)	u/Tin_Dragon	49	15	35, climb 35	CE	17	15	14	6	14	5	None	Acrobatics, Athletics, Perception	Poisonres, thunderweak, blindedimmu, charmedimmu	Blindsight 120	None	Echolocation, Keen Hearing, Lunge, Misophonia																		
Belker	Large	Elemental	3		Skip's Guide to Monsters (★★)	u/Drewfro666	60	15	30, fly 50	NE	14	21	14	6	11	11	None	None	Poisonimmu, grappledimmu, paralyzedimmu, petrifiedimmu, poisonedimmu, proneimmu, restrainedimmu	Darkvision 60	Auran	Smoke Form																		
Digester	Medium	Monstrosity	3		Skip's Guide to Monsters (★★)	u/Drewfro666	75	13	60	U	17	15	17	4	12	8	None	None	Acidimmu	Darkvision 60	None	Keen Smell, Standing Leap																		
Lillend	Large	Celestial	3		Skip's Guide to Monsters (★★)	u/Drewfro666	82	15	20, fly 60	CG	19	17	15	14	16	18	DEX, WIS, CHA	Arcana, Insight, Perception, performance, persuasion, Survival	Fireres, poisonimmu, poisonedimmu	Darkvision 60	Abyssal, Celestial, Common, Infernal	Innate Spellcasting, Normal Spellcasting																		
Misc. Creature, Centipede, Monstrous, Huge	Huge	Beast	3		Skip's Guide to Monsters (★★)	u/Drewfro666	60	14	40, climb 40	U	17	14	12	1	7	3	None	None	None	Blindsight 30	None	None																		
Misc. Creature, Poisonous Snake, Huge	Huge	Beast	3		Skip's Guide to Monsters (★★)	u/Drewfro666	51	15	30, swim 30	U	16	16	15	2	10	3	None	Perception	None	Normal	None	None																		
Misc. Creature, Spider, Monstrous, Huge	Huge	Beast	3.00		Skip's Guide to Monsters (★★)	u/Drewfro666	68	15	30, climb 30	U	16	16	14	2	11	3	None	Perception, Stealth	None	Blindsight 10, darkvision 60	None	Spider Climb, Web Sense, Web Walker																		
Naga, Water	Large	Monstrosity	3		Skip's Guide to Monsters (★★)	u/Drewfro666	45	13	40, swim 80	N	16	15	12	12	15	14	DEX, CON, INT, CHA	None	Poisonimmu, charmedimmu, poisonedimmu	Darkvision 60	Aquan, Common	Rejuvenation, Normal Spellcasting, Water Breathing																		
Shadow, Greater	Medium	Undead	3		Skip's Guide to Monsters (★★)	u/Drewfro666	66	12	40	CE	6	14	13	6	10	8	None	Stealth	Radiantweak, acidres, coldres, fireres, lightningres, thunderres, nonmagicalres, necroticimmu, poisonimmu, exhaustionimmu, frightenedimmu, grappledimmu, paralyzedimmu, petrifiedimmu, poisonedimmu, proneimmu, restrainedimmu	Darkvision 60	None	Amorphous, Shadow Stealth, Sunlight Weakness																		
Xorn, Minor	Small	Elemental	3		Skip's Guide to Monsters (★★)	u/Drewfro666	42	18	20, burrow 20	N	15	10	20	11	10	11	None	Perception, Stealth	Nonmagicalres, nonadamantineres	Darkvision 60, tremorsense 60	Terran	Earth Glide, Stone Camouflage, Treasure Sense																		
Blight, Husk	Large	Plant	3		Sprouting Chaos Player's Companion (★★)	u/Jonoman3000	93	15	30	NE	16	8	20	6	10	3	None	None	Blindedimmu, deafenedimmu	Blindsight 60	Common	Needle Burst																		
Vine Terror	Large	Plant	3		Sprouting Chaos Player's Companion (★★)	u/Jonoman3000	74	16	0	U	18	10	18	4	10	6	None	None	Grappledimmu, restrainedimmu, frightenedimmu	Blindsight 120	None	Overgrowth, False Appearance																		
Yakfolk Warrior	Large	Monstrosity	3		Storm King's Thunder	Wizards of the Coast	60	11	30	NE	18	11	15	14	15	14	None	Deception, Survival	None	Normal	Common, Yikaria	Possession																		
Giant Ice Toad	Large	Monstrosity	3		Tales from the Yawning Portal	Wizards of the Coast	52	14	30	N	16	13	14	8	10	6	None	None	Coldimmu	Darkvision 60	Own	Amphibious, Cold Aura, Standing Leap																		
Giant Lightning Eel	Large	Beast	3		Tales from the Yawning Portal	Wizards of the Coast	42	13	5, swim 30	U	11	17	16	2	12	3	None	None	Lightningres	Blindsight 60	None	Water Breathing																		
Kalka-Kylla	Large	Monstrosity	3		Tales from the Yawning Portal	Wizards of the Coast	85	15	30, swim 30	N	17	12	16	15	16	12	None	Deception, Insight, Stealth	None	Blindsight 30	Olman	Amphibious, False Appearance, Shell																		
Siren	Medium	Fey	3		Tales from the Yawning Portal	Wizards of the Coast	38	14	30, swim 30	CG	10	18	12	13	14	16	None	Medicine, Nature, Stealth, Survival	None	Darkvision 60	Common, Elvish, Sylvan	Amphibious, INnate Spellcasting, Magic Resistance																		
Cold Rider, Unholy Mount	Large	Undead	3		Through the Ice and Snow (★)	u/LordMediocre	78	16	50	NE	18	16	13	3	10	1	None	None	Fireweak, thunderweak, coldimmu	Darkvision 60	None	Icy Regeneration, Fell Binding																		
Elder Thing	Medium	Aberration	3		Through the Ice and Snow (★)	u/LordMediocre	68	15	30, fly 20, swim 40	LN	15	14	19	20	16	17	WIS	None	Fireres, coldimmu	Darkvision 60	Own	Amphibious, Hibernation, Limited Starflight																		
Misc. Creature, Bison	Large	Beast	3		Through the Ice and Snow (★)	u/LordMediocre	66	13	40	U	26	10	19	2	11	4	DEX, CON	Perception	None	Normal	None	Keen Smell, Trampling Charge																		
Misc. Creature, Moose	Large	Beast	3		Through the Ice and Snow (★)	u/LordMediocre	51	13	30	U	18	13	17	3	10	6	DEX, CON	Perception, Stealth	None	Normal	None	Keen Smell																		
Assassin Vine	Large	Plant	3		Tomb of Annihilation	Wizards of the Coast	85	13	5, climb 5	U	18	10	16	1	10	1	None	None	Coldres, fireres, blindedimmu, deafenedimmu, exhaustionimmu, proneimmu	Blindsight 30	None	False Appearance																		
Giant Snapping Turtle	Large	Beast	3.00		Tomb of Annihilation	Wizards of the Coast	75	17	30, swim 40	U	19	10	14	2	12	5	None	None	None	Darkvision 60	None	Amphibious, Stable																		
Zombie, Ankylosaurus	Huge	Undead	3		Tomb of Annihilation	Wizards of the Coast	68	14	20	U	19	9	15	2	6	3	None	None	Poisonimmu, poisonedimmu	Darkvision 60	None	Undead Fortitude																		
Zombie, Girallon	Large	Undead	3		Tomb of Annihilation	Wizards of the Coast	59	11	30, climb 30	CE	18	12	16	3	7	5	None	None	Poisonimmu, poisonedimmu	Darkvision 60	None	Aggressive, Undead Fortitude																		
Bebop	Large	Monstrosity	3	https://docs.google.com/document/d/1YPjkLtyzq5VesEihJVOJpyIcbsrIYiPlgyCqGxw3Y6s/edit?tab=t.0#heading=h.z5m5e3pwpga7	Virasco 2000	Shwifty_Meme_Lord	78	15	35	CE	18	14	13	8	10	12	STR, CON	Intimidation, Perception	frightenedresist	Normal	Common, Theives Cant	Multiattack, shoulder check																		
Calculus Monster, Derivative	Medium	Construct	3	https://docs.google.com/document/d/1evELbjfqqUkLtBtvN27-di9otjVPgX5iiDu2qsMbo70/edit?tab=t.0#heading=h.dj2t1ht3jxa5	Virasco 2000	Shwifty_meme_lord	80	15	60	U	16	18	18	20	20	14	STR, DEX, INT, WIS	History	Necroticres, Psychicimmu, Acidimmu	Normal	None	None	6.5	3	FALSE	0	FALSE	1	2	0	0	FALSE	0	0	1	2	0	0	0	
evil foot clan ninja cyborg	Medium	Robot	3	https://docs.google.com/document/d/1B8WJEbqgzitmZXBGrXjD4ZValvzzG_4wSivm084la18/edit?tab=t.0	Virasco 2000	Shwifty_meme_lord	120	13	40	neutral evil	20	20	10	10	12	10	STR, DEX, CON, INT, WIS	None	Acidweak, Slashingres, Piercingres	Normal	Common	these are a single use enemy. they will not show up later.	8.5	4	FALSE	0	FALSE	2	0	1	0	FALSE	0	0	1	2	0	0	0	
Cave Fisher	Medium	Monstrosity	3		Volo's Guide to Monsters	Wizards of the Coast	58	16	20, climb 20	U	16	13	14	3	10	3	None	Perception, Stealth	None	Blindsight 60	None	Adhesive Filament, Flammable Blood, Spider Climb																		
Chitine, Choldrith	Medium	Monstrosity	3		Volo's Guide to Monsters	Wizards of the Coast	66	15	30, climb 30	CE	12	16	12	11	14	10	None	Athletics, Religion, Stealth	None	Darkvision 60	Undercommon	Fey Ancestry, Normal Spellcasting, Spider Climb, Sunlight Sensitivity, Web Sense, Web Walker																		
Deep Scion	Medium	Humanoid (Shapechanger)	3		Volo's Guide to Monsters	Wizards of the Coast	67	11	30, swim 40	NE	18	13	16	10	12	14	WIS, CHA	Deception, Insight, Sleight of Hand, Stealth	None	Darkvision 120	Aquan, Common, Thieves' Cant	Shapechanger, Amphibious																		
Flail Snail	Large	Elemental	3	http://dndroll.wikidot.com/creatures:flail-snail-legacy	Volo's Guide to Monsters	Wizards of the Coast	52	16	10	U	17	5	20	3	10	5	None	None	Fireimmu, poisonimmu, poisonedimmu	Darkvision 60, tremorsense 60	None	Antimagic Shell, Flail Tentacles																		
Leucrotta	Large	Monstrosity	3		Volo's Guide to Monsters	Wizards of the Coast	67	14	50	CE	18	14	15	9	12	6	None	Deception, Perception	None	Darkvision 60	Abyssal, Gnoll	Keen Smell, Kicking Retreat, Mimicry, Rampage																		
Neogi	Small	Aberration	3		Volo's Guide to Monsters	Wizards of the Coast	33	15	30, climb 30	LE	6	16	14	13	12	15	None	Intimidation, Perception	None	Darkvision 60	Common, Deep SPeech, Undercommon	Mental Fortitude, Spider Climb																		
NPC, Archer	Medium	Humanoid (Any Race)	3		Volo's Guide to Monsters	Wizards of the Coast	75	16	30	ANY	11	18	16	11	13	10	None	Acrobatics, Perception, Stealth	None	Normal	Any	Archer's Eye																		
NPC, Illusionist	Medium	Humanoid (Any Race)	3		Volo's Guide to Monsters	Wizards of the Coast	38	12	30	ANY	9	14	13	16	11	12	INT, WIS	Arcana, History	None	Normal	Any	Normal Spellcasting, Displacement																		
NPC, Martial Arts Adept	Medium	Humanoid (Any Race)	3		Volo's Guide to Monsters	Wizards of the Coast	60	16	40	ANY	11	17	13	11	16	10	None	Acrobatics, Insight, Stealth	None	Normal	Any	Unarmored Defense																		
NPC, Swashbuckler	Medium	Humanoid (Any Race)	3.00		Volo's Guide to Monsters	Wizards of the Coast	66	17	30	NOT LAWFUL	12	18	12	14	11	15	None	Acrobatics, Athletics, Persuasion	None	Normal	Any	Lightfooted, Suave Defense																		
Orc Red Fang of Shargaas	Medium	Humanoid (Orc)	3		Volo's Guide to Monsters	Wizards of the Coast	52	15	30	CE	11	16	15	9	11	9	None	Intimidation, Perception, Stealth	None	Darkvision 60	Common, Orc	Cunning Action, Hand of Shargaas, Shargaas' Sight, Slayer																		
Redcap	Small	Fey	3		Volo's Guide to Monsters	Wizards of the Coast	45	13	25	CE	18	13	18	10	12	9	None	Athletics, Perception	None	Darkvision 60	Common, Sylvan	Iron Boots, Outsize Strength																		
Slithering Tracker	Medium	Ooze	3		Volo's Guide to Monsters	Wizards of the Coast	32	14	30, climb 30, swim 30	CE	16	19	15	10	14	11	None	Stealth	COldweak,fireweak, nonmagicalres, blindedimmu, deafenedimmu, exhaustionimmu, grappledimmu, paralyzedimmu, petrifiedimmu, proneimmu, restrainedimmu, unconsciousimmu	Blindsight 120	Any	Ambusher, Damage Transfer, False Appearance, Keen Tracker, Liquid Form, Spider Climb, Watery Stealth																		
Trapper	Large	Monstrosity	3		Volo's Guide to Monsters	Wizards of the Coast	85	13	10, climb 10	U	17	10	17	2	13	4	None	Stealth	None	Blindsight 30, darkvision 60	None	False Appearance, Spider Climb																		
Dragon, Nebula, Wyrmliing	Medium	Dragon	4	https://www.gmbinder.com/share/-LSNMh6eX2Cm0VdsuZTr#:~:text=Nebula%20Dragon%20Wyrmling	All the Lights in the Sky Are Stars	u/aeyana	60	17	30, fly 60	CN	19	14	17	14	11	16																								
Darkest Dungeon, Defensive Growth	Medium	Aberration	4	https://homebrewery.naturalcrit.com/share/Hyb4CrHRf	Bestiary of the Ancestors (★)	u/LamiaDrake	93	21	0	CE	20	10	40	1	1	1	None	None	Poisonimmu, psychicimmu, bludgeoningres, slashingres, piercingres, fireres, coldres, exhaustionimmu, frightenedimmu, paralyzedimmu, petrifiedimmu, poisonedimmu, charmedimmu	Truesight 50	Deep SPeech	Immutable, Aberrant COnstruct, The Warping Truth																		
Darkest Dungeon, Malignant Growth	Medium	Aberration	4	https://homebrewery.naturalcrit.com/share/Hyb4CrHRf	Bestiary of the Ancestors (★)	u/LamiaDrake	85	18	0	CE	16	16	40	1	1	1	None	None	Poisonimmu, psychicimmu, bludgeoningres, slashingres, piercingres, fireres, coldres, exhaustionimmu, frightenedimmu, paralyzedimmu, petrifiedimmu, poisonedimmu, charmedimmu	Truesight 50	Deep Speech	Immutable, Aberrant COnstruct, The Warping Truth																		
Death Adder	Huge	Monstrosity	4	https://homebrewery.naturalcrit.com/share/Hyb4CrHRf	Bestiary of the Ancestors (★)	u/LamiaDrake	97	18	40	U	18	12	16	12	14	13	None	None	None	Darkvision 60	None	Molt																		
The Crimson Court, Crocodilian	Large	Aberration	4	https://homebrewery.naturalcrit.com/share/Hyb4CrHRf	Bestiary of the Ancestors (★)	u/LamiaDrake	120	16	20, swim 30	CN	20	12	16	8	14	12	None	None	None	Darkvision 60	None	Aquatic Recovery, Murky Hide, Erupting Assault																		
Dryad, Sister of the Vale	Medium	Fey	4		Book of Beautiful Horrors (★★)	u/regerem	60	13	30	N	10	16	12	14	16	18	None	Perception, Stealth, Survival	None	Darkvision 60	Elvish, Sylvan	Shapechanger, Innate Spellcasting, Magic Resistance, Speak with Beasts, Speak with Plants, Tree Stride, Lair																		
Kikimore Warrior	Large	Monstrosity	4		Book of Beautiful Horrors (★★)	u/regerem	73	17	30, burrow 20	U	18	8	20	4	15	5	None	None	Poisonimmu, exhaustionimmu, poisonedimmu	Darkvision 60, tremorsense 30	None	Aggression Pheromone, Fortitude, Virulent Venom																		
NPC, Northlander, Skald	Medium	Humanoid (Human)	4		Book of Beautiful Horrors (★★)	u/regerem	75	16	30	N	16	14	16	14	10	14	STR, CHA	History, Intimidation, Performance	None	Normal	Common, Own	Brave, Mariner, Shout of Valor																		
Primal Beast, Wolf	Large	Fey	4		Book of Beautiful Horrors (★★)	u/regerem	67	15	50	U	20	15	18	7	12	7	None	Perception, Stealth	Charmedimmu, frightenedimmu	Normal	Sylvan	Pack Tactics, Keen Hearing, Keen Smell, Sneak Attack																		
Vampire, Fleder	Medium	Undead	4		Book of Beautiful Horrors (★★)	u/regerem	77	15	40	CE	18	18	18	4	12	10	None	Athletics, Perception, Stealth	Necroticres, nonmagicalres	Blindsight 60, darkvision 120	None	Echolocation, Fear of Sunlight, Leap Attack, Spider Climb																		
Seafallen Captain	Medium	Undead	4		Dark Arts Player's Companion (☪)	u/Jonoman3000	85	15	20, swim 20	NE	19	12	20	7	8	9	WIS	None	Poisonimmu, poisonedimmu	Darkvision 60	Alive	Undead Fortitude, Weakly Armored																		
Cactus, Hunting	Small	Plant	4	https://www.gmbinder.com/share/-LX_TP1YO2DwlNvLa8XT#:~:text=Hunting%20Cactus	Dark Sun Stat Blocks (★)	u/Auquid	45	10	20	U	8	4	12	15	10	1	None	None	Psychicres, blindedimmu, deafenedimmu, frightenedimmu	Blindsight 30	None	False Appearance																		
Inix	Huge	Beast	4		Dark Sun Stat Blocks (★)	u/Auquid	126	14	30	U	18	10	18	1	10	4	STR, CON	Athletics	None	Normal	None	None																		
Sand Bride	Medium	Elemental	4		Dark Sun Stat Blocks (★)	u/Auquid	36	15	40, burrow 30	CE	8	14	10	10	20	10	DEX, WIS	Stealth	Poisonimmu, necroticimmu, nonmagicalres, fireres, lightningres, charmedimmu, exhaustionimmu, frightenedimmu, grappledimmu, paralyzedimmu, petrifiedimmu, poisonedimmu, proneimmu, restrainedimmu	Normal	Common	Innate Spellcasting																		
Thrax	Medium	Undead	4		Dark Sun Stat Blocks (★)	u/Auquid	65	16	30	NE	16	16	14	12	12	8	DEX, WIS	Stealth	Nonmagicalres, necroticres, radiantweak	Darkvision 60	Alive	Create Thrax, Regeneration																		
Fool's Idol	Medium	Construct	4		Demon's Souls Compendium (★)	u/TectonicImprov	50	12	fly 30	NE	9	14	11	15	14	18	WIS, CHA	Arcana, Deception, Religion	Nonmagicalres, radiantres, necroticres	Normal	Common	Innate Spellcasting, Heretical Revival																		
Leechmonger	Huge	Monstrosity	4		Demon's Souls Compendium (★)	u/TectonicImprov	102	13	40	U	18	7	15	3	8	3	STR, CON	None	Poisonimmu, fireweak, proneimmu, poisonedimmu	Blindsight 60	None	Hive Regrouping																		
Vanguard	Huge	Monstrosity	4		Demon's Souls Compendium (★)	u/TectonicImprov	95	12	25, fly 10	CE	19	7	16	4	8	3	STR, CON	None	None	Normal	None	None																		
Demon, Enfermat	Medium	Fiend (Demon)	4		Demons, Lot of Demons (★★★★)	u/dgscott	68	13	25	CE	16	10	18	10	10	6	CON	None	Coldres, fireres, lightningres, nonmagicalres, poisonimmu, poisonedimmu	Darkvision 120	Abyssal	Magic Resistance, Noxious Wounds																		
Githyanki Mindraider	Medium	Humanoid	4		Fighting Chance (r/d100)	u/The-Unapproachable	60	17	30	LE	13	16	13	15	13	10	DEX, INT, WIS	Insight, Intimidation, Perception	Psychicres	Normal	Own	Mental Dominator, Unwitting Ally, Sneak Attack, Innate Psionics																		
Ghaunadan	Medium	Ooze	4		Forgotten Realms Stat Blocks (★★★)	u/Drewfro666	75	15	30	CE	13	17	16	12	12	17	None	Deception, Stealth	Bludgeoningres, blindedimmu, deafenedimmu, exhaustionimmu, paralyzedimmu, proneimmu	Blindsight 60	Abyssal, Undercommon	Shapechanger, Amorphous, Brute, Disarm																		
Ghost, Spectral Harpist	Medium	Undead	4		Forgotten Realms Stat Blocks (★★★)	u/Drewfro666	45	11	fly 40	ANY	7	13	10	10	12	17	None	None	Acidres, fireres, lightningres, thunderres, nonmagicalres, coldimmu, necroticimmu, poisonimmu, charmedimmu, exhaustionimmu, frightenedimmu, grappledimmu, paralyzedimmu, petrifiedimmu, poisonedimmu, proneimmu, restrainedimmu, lightningimmu	Darkvision 60	Alive	Ethereal Sight, Incorporeal Movement, Magic Resistance, Magical Radiance																		
Ghost, Zhentarim Spirit	Medium	Undead	4		Forgotten Realms Stat Blocks (★★★)	u/Drewfro666	45	15	fly 40	ANY	7	13	10	17	12	17	None	None	Acidres, fireres, lightningres, thunderres, nonmagicalres, coldimmu, necroticimmu, poisonimmu, charmedimmu, exhaustionimmu, frightenedimmu, grappledimmu, paralyzedimmu, petrifiedimmu, poisonedimmu, proneimmu, restrainedimmu	Darkvision 60	ALive	Ethereal Sight, Incorporeal Movement, Normal SPellcasting																		
Lycanthrope, Werecrocodile	Medium	Humanoid	4.00		Forgotten Realms Stat Blocks (★★★)	u/Drewfro666	78	12	30, swim 30	NE	16	11	14	10	11	9	None	Perception, Stealth	Nonmagicalres, nonsilveredres	Normal	Common	Shapechanger, Hold Breath																		
Stinger	Large	Monstrosity	4		Forgotten Realms Stat Blocks (★★★)	u/Drewfro666	75	13	30	NE	16	15	15	10	10	13	None	Perception, Stealth, Survival	None	Darkvision 60, tremorsense 60	Tlincalli	Bolthole Magic																		
Assassin, Vanguard	Medium	Humanoid	4		https://drive.google.com/file/d/1YxCrJevrMZL4M4xqCkHSQ960D7PLr2R0/view	u/badooga1	71	16	30	CE	13	18	13	13	12	14																								
Minotaur, Greathorn	Large	Monstrosity	4		https://drive.google.com/file/d/1YxCrJevrMZL4M4xqCkHSQ960D7PLr2R0/view	u/badooga1	93	16	40, burrow 40	CE	18	11	16	6	18	9																								
Oozeblade	Medium	Humanoid (Any Race)	4		https://drive.google.com/file/d/1YxCrJevrMZL4M4xqCkHSQ960D7PLr2R0/view	u/badooga1	75	15	30	LE	11	15	16	10	11	17																								
Alluvium Hunter	Large	Beast	4		https://external-preview.redd.it/rTjZ2XDBHsf5btvFGwEb2mhD3mhy0GTmlvoGOd87shQ.jpg?auto=webp&s=a9b3be089168c52df8edec9d16bc39b5177a3343	u/lambros009	52	14	50	NE	18	18	15	5	12	8																								
Brain in a Jar	Tiny	Undead	4		https://i.redd.it/coadjkdgh9d21.png	u/polaris94	54	14	fly 30	NE	1	11	15	16	12	16																								
Wolf, Pack	Gargantuan	Beast	4		https://imgur.com/a/wOshIvV	u/aeyana	92	13	40	U	18	15	12	3	12	6																								
White Band, Shock Trooper	Medium	Humanoid	4		https://imgur.com/gallery/wRu122h	u/kinseki	120	17	40	LN	16	16	12	12	13	12																								
White Band, Subduer	Medium	Humanoid	4.00		https://imgur.com/gallery/wRu122h	u/kinseki	120	14	30	LN	14	14	12	18	14	12																								
Commandante Gato	Medium	Humanoid (Tabaxi)	4		https://www.reddit.com/r/1d6Adventurers/comments/8skj4p/bonus_day_343_commandante_gato/	1d6Adventurers																																		
Rusalka	Medium	Fey	4.00		https://www.reddit.com/r/monsteraday/comments/3p4fvb/day_62_rusalka/	StoneStrix																																		
Infestation Swarm	Medium	Monstrosity (Swarm)	4		https://www.reddit.com/r/monsteraday/comments/3pn9gi/day_66_infestation_swarm/	StoneStrix																																		
Caustic Crawler	Medium	Monstrosity	4		https://www.reddit.com/r/monsteraday/comments/3q5njk/day_70_caustic_crawler/	StoneStrix																																		
Chainer Geist	Medium	Undead	4.00		https://www.reddit.com/r/monsteraday/comments/3s0lep/day_84_chainer_geist/	StoneStrix																																		
Myconid Stinkhorn	Medium	Plant	4		https://www.reddit.com/r/monsteraday/comments/5wizq8/day_1_myconid_stinkhorn/	1d6Adventurers																																		
Giant Stag Beetle	Large	Beast	4		https://www.reddit.com/r/monsteraday/comments/5ya7op/day_8_giant_stag_beetle/	1d6Adventurers																																		
Muddle	Large	Ooze	4		https://www.reddit.com/r/monsteraday/comments/638ujz/day_26_mud_pie_muddle/	1d6Adventurers																																		
Cyst, Skulking	Small	Undead	4		https://www.reddit.com/r/monsteraday/comments/664wsr/day_37_skulking_cyst/	1d6Adventurers																																		
NPC, Bard, College of Whispers	Medium	Humanoid (Any Race)	4		https://www.reddit.com/r/monsteraday/comments/6eh2hd/day_68_1d6_bards/	1d6Adventurers																																		
NPC, Fighter, Cavalier	Medium	Humanoid (Any Race)	4		https://www.reddit.com/r/monsteraday/comments/6inwbn/day_83_1d6_fighters/	1d6Adventurers																																		
Lizardfolk Voodoo Priest	Medium	Humanoid (Lizardfolk)	4		https://www.reddit.com/r/monsteraday/comments/6ivf70/day_84_lizardfolk_voodoo_priest/	1d6Adventurers																																		
NPC, Monk, Way of the Kensei	Medium	Humanoid (Any Race)	4	https://homebrewery.naturalcrit.com/share/B1xqnJx4b	https://www.reddit.com/r/monsteraday/comments/6k2qqn/day_88_1d6_monks/	1d6Adventurers																																		
Seukothi, Taena Morae	Medium	Monstrosity (Seukothi)	4		https://www.reddit.com/r/monsteraday/comments/6khywn/day_90_seukothi/	1d6Adventurers																																		
Bodysnatcher Parasite	Tiny	Monstrosity	4		https://www.reddit.com/r/monsteraday/comments/6n3kth/day_99_bodysnatcher_parasite/	1d6Adventurers																																		
Giant Space Hamster	Large	Beast	4.00		https://www.reddit.com/r/monsteraday/comments/6nb2cs/day_100_bonanza/	1d6Adventurers																																		
Metal-Head Flameskull	Tiny	Undead	4		https://www.reddit.com/r/monsteraday/comments/6nb2cs/day_100_bonanza/	1d6Adventurers																																		
NPC, Warlock, Raven Queen	Medium	Humanoid (Any Race)	4		https://www.reddit.com/r/monsteraday/comments/6r6g7v/day_113_1d6_warlocks/	1d6Adventurers																																		
Golem, Training	Large	Construct	4		https://www.reddit.com/r/monsteraday/comments/6sfm55/day_117_training_golem/	1d6Adventurers																																		
NPC, Wizard, War Magic	Medium	Humanoid (Any Race)	4		https://www.reddit.com/r/monsteraday/comments/6snl5x/day_118_1d6_wizards/	1d6Adventurers																																		
Kobold Flamescale	Small	Humanoid (Kobold)	4		https://www.reddit.com/r/monsteraday/comments/6zoz9r/day_142_kobold_flamescale/	1d6Adventurers																																		
Tortle Elder	Medium	Humanoid (Tortle)	4		https://www.reddit.com/r/monsteraday/comments/714vk7/day_147_tortle_elder/	1d6Adventurers																																		
Bugbear Thug	Medium	Humanoid (Goblinoid)	4		https://www.reddit.com/r/monsteraday/comments/73utyy/day_156_bugbear_thug/	1d6Adventurers																																		
Hellbug Skitterling	Small	Monstrosity	4		https://www.reddit.com/r/monsteraday/comments/75jab2/day_162_hellbugs/	1d6Adventurers																																		
Stamen	Medium	Plant	4		https://www.reddit.com/r/monsteraday/comments/76sms4/day_166_stamen/	1d6Adventurers																																		
Giant Tardigrade	Huge	Monstrosity	4		https://www.reddit.com/r/monsteraday/comments/7f9wb8/day_195_giant_tardigrade/	1d6Adventurers																																		
Tinsel Constrictor	Large	Monstrosity	4.00		https://www.reddit.com/r/monsteraday/comments/7l3lpq/day_213_tinsel_constrictor/	1d6Adventurers																																		
Spelleater Slime	Medium	Ooze	4		https://www.reddit.com/r/monsteraday/comments/7noz8f/day_222_spelleater_slime/	1d6Adventurers																																		
Black Bill	Medium	Fey	4		https://www.reddit.com/r/monsteraday/comments/7wgd2r/day_250_black_bill/	1d6Adventurers																																		
Unicorn, Pegacorn	Large	Celestial	4.00		https://www.reddit.com/r/monsteraday/comments/7x3e1e/day_251_pegacorn/	1d6Adventurers																																		
Fetch	Medium	Fey	4.00		https://www.reddit.com/r/monsteraday/comments/81him4/day_265_fetch/	1d6Adventurers																																		
Liake	Large	Monstrosity	4.00		https://www.reddit.com/r/monsteraday/comments/864wg6/day_278_liake/	1d6Adventurers																																		
Blink Fox	Medium	Fey	4		https://www.reddit.com/r/monsteraday/comments/8cpn68/day_296_blink_fox/	1d6Adventurers																																		
Hag, Crowskin	Medium	Fey	4		https://www.reddit.com/r/monsteraday/comments/8edx2x/day_301_crowskin_hag/	1d6Adventurers																																		
Jeleton, Blue	Medium	Ooze	4.00		https://www.reddit.com/r/monsteraday/comments/8jeruw/day_316_jeletons/	1d6Adventurers																																		
Jeleton, Mustard	Medium	Ooze	4.00		https://www.reddit.com/r/monsteraday/comments/8jeruw/day_316_jeletons/	1d6Adventurers																																		
Spiderkin Warrior	Medium	Humanoid (Spiderkin)	4		https://www.reddit.com/r/monsteraday/comments/8kfh9j/day_320_spiderkin_warrior/	1d6Adventurers																																		
Goblin, Feral	Small	Humanoid (Goblin)	4		https://www.reddit.com/r/monsteraday/comments/8nkcue/day_329_feral_goblin/	1d6Adventurers																																		
Bonework Skeleton	Medium	Undead	4		https://www.reddit.com/r/monsteraday/comments/8u2mvt/day_347_bonework_skeleton/	1d6Adventurers																																		
Thri-Kreen Ka'Tho	Medium	Humanoid (Thri-Kreen)	4		https://www.reddit.com/r/monsteraday/comments/8uni1x/day_349_thrikreen_katho/	1d6Adventurers																																		
Gnoll Witherwitch	Medium	Undead	4		https://www.reddit.com/r/monsteraday/comments/8ycqdg/day_359_gnoll_witherwitch/	1d6Adventurers																																		
Caustic Ant, Soldier	Large	Beast	4		Ixor's Manual of Monstrous Findings (★★)	u/thorn1993	102	14	30, climb 30	U	19	14	16	2	12	4	None	Athletics, Survival	Acidimmu	Blindsight 60	None	Ant Pheromones, Heavy Lifter, Pack Tactics, Relentless, Spider Climb, Vitriolic Innards																		
Centaur Marksman	Large	Monstrosity	4		Ixor's Manual of Monstrous Findings (★★)	u/thorn1993	90	16	50	NG	16	19	14	9	14	12	None	Acrobatics, Perception, Survival	None	Normal	Elvish, Sylvan	Archer's Eye, Light-footed																		
Dinosaur, Spinosaurus, Young	Huge	Beast	4		Ixor's Manual of Monstrous Findings (★★)	u/thorn1993	114	13	20, swim 40	U	19	10	17	2	12	9	None	Perception	None	Normal	None	Hold Breath, Underwater Camouflage																		
Dragon, Stone, Wyrmling	Medium	Dragon	4		Ixor's Manual of Monstrous Findings (★★)	u/thorn1993	39	18	25, burrow 20, fly 40	N	17	8	15	10	12	16	STR, CON, WIS, CHA	Athletics, Perception	Nonmagicalres, nonadamantineres	Darkvision 60, tremorsense 10	Draconic	Tunneler																		
Floe Manta	Medium	Elemental	4		Ixor's Manual of Monstrous Findings (★★)	u/thorn1993	52	14	5, fly 30, swim 50	N	11	17	15	6	14	12	None	Perception, Stealth	Fireweak, acidres, nonmagicalres, coldimmu, poisonimmu, exhausitonimmu, paralyzedimmu, petrifiedimmu, poisonedimmu, uncosciousimmu	Normal	Aquan	Amphibious, Frozen Body																		
Skeleton Marauder	Medium	Undead	4		Ixor's Manual of Monstrous Findings (★★)	u/thorn1993	117	14	30	LE	18	14	15	6	8	5	None	None	Bludgeoningweak, poisonimmu, exhaustionimmu, poisonedimmu	Darkvision 60	Alive	Reckless, Unarmored Defense																		
The Frozen, Duelist	Medium	Undead	4		Ixor's Manual of Monstrous Findings (★★)	u/thorn1993	105	15	30	CE	13	16	16	5	8	5	None	None	Bludgeoningweak, poisonimmu, coldimmu, exhaustionimmu, poisonedimmu	Darkvision 60	Alive	Aggressive, Pack Tactics, Shard Flurry																		
Yugoloth, Voor	Large	Fiend (Yugoloth)	4		Ixor's Manual of Monstrous Findings (★★)	u/thorn1993	57	16	30, climb 30	NE	18	12	18	6	14	6	None	Perception, Stealth	Coldres, fireres, lightningres, nonmagicalres, acidimmu, poisonimmu, poisonedimmu	Blindsight 60	Abyssal, Infernal, telepathy 60	Spider Climb																		
City Guardian	Large	Construct	4	https://www.gmbinder.com/share/-M8CqWP2BL4GITsgyDM2#:~:text=City%20Guardian,-Large	Modern Handbook (★★)	u/AeronDrake	60	18	30	U	18	13	16	10	10	10	None	None	Nonmagicalres, nonadamantineres, forceimmu, necroticimmu, poisonimmu, blindedimmu, charmedimmu, deafenedimmu, frightenedimmu, paralyzedimmu, petrifiedimmu, poisonedimmu, stunnedimmu	Darkvision 60	Common	False Appearance, Magic Resistance, Regeneration																		
Amphibian, Tetsucabra	Large	Beast	4		Monster Hunter's Manual (★★★★)	u/Amellwind	110	14	30, burrow 20	U	18	14	16	2	5	5	None	None	None	Normal	None	Standing Leap, Dig																		
Fanged Beast, Arzuros	Large	Beast	4		Monster Hunter's Manual (★★★★)	u/Amellwind	90	14	35	U	18	12	14	8	8	8	None	None	None	Normal	None	Aggressive																		
Theropod, Kulu-Ya-Ku	Large	Beast	4		Monster Hunter's Manual (★★★★)	u/Amellwind	102	13	40	U	17	14	16	8	10	9	DEX, CON, CHA	None	None	Normal	None	Pounce, Standing Leap																		
Wyvern, Bird, Hypnocatrice	Large	Dragon	4.00		Monster Hunter's Manual (★★★★)	u/Amellwind	105	14	40, fly 40	U	16	12	15	9	10	7	None	Athletics	Incapacitatedimmu	Normal	None	None																		
Wyvern, Bird, Pukei-Pukei	Large	Dragon	4		Monster Hunter's Manual (★★★★)	u/Amellwind	97	12	30, fly 30	U	17	15	15	3	11	10	CON, WIS, CHA	None	None	Normal	None	Diet																		
Wyvern, Brute, Barroth	Large	Dragon	4		Monster Hunter's Manual (★★★★)	u/Amellwind	95	16	40	U	16	12	18	6	6	4	None	None	None	Normal	None	None																		
Wyvern, Fanged, Jagras, Great	Large	Dragon	4		Monster Hunter's Manual (★★★★)	u/Amellwind	75	15	40	U	16	10	15	2	12	7	None	Perception	Coldimmu	Normal	None	Full Belly																		
Banshee	Medium	Undead	4		Monster Manual	Wizards of the Coast	58	12	40 fly	CE	1	14	10	12	11	17	WIS, CHA	None	Acidres, fireres, lightningres, thunderres, nonmagicalres, coldimmu, necroticimmu, poisonimmu, charmedimmu, exhaustionimmu, frightenedimmu, grappledimmu, paralyzedimmu, petrifiedimmu, poisonedimmu, proneimmu, restrainedimmu	Darkvision 60	Common, Elvish	Detect Life, Incorporeal Movement																		
Chuul	Large	Aberration	4.00		Monster Manual	Wizards of the Coast	93	16	30, 30 swim	CE	19	10	16	5	11	5	None	Perception	Poisonimmu, poisonedimmu	Darkvision 60	Deep Speech	Amphibious, Sense Magic																		
Couatl	Medium	Celestial	4		Monster Manual	Wizards of the Coast	97	19	30, 90 fly	LG	16	20	17	18	20	18	CON, WIS, CHA	None	Radiantres, psychicimmu, nonmagicalimmu	Truesight 120	All, telepathy 120	Innate Spellcasting, Magic Weapons, Shielded Mind																		
Demon, Shadow	Medium	Fiend (Demon)	4		Monster Manual	Wizards of the Coast	66	13	30, fly 30	CE	1	17	12	14	13	14	DEX, CHA	Stealth	Radiantweak, acidres, fireres, necroticres, thunderres, nonmagicalres, coldimmu, lightningimmu, poisonimmu, exhaustionimmu, grappledimmu, paralyzedimmu, petrifiedimmu, poisonedimmu, proneimmu, restrainedimmu	Darkvision 120	Abyssal, telepathy 120	Incorporeal Movement, Light Sensitivity, Shadow Stealth																		
Dragon, Chromatic, Red, Wyrmling	Medium	Dragon	4.00		Monster Manual	Wizards of the Coast	75	17	40, climb 40, fly 80	CE	19	10	17	12	11	15	DEX, CON, WIS, CHA	Perception, Stealth	Fireimmu	Blindsight 30, darkvision 120	Draconic	None																		
Ettin	large	Giant	4		Monster Manual	Wizards of the Coast	85	12	40'	CE	21	8	17	6	10	8	None	Perception	None	Darkvision 60	Giant, Orc	Two Heads, Wakeful																		
Flameskull	Tiny	Undead	4	https://www.aidedd.org/dnd/monstres.php?vo=flameskull	Monster Manual	Wizards of the Coast	40	13	fly 40	NE	1	17	14	16	10	11	None	Arcana, Perception	Lightningres, necroticres, piercingres, coldimmu, fireimmu, poisonimmu, charmedimmu, frightenedimmu, paralyzedimmu, poisonedimmu	Darkvision 60	Common	Illumination, Magic Resistance, Rejuvenation, Normal Spellcasting																		
Ghost	Medium	Undead	4	https://www.dndbeyond.com/monsters/16871-ghost	Monster Manual	Wizards of the Coast	45	11	fly 40	ANY	7	13	10	10	12	17	None	None	Acidres, fireres, lightningres, thunderres, nonmagicalres, coldimmu, necroticimmu, poisonimmu, charmedimmu, exhaustionimmu, frightenedimmu, grappledimmu, paralyzedimmu, petrifiedimmu, poisonedimmu, proneimmu, restrainedimmu	Darkvision 60	Any	Ethereal Sight, Incorporeal Movement																		
Gnoll Fang of Yeenoghu	Medium	Humanoid	4		Monster Manual	Wizards of the Coast	65	14	30	CE	17	15	15	10	11	13	CON, WIS, CHA	None	None	Darkvision 60	Abyssal, Gnoll	Rampage																		
Helmed Horror	Medium	Construct	4.00		Monster Manual	Wizards of the Coast	60	20	30, fly 30	N	18	13	16	10	10	10	None	Perception	Nonadamantineres, forceimmu, necroticimmu, poisonimmu, blindedimmu, charmedimmu, deafenedimmu, frightenedimmu, paralyzedimmu, petrifiedimmu, poisonedimmu, stunnedimmu	Blindsight 60	Creator	Magic Resistance, Spell Immunity																		
Lamia	Large	Monstrosity	4		Monster Manual	Wizards of the Coast	97	13	30	CE	16	13	15	14	15	16	None	Deception, Insight, Stealth	None	Darkvision 60	Abyssal, Common	Innate Spellcasting																		
Lizard King/Queen	Medium	Humanoid	4	http://dndroll.wikidot.com/creatures:lizard-king-queen	Monster Manual	Wizards of the Coast	78	15	30, swim 30	CE	17	12	15	11	11	15	CON, WIS	Perception, Stealth, Survival	Frightenedimmu	Darkvision 60	Abyssal, Draconic	Hold Breath, Skewer																		
Lycanthrope, Wereboar	Medium	Humanoid	4		Monster Manual	Wizards of the Coast	78	11	40	NE	17	10	15	10	11	8	None	Perception	Nonmagicalimmu, nonsilveredimmu	Normal	Common	Shapechanger, Charge, Relentless																		
Lycanthrope, Weretiger	Medium	Humanoid	4.00		Monster Manual	Wizards of the Coast	120	12	40	N	17	15	16	10	13	11	None	Perception, Stealth	Nonmagicalimmu, nonsilveredimmu	Darkvision 60	Common	Shapechanger, Keen Hearing, Keen Smell, Pounce																		
Misc. Creature, Elephant	Huge	Beast	4		Monster Manual	Wizards of the Coast	76	12	40	U	22	9	17	3	11	6	None	None	None	Normal	None	Trampling Charge																		
Naga, Bone	Large	Undead	4		Monster Manual	Wizards of the Coast	58	15	30	LE	15	16	12	15	15	16	None	None	Poisonimmu, charmedimmu, exhaustionimmu, paralyzedimmu, poisonedimmu	Darkvision 60	Common, Any	Normal Spellcasting																		
Ooze, Black Pudding	Large	Ooze	4		Monster Manual	Wizards of the Coast	85	7	20, climb 20	U	16	5	16	1	6	1	None	None	Acidimmu, coldimmu, lightningimmu, slashingimmu, blindedimmu, charmedimmu, deafenedimmu, exhaustionimmu, frightenedimmu, proneimmu	Blindsight 60	None	Amorphous, Corrosive Form, Spider Climb																		
Orc War Chief	Medium	Humanoid	4		Monster Manual	Wizards of the Coast	93	16	30	CE	18	12	18	11	11	16	STR, CON, WIS	Intimidation	None	Darkvision 60	Common, Orc	Aggressive, Gruumsh's Fury																		
Succubus/Incubus	Medium	Fiend	4		Monster Manual	Wizards of the Coast	66	15	30, fly 60	NE	8	17	13	15	12	20	None	Deception, Insight, Perception, Persuasion, Stealth	Coldres, fireres, lightningres, poisonres, nonmagicalres	Darkvision 60	Abyssal, Common, Infernal, telepathy 60	Telepathic Bond, Shapechanger																		
Angel, Agathion	Medium	Celestial	4.00		Monster Module (★★★★)	u/Jonoman3000	42	17	30, fly 60	LG	16	15	18	16	17	18	WIS, CHA	Insight, Perception, Persuasion, Stealth	Radiantres, nonmagicalres, charmedimmu, exhaustionimmu, frightenedimmu	Darkvision 60	All, telepathy 60	ANgelic Weapons Magic Resistance, Shapechanger, innate Spellcasting																		
Basilisk, Marine	Large	Monstrosity	4		Monster Module (★★★★)	u/Jonoman3000	85	16	20, swim 40	U	18	10	16	2	10	7	None	None	Poisonres	Darkvision 60	None	Amphibious, Petrifying Gaze																		
Bugbear Champion of Hruggek	Medium	Humanoid	4		Monster Module (★★★★)	u/Jonoman3000	60	16	30	CE	16	13	16	9	16	11	None	Religion, Stealth, Survival	None	Darkvision 60	Common, Goblin	Brute, Surprise Attack, Normal Spellcasting																		
Cambion, Alu-Fiend	Medium	Fiend	4.00		Monster Module A-C	u/Jonoman3000	65	17	30, fly 60	VARIES	17	19	14	16	12	15																								
Centaur Marksman	Large	Monstrosity	4		Monster Module A-C	u/Jonoman3000	90	14	50	NG	15	18	14	10	15	12																								
Chimera, Demimaera	Large	Monstrosity	4		Monster Module A-C	u/Jonoman3000	93	14	40	CE	17	12	16	3	13	10																								
Couatl, Fallen	Medium	Celestial	4		Monster Module A-C	u/Jonoman3000	75	17	40	NE	18	20	17	16	18	20																								
Clockwork, Iron Cobra	Medium	Construct	4		Mordenkainen's Tome of Foes	Wizards of the Coast	45	13	30	U	12	16	14	3	10	1	None	Stealth	Poisonimmu, nonmagicalimmu, nonadamantineimmu, charmedimmu, exhaustionimmu, frightenedimmu, paralyzedimmu, petrifiedimmu, poisonedimmu	Darkvision 60	Creator	Magic Resistance																		
Clockwork, Stone Defender	Medium	Construct	4		Mordenkainen's Tome of Foes	Wizards of the Coast	52	16	30	U	19	10	17	3	10	1	None	None	Poisonimmu,nonmagicalimmu, nonadamantineimmu, charmedimmu, exhaustionimmu, frightenedimmu, paralyzedimmu, petrifiedimmu, poisonedimmu	Darkvision 60	Creator	False Appearance, Magic Resistance																		
Deathlock	Medium	Undead	4		Mordenkainen's Tome of Foes	Wizards of the Coast	36	12	30	NE	11	15	10	14	12	16	INT, CHA	Arcana, History	Necroticres, nonmagicalres, nonsilveredres, poisonimmu, exhaustionimmu, poisonedimmu	Darkvision 60	Any	Innate Spellcasting, Normal Spellcasting, Turn Resistance																		
Demon, Dybbuk	Medium	Fiend (Demon)	4.00		Mordenkainen's Tome of Foes	Wizards of the Coast	37	14	40 fly	CE	6	19	16	16	15	14	None	Deception, Intimidation, Perception	Acidres, coldres, fireres, lightiningres, thunderres, nonmagicalres, poisonimmu, charmedimmu, exhaustionimmu, frightenedimmu, grappledimmu, paralyzedimmu, petrifiedimmu, poisonedimmu, proneimmu, restraindeimmu	Darkvision 120	Abyssal, Common, telepathy 120	Incorporeal Movement, Innate Spellcasting, Magic Resistance, Violate Corpse																		
Devil, Merregon	Medium	Fiend (Devil)	4		Mordenkainen's Tome of Foes	Wizards of the Coast	45	16	30	LE	18	14	17	6	12	8	None	None	Coldres, nonmagicalres, nonsilveredres, fireimmu, poisonimmu, frightenedimmu, poisonedimmu	Darkvision 60	Infernal, telepathy 120	Devil's Sight, Magic Resistance																		
Ogre Battering Ram	Large	Giant	4		Mordenkainen's Tome of Foes	Wizards of the Coast	59	14	40	CE	19	8	16	5	7	7	None	None	None	Darkvision 60	Common, Giant	Siege Monster																		
Darknut	Medium	Construct	4		Plane Shift - Hyrule (★)	u/LeakyLicanthrope	60	20	25	N	18	13	16	10	10	10	None	Perception	Nonmagicalres, nonadamantineres, forceimmu, necroticimmu, poisonimmu, blindedimmu, charmedimmu, deafenedimmu, frightenedimmu, paralyzedimmu, petrifiedimmu, poisonedimmu, stunnedimmu	Blindsight 60	Creator	Magic Resistance, Spell Immunity, Weak Armor																		
Black Earth, Burrowshark	Medium	Humanoid (Human)	4		Princes of the Apocalypse	Wizards of the Coast	82	18	30	NE	18	12	16	10	11	13	None	Animal Handling, Athletics, Intimidation, Perception	None	Normal	Common	Bond of the Black Earth																		
Black Earth, Stonemelder	Medium	Humanoid (Human)	4		Princes of the Apocalypse	Wizards of the Coast	75	17	30	NE	15	10	16	12	11	17	None	Intimidation, Perception	None	Tremorsense 30	Common, Terran	Death Burst, Normal Spellcasting																		
Hangman's Tree	Huge	Plant	4		Single (★★)	u/Sooper88	104	15	20	NE	19	6	17	7	14	6	None	None	Proneimmu	Tremorsense 30, darkvision 60	Sylvan	False Appearance, Hangman's Branches, Absorption																		
Straw Construct, Lion	Large	Construct	4		Single (★★★)	u/HumansWillComeForYou	112	15	50	U	18	14	14	3	12	8	STR, DEX	Athletics, Stealth	Fireweak	Darkvision 60	Creator	Pounce, Running Leap																		
Achaierai	Large	Fiend	4.00		Skip's Guide to Monsters (★★)	u/Drewfro666	75	15	50	NE	19	13	14	10	14	7	None	Perception, Stealth	None	Darkvision 60	Infernal	None																		
Archon, Hound	Medium	Celestial	4		Skip's Guide to Monsters (★★)	u/Drewfro666	52	18	40	LG	16	11	14	10	13	13	None	Insight, Perception	Lightningres, radiantres, nonmagicalres	Darkvision 60	All	Magic Resistance																		
Arrowhawk, Adult	Medium	Elemental	4.00		Skip's Guide to Monsters (★★)	u/Drewfro666	65	15	fly 60	N	15	21	15	10	13	13	None	Perception	Coldres, fireres, acidimmu, lightningimmu, poisonimmu, poisonedimmu	Darkvision 60	Auran	Dive Attack, Flyby, Keen Sight																		
Hydra, Lernean (Skip)	Huge	Monstrosity	4		Skip's Guide to Monsters (★★)	u/Drewfro666	57	13	30, swim 30	U	17	12	20	2	10	7	None	Perception	None	Darkvision 60	None	Hold Breath, Multiple Heads, Reactive HEads, Wakeful																		
Misc. Creature, Stag Beetle, Giant	Large	Beast	4		Skip's Guide to Monsters (★★)	u/Drewfro666	85	18	20	U	20	10	17	1	10	4	None	None	None	Blindsight 10, darkvision 60	None	Trampling Charge																		
Misc. Creature, Wolverine, Dire	Large	Beast	4		Skip's Guide to Monsters (★★)	u/Drewfro666	57	16	30, climb 15	U	18	17	18	3	12	10	None	Perception, Stealth	None	Normal	None	Keen Smell, Feral Rage																		
Nymph	Medium	Fey	4		Skip's Guide to Monsters (★★)	u/Drewfro666	38	17	30, swim 30	CG	10	17	12	16	17	19	DEX, INT, WIS, CHA	Animal Handling, Insight, Perception, Stealth	None	Darkvision 60	SYlvan	Blinding Beauty, Normal Spellcasting																		
Ravid	Medium	Elemental	4		Skip's Guide to Monsters (★★)	u/Drewfro666	49	19	20, fly 60	N	14	10	13	7	12	14	None	None	Fireimmu, radiantimmu	Darkvision 60	None	Life-Bringing Aura																		
Succubus/Incubus, Read Minds	Medium	Fiend	4		Skip's Guide to Monsters (★★)	u/Drewfro666	66	15	30, fly 60	NE	8	17	13	15	12	20	None	Deception, Insight, Perception, Persuasion, Stealth	Coldres, fireres, lightningres, poisonres, nonmagicalres	Darkvision 60	Abyssal, Common, Infernal, telepathy 60	Telepathic Bond, Shapechanger, Read Thoughts																		
Tojanda, Adult	Medium	Elemental	4		Skip's Guide to Monsters (★★)	u/Drewfro666	90	17	10, swim 90	N	16	13	17	10	12	9	None	Perception	Acidimmu, coldimmu, fireres, lightningres	Darkvision 60	Aquan	SHell																		
Yakfolk Priest	Large	Monstrosity	4		Storm King's Thunder	Wizards of the Coast	52	12	30	NE	16	11	15	14	18	14	None	Deception, Medicine, Survival	None	Normal	Common, Yikaria	Normal Spellcasting, Possession																		
Giant Subterranean Lizard	Huge	Beast	4		Tales from the Yawning Portal	Wizards of the Coast	66	14	30, swim 50	U	21	9	17	2	10	7	None	Stealth	None	Normal	None	None																		
Kelpie	Medium	Plant	4		Tales from the Yawning Portal	Wizards of the Coast	67	14	10, swim 30	NE	14	14	16	7	12	10	None	Perception, Stealth	Bludgeoningres, fireres, piercingres, blindedimmu, deafenedimmu, exhaustionimmu	Blindsight 60	Common, Sylvan	Amphibious, Seaweed Shape, False Appearance																		
Tecuziztecatl	Large	Monstrosity	4		Tales from the Yawning Portal	Wizards of the Coast	102	13	30, climb 30	N	17	10	16	15	16	13	None	Deception, Stealth	Nonmagicalres, acidimmu	Blindsight 30	Olman, Primal	Amphibious, Glowing, Flexible, Spider Climb																		
Decapus	Large	Monstrosity	4		The Tortle Package	Wizards of the Coast	75	14	15, climb 30	U	15	14	14	4	10	7	None	Athletics, Perception, Stealth	None	Darkvision 60	None	None																		
Cold Rider	Medium	Fey	4		Through the Ice and Snow (★)	u/LordMediocre	119	17	30	CE	17	16	18	14	15	17	DEX, WIS	Acrobatics, Animal Handling, Insight, Intimidation, Nature, Perception, Stealth	Fireweak, thunderweak, coldimmu	Darkvision 60	Common, Elvish, Sylvan	Innate Spellcasting, Icewalking, Implements of Ice, Icy Regeneration																		
Kamadan	Large	Monstrosity	4		Tomb of Annihilation	Wizards of the Coast	67	13	30	U	16	16	14	3	14	10	None	Perception, Stealth	None	Normal	None	Keen Smell, Pounce																		
Roadkill Rodney	Small	Construct	4	https://docs.google.com/document/d/1HeEsEPTt2DvsJck63FiWg6YzutTa9ODAWH2qLRxyO1A/edit?tab=t.0	Virasco 2000	Shwify_meme_lord	60	19	60	true neutral	14	14	20	10	10	10	STR, DEX, CON	None	Acidweak, Lightningweak, Necroticres, Slashingimmu, Piercingimmu, Coldimmu, Psychicimmu	Normal	Common	None	24	7	FALSE	0	FALSE	1	4	2	17	FALSE	0	0	0	2	0	0	0	
Baxster Stockman	Meduim	Humanoid	4	https://docs.google.com/document/d/1ZFMTMGkZRF-9eraiE5OQK44IJciWIM8cPfMTc0cQu_Q/edit?tab=t.0#heading=h.i4umjts4rmyy	Virasco 2000	Shwifty_Meme_Lord	60	11	30, fly 60	NE	10	10	16	16	10	4	INT	None	None	Normal	Common	None																		
Rocksteady	Large	Monstrosity	4	https://docs.google.com/document/d/1YPjkLtyzq5VesEihJVOJpyIcbsrIYiPlgyCqGxw3Y6s/edit?tab=t.0#heading=h.z5m5e3pwpga7	Virasco 2000	Shwifty_Meme_Lord	95	16	30	CE	20	10	16	7	11	10	STR, CON	Athletics, Intimidation	BludgeningResist	Normal	Common, Theives Cant	Multiattack, Charging stampead																		
phase 1 orange foot clan ninja	Medium	Humanoid	4	https://docs.google.com/document/d/1dIjotzgCGDHc_MWAUKniFIZCMPxN7ynQ7SKz-v0YWNU/edit?tab=t.0	Virasco 2000	Shwifty_meme_lord	40	18	30	chaotic neutral	16	16	16	14	12	10	STR, DEX, WIS	Acrobatics, Stealth	Bludgeoningres	Normal	Common, Thieves Cant	None	21	5	FALSE	0	FALSE	1	0	0	15	FALSE	0	0	2	1	0	0	0	
phase 1 white foot clan ninja	Medium	Humanoid	4	https://docs.google.com/document/d/1bg1YjfYSb06-euGZpkAeznGUKGTsy4GXGSm3xQHY0mk/edit?tab=t.0	Virasco 2000	Shwifty_meme_lord	50	14	30	chaotic neutral	16	16	14	12	10	10	STR, DEX, WIS	Acrobatics, Stealth	None	Normal	Common, Thieves Cant	None	19	5	FALSE	0	FALSE	0	0	0	17	FALSE	0	0	1	2	0	0	19	
Barghest	Large	Fiend	4		Volo's Guide to Monsters	Wizards of the Coast	90	17	60	NE	19	15	14	13	12	14	None	Deception, Intimidation, Perception, Stealth	Coldres, fireres, lightningres, nonmagicalres, acidimmu, poisonimmu, poisonedimmu	Blindsight 60, darkvision 60	Abyssal, Common, Goblin, Infernal, telepathy 60	Shapechanger, Fire Banishment, Keen Smell, Innate Spellcasting																		
Demon, Babau	Medium	Fiend (Demon)	4		Volo's Guide to Monsters	Wizards of the Coast	82	16	40	CE	19	16	16	11	12	13	None	Perception, Stealth	Coldres, fireres, lightningres, nonmagicalres, poisonimmu, poisonedimmu	Darkvision 120	Abyssal	Innate Spellcasting																		
Dinosaur, Stegosaurus	Huge	Beast	4		Volo's Guide to Monsters	Wizards of the Coast	76	13	40	U	20	9	17	2	11	5	None	None	None	Normal	None	None																		
Girallon	Large	Monstrosity	4		Volo's Guide to Monsters	Wizards of the Coast	59	13	40, climb 40	U	18	16	16	5	12	7	None	Perception, Stealth	None	Darkvision 60	None	Aggressive, Keen Smell																		
Hobgoblin Devastator	Medium	Humanoid (Goblinoid)	4	https://dr-eigenvalue.github.io/bestiary/creature/hobgoblin-devastator	Volo's Guide to Monsters	Wizards of the Coast	45	13	30	LE	13	12	14	16	13	11	None	Arcana	None	Darkvision 60	Common, Goblin	Arcane Advantage, Army Arcana, Normal Spellcasting																		
Neogi Master	Medium	Aberration	4		Volo's Guide to Monsters	Wizards of the Coast	71	15	30, climb 30	LE	6	16	14	16	12	18	WIS	Arcana, Deception, Intimidation, Perception, Persuasion	None	Darkvision 120	Common, Deep Speech, Undercommon	Mental Fortitude, Normal Spellcasting, Spider Climb																		
NPC, Warlock of the Archfey	Medium	Humanoid (Any Race)	4		Volo's Guide to Monsters	Wizards of the Coast	49	11	30	ANY	9	13	11	11	12	18	WIS, CHA	Arcana, Deception, nature, Persuasion	Charmedimmu	Normal	Any	Innate Spellcasting, Normal Spellcasting																		
Orc Blade of Ilneval	Medium	Humanoid (Orc)	4		Volo's Guide to Monsters	Wizards of the Coast	60	18	30	CE	17	11	17	10	12	14	WIS	Perception, Insight, Intimidation	None	Darkvision 60	Common, Orc	Aggressive, Foe Smiter of Ilneval																		
Yeth Hound	Large	Fey	4		Volo's Guide to Monsters	Wizards of the Coast	51	14	40, fly 40	NE	18	17	16	5	12	7	None	None	Nonmagicalimmu, nonsilveredimmu, charmedimmu, exhaustionimmu, frightenedimmu	Darkvision 60	Common, Elvish, Sylvan	Keen Hearing, Keen Smell, Sunlight Banishment, Telepathic Bond																		
Yuan-Ti Mind Whisperer	Medium	Monstrosity	4		Volo's Guide to Monsters	Wizards of the Coast	71	14	30	NE	16	14	13	14	12	16	WIS, CHA	Deception, Stealth	Poisonimmu, poisonedimmu	Darkvision 120	Abyssal, Common, Draconic	Shapechanger, Innate Spellcasting, Magic Resistance, Mind Fangs, Normal Spellcasting, Sseth's Blessing																		
Yuan-Ti Nightmare Speaker	Medium	Monstrosity	4		Volo's Guide to Monsters	Wizards of the Coast	71	14	30	NE	16	14	13	14	12	16	WIS, CHA	Deception, Stealth	Poisonimmu, poisonedimmu	Darkvision 120	Abyssal, Common, Draconic	Shapechanger, Death Fangs, Innate Spellcasting, Magic Resistance, Normal Spellcasting																		
Elemental, Black Hole	Large	Elemental	5	https://www.gmbinder.com/share/-LSNMh6eX2Cm0VdsuZTr#:~:text=Black%20Hole%20Elemental	All the Lights in the Sky Are Stars	u/aeyana	126	15	30, fly 30	N	20	11	20	5	10	5																								
Elemental, Star	Large	Elemental	5	https://www.gmbinder.com/share/-LSNMh6eX2Cm0VdsuZTr#:~:text=Star%20Elemental	All the Lights in the Sky Are Stars	u/aeyana	90	14	50, fly 50	N	13	19	15	7	10	6																								
Hooded Nebula	Large	Elemental	5	https://www.gmbinder.com/share/-LSNMh6eX2Cm0VdsuZTr#:~:text=Hooded%20Nebula	All the Lights in the Sky Are Stars	u/aeyana	90	15	30	CN	18	14	15	16	10	12																								
Krenelisk	Large	Monstrosity	5.00	https://www.gmbinder.com/share/-LSNMh6eX2Cm0VdsuZTr#:~:text=Krenelisk	All the Lights in the Sky Are Stars	u/aeyana	102	16	30, burrow 10	U	19	13	17	9	13	6																								
NPC, Warden	Medium	Humanoid (Any Race)	5	https://drive.google.com/file/d/0BwRBp4t9A8LbWjRUT0IzM2RfcGs/view?resourcekey=0-lA_Fe3jgtYGUiQ2AJtwz3Q	Arcane Artillery (☪★★★)	u/ZowJr	78	16	30	ANY	12	16	14	10	15	12	None	Survival, Perception, Acrobatics	None	Normal	Any	Natural Explorer, Longshot Mastery																		
Brigand, 16-Pounder	Huge	Construct	5	https://homebrewery.naturalcrit.com/share/Hyb4CrHRf	Bestiary of the Ancestors (★)	u/LamiaDrake	84	18	10	U	20	1	20	1	1	1	None	None	Psychicimmu, poisonimmu,allres, allimmu	Machine	None	Inanimate, Reinforcements																		
Darkest Dungeon, Cultist Priest	Medium	Aberration	5	https://homebrewery.naturalcrit.com/share/Hyb4CrHRf	Bestiary of the Ancestors (★)	u/LamiaDrake	114	16	30	CE	24	10	19	18	17	14	None	None	None	Truesight 50	Common, Deep Speech	The Warping Truth																		
Formless Flesh	Colossal	Aberration	5	https://homebrewery.naturalcrit.com/share/Hyb4CrHRf	Bestiary of the Ancestors (★)	u/LamiaDrake	136	16	30	CE	16	16	16	3	3	3	None	None	None	Blindsight 40	None	Amalgamate Form, Formless Flesh's Head, Formles Heart, Formless Spine, Formless Tentacle																		
Prophet	Medium	Undead	5	https://homebrewery.naturalcrit.com/share/Hyb4CrHRf	Bestiary of the Ancestors (★)	u/LamiaDrake	126	18	15	CN	16	16	20	12	20	6	None	None	Poisonimmu, exhaustionimmu, poisonedimmu	Darkvision 60	Common	Calamitous Prognostication, Pews, Rubble of Ruin																		
The Collector	Medium	Aberration	5	https://homebrewery.naturalcrit.com/share/Hyb4CrHRf	Bestiary of the Ancestors (★)	u/LamiaDrake	144	16	40	CN	6	16	15	18	12	16	None	None	None	Darkvision 90	Common, Abyssal, Deep Speech	Normal Spellcasting																		
The Crimson Court, Baron	Medium	Monstrosity	5	https://homebrewery.naturalcrit.com/share/Hyb4CrHRf	Bestiary of the Ancestors (★)	u/LamiaDrake	126	14	30, burrow 20	CE	16	18	16	13	16	14	None	None	None	Darkvision 90	Common	Curtain Call, Let The Games Begin, A Veil Lifted																		
The Crimson Court, Viscount	Medium	Monstrosity	5	https://homebrewery.naturalcrit.com/share/Hyb4CrHRf	Bestiary of the Ancestors (★)	u/LamiaDrake	133	15	30	CE	8	20	18	14	14	12	None	None	None	Darkvision 90	Common	A Veil Lifted, Endless Hunger																		
The Pelagic, Drowned Crew	Huge	Undead	5	https://homebrewery.naturalcrit.com/share/Hyb4CrHRf	Bestiary of the Ancestors (★)	u/LamiaDrake	126	18	0	CE	20	4	20	10	16	18	None	None	Poisonimmu, exhaustionimmu, poisonedimmu	Darkvision 60	Common	The Anchor																		
The Pelagic, The Siren	Large	Aberration	5.00	https://homebrewery.naturalcrit.com/share/Hyb4CrHRf	Bestiary of the Ancestors (★)	u/LamiaDrake	135	16	20, swim 40	CN	6	16	16	12	18	20	None	None	None	Darkvision 60	Deep SPeech, Common	None																		
The Rot, The Hag	Large	Humanoid	5.00	https://homebrewery.naturalcrit.com/share/Hyb4CrHRf	Bestiary of the Ancestors (★)	u/LamiaDrake	126	16	30	CE	16	14	16	16	14	14	None	None	None	Darkvision 60	COmmon	Strength Mutation, The Pot																		
The Swine, King	Colossal	Monstrosity	5.00	https://homebrewery.naturalcrit.com/share/Hyb4CrHRf	Bestiary of the Ancestors (★)	u/LamiaDrake	135	5	10	CE	26	1	25	6	6	6	None	None	Blindedimmu	Normal	Deep Speech	Marked Target, Avenging Rampage, Avenging Strike																		
The Unholy, Necromancer	Medium	Undead	5.00	https://homebrewery.naturalcrit.com/share/Hyb4CrHRf	Bestiary of the Ancestors (★)	u/LamiaDrake	112	16	30	NE	14	16	16	18	14	16	None	None	Poisonimmu, exhaustionimmu, poisonedimmu	Darkvision 60	Common	Necromancy																		
Foglet	Large	Undead	5		Book of Beautiful Horrors (★★)	u/regerem	133	14	40	CE	21	14	18	13	14	11	None	Perception, Stealth	Acidres, coldres, psychicres, lightningimmu, poisonimmu, charmedimmu, exhaustionimmu, frightenedimmu, paralyzedimmu, poisonedimmu	Darkvision 60	Alive	Innate Spellcasting, Rejuvenation																		
Ghoul, Bone Ghast	Medium	Undead	5.00		Book of Beautiful Horrors (★★)	u/regerem	84	17	30	CE	16	16	14	11	10	8	None	None	Necroticres, poisonimmu, charmedimmu, exhaustionimmu, poisonedimmu	Darkvision 60	Common	Bone Spikes, Lesser Regeneration																		
Nekker Thornheart Spellcaster	Small	Fey	5		Book of Beautiful Horrors (★★)	u/regerem	55	15	40, burrow 30, climb 30	CE	11	16	15	13	10	16	None	Stealth	None	Darkvisino 120	COmmon, Own, Sylvan	Fey Resilience, Heart of the Swarm, Thorn Lurker, Lair, Innate Spellcasting																		
NPC, Crowd, Cultist Mob	Huge	Humanoid	5		Book of Beautiful Horrors (★★)	u/regerem	91	11	30	ANY CHAOTIC	17	10	10	10	10	10	None	None	Bludgeoningres, piercingres, slashingres, charmedimmu, frightenedimmu, paralyzedimmu, petrifiedimmu, proneimmu, restrainedimmu, stunnedimmu	Normal	Any	Swarm, Frenzied, Sacrifice																		
NPC, Crowd, Fanatic Mob	Huge	Humanoid	5.00		Book of Beautiful Horrors (★★)	u/regerem	91	11	30	ANY CHAOTIC	17	10	10	10	10	10	None	None	Bludgeoningres, piercingres, slashingres, charmedimmu, frightenedimmu, paralyzedimmu, petrifiedimmu, proneimmu, restrainedimmu, stunnedimmu	Normal	Any	Swarm, Bad Omens, Burn the Heretics, Purified by Fire																		
NPC, Crowd, Militia Mob	Huge	Humanoid	5		Book of Beautiful Horrors (★★)	u/regerem	91	11	30	ANY CHAOTIC	17	10	10	10	10	10	None	None	Bludgeoningres, piercingres, slashingres, charmedimmu, frightenedimmu, paralyzedimmu, petrifiedimmu, proneimmu, restrainedimmu, stunnedimmu	Normal	Any	Swarm, Reactive, Unruly																		
NPC, Crowd, Rebel Mob	Huge	Humanoid	5		Book of Beautiful Horrors (★★)	u/regerem	91	11	30	ANY CHAOTIC	17	10	10	10	10	10	None	None	Bludgeoningres, piercingres, slashingres, charmedimmu, frightenedimmu, paralyzedimmu, petrifiedimmu, proneimmu, restrainedimmu, stunnedimmu	Normal	Any	Swarm, Impetuous, Sworn Enemy, Destructive																		
NPC, Northlander, Völva	Medium	Humanoid (Human)	5		Book of Beautiful Horrors (★★)	u/regerem	78	15	30	N	8	12	14	17	18	15	INT, WIS	Arcana, History, Insight, Medicine, Religion	None	Normal	Common, Own, Any	Lore Keeper, Mariner, Seeress, Wand-Wed																		
Rotfiend, Scurver	Medium	Undead	5		Book of Beautiful Horrors (★★)	u/regerem	75	15	50, burrow 10	CE	16	14	16	5	13	7	None	Perception, Stealth	Necroticimmu, poisonimmu, charmedimmu, exhaustionimmu, frightenedimmu, paralyzedimmu, poisonedimmu	Darkvision 60	None	Death Burst, Razor Spines																		
Satyr, Leanan	Medium	Fey	5		Book of Beautiful Horrors (★★)	u/regerem	71	14	40	CG OR CN	16	16	12	12	10	16	None	Perception, Performance, Stealth	Nonmagicalres, nonsilveredres	Normal	Common, Elvish, Sylvan	Heart Sight, Magic Resistance																		
Warp Touched, Uhogguath	Large	Aberration	5		Book of Beautiful Horrors (★★)	u/regerem	60	14	30, climb 30	NE	15	16	14	10	10	10	None	Stealth	None	Darkvision 60	Deep Speech, telepathy 60	Ethereal Sight, Ethereal Jaunt, Spider Climb, Ethereal Web																		
Wild Hunt, Corsair	Medium	Fey	5		Book of Beautiful Horrors (★★)	u/regerem	44	18	30	LE	16	17	12	10	13	14	DEX, CHA	Intimidation, Perception	Nonmagicalres, nonsilveredres, coldimmu, charmedimmu, frightenedimmu	Darkvision 60	Elvish, Primordial, Sylvan	Innate Spellcasting, Frost Weapons, Action Surge, Endless Hunt																		
Wild Hunt, White Frost, Elemental	Large	Elemental	5		Book of Beautiful Horrors (★★)	u/regerem	114	16	30	NE	18	10	18	5	10	7	None	None	Fireweak, nonmagicalres, coldimmu, poisonimmu, exhaustionimmu, paralyzedimmu, poisonedimmu, unconsciousimmu	Darkvision 60	Primordial	Detect Heat, Drain Warmth, Ice Walk																		
Zombie, Ravenous	Medium	Undead	5		Book of Beautiful Horrors (★★)	u/regerem	85	12	30	NE	18	14	18	5	14	8	CON	Perception, Stealth	Poisonimmu, poisonedimmu	Darkvision 60	Alive	Blood Frenzy, Herald of Decay, Undead Fortitude, Voracious Aura																		
Orc Shaman	Medium	Humanoid (Orc)	5		City and Wild (★★)	u/AeronDrake	75	13	30	CE	16	12	16	12	18	12	WIS, CHA	Intimidation, Religion	None	Darkvision 60	Common, Orc	Aggressive, Normal Spellcasting																		
Cruorbeast, Gheist	Large	Undead	5		Dark Arts Player's Companion (☪)	u/Jonoman3000	85	13	30, fly 50	U	19	16	19	8	13	11	None	Perception, Intimidation, Stealth	Necroticres, nonmagicalres	Blindsight 60	None	Echolocation, Keen Hearing, Regeneration																		
Elemental, Shadow	Large	Elemental	5		Dark Arts Player's Companion (☪)	u/Jonoman3000	97	14	fly 60	NE	16	19	14	6	10	7	None	Stealth	Coldres, necroticres, nonmagicalres, exhaustionimmu, grappledimmu, paralyzedimmu, petrifiedimmu, poisonedimmu, proneimmu, restrainedimmu, unconsciousimmu	Darkvision 120	None	Blinding Light, Shade's Sight, Shadow Form, Shadow Stealth																		
Lost Soul	Medium	Undead	5.00		Dark Arts Player's Companion (☪)	u/Jonoman3000	66	12	fly 60	ANY	9	14	12	11	12	18	None	None	Coldimmu, necroticimmu, poisonimmu, acidres, fireres lightningres, thunderres, nonmagicalres, charmedimmu, exhaustionimmu, frightenedimmu, grappledimmu, paralyzedimmu, eptrifiedimmu, poisonedimmu, proneimmu, restrainedimmu	Darkvision 60	Alive	Ethereal Sight, Incorporeal Movement																		
B'Rohg, Renegade	Large	Giant	5		Dark Sun Stat Blocks (★)	u/Auquid	103	13	30	U	22	10	22	7	11	8	STR, CON	Athletics	None	Normal	Giant	Multi-Armed Defense																		
Id Fiend	Large	Beast	5	https://www.scribd.com/document/371530734/Monster-Manual-Dark-Sun-5th-Edition	Dark Sun Stat Blocks (★)	u/Auquid	75	14	30	U	12	12	14	14	16	11	STR, INT, WIS	Perception, Stealth, Intimidation	Psychicimmu	Darkvision 60	Own	Unsettling Aura																		
Adjudicator	Huge	Monstrosity	5		Demon's Souls Compendium (★)	u/TectonicImprov	84	14	20	LE	20	8	19	3	8	5	STR, CON	Athletics, Religion	Nonmagicalres	Normal	None	Healing Faith, The True Adjudicator																		
Armor Spider	Huge	Beast	5		Demon's Souls Compendium (★)	u/TectonicImprov	77	17	30, blim 30	U	18	10	14	3	11	4	STR, CON	Athletics, Perception	Fireres	Blindsight 10, darkvision 120	None	Spider Climb, Web Sense, Web Walker																		
Demon, Raviantu	Large	FIend (Demon)	5.00		Demons, Lot of Demons (★★★★)	u/dgscott	59	16	30	CE	18	14	16	8	12	10	STR, CON	Athletics	COldres, fireres, lightningres,nonmagicalres, poisonimmu, poisonedimmu	Darkvision 120	Abyssal, telepathy 120	Magic Resistance, Reckless																		
Handmaiden / Manotaur	Large	Aberration	5		Far Realm Beasts (★)	u/Adam-M	91	13	30	U	16	17	12	13	14	19	WIS, CHA	Arcana, Insight, Perception	Nonmagicalres, nonsilveredres	Normal	Telepathy 120	Innate Spellcasting, Defensive Stance, Magic Resistance, Magic Weapons																		
Githyanki Flameweaver	Medium	Humanoid	5		Fighting Chance (r/d100)	u/The-Unapproachable	84	14	30	LE	11	14	14	15	15	18	CON, INT, CHA	Arcana	Fireres, psychicres	Normal	Draconic, Own	Fire of the Mind, Innate Psionics, Normal Spellcasting, Sorcery Points																		
Banelar	Huge	Monstrosity	5		Forgotten Realms Stat Blocks (★★★)	u/Drewfro666	138	14	30, swim 30	LE	23	13	21	17	16	16	None	None	Acidimmu, poisonimmu, exhaustionimmu, poisonimmu	Darkvision 60	Common, Draconic, Orc	Petrification Resistance, Normal SPellcasting																		
Fey'ri Sorcerer	Medium	Fiend	5		Forgotten Realms Stat Blocks (★★★)	u/Drewfro666	44	16	30, fly 40	CE	8	16	9	17	14	19	None	Arcana, Deception, Perception, Stealth	None	Darkvision 60	Abyssal, Elvish, Common	Shapechanger, Demonic Abilities, Fey Ancestry, Normal SPellcasting																		
Lycanthrope, Wereshark	Medium	Humanoid	5		Forgotten Realms Stat Blocks (★★★)	u/Drewfro666	120	12	30, swim 40	NE	19	13	17	10	10	8	None	Perception	Nonmagicalimmu, nonsilveredimmu	Blindsight 30	Common	Shapechanger, Amphibious, Blood Frenzy																		
Nishruu	Large	Aberration	5		Forgotten Realms Stat Blocks (★★★)	u/Drewfro666	170	10	fly 20	CN	2	10	16	13	15	13	None	Arcana, Perception, Stealth	Coldres, nonmagicalimmu, charmedimmu, frightenedimmu	Darkvision 60	Own	Absorb Magic, Air FOrm, Charge Magic, Salt Vulnerability																		
Tall Mouther	Large	Aberration	5		Forgotten Realms Stat Blocks (★★★)	u/Drewfro666	105	14	40	N	20	19	15	8	10	7	None	Perception, Survival	None	Darkvision 60	Common, Halfling	Arrow Evasion																		
Unicorn, Black	Large	FIend	5		Forgotten Realms Stat Blocks (★★★)	u/Drewfro666	67	12	50	CE	18	14	15	14	17	19	None	None	Poisonimmu, charmedimmu, paralyzedimmu, poisonedimmu	Darkvision 120	Abyssal, Celestial, Elvish, Sylvan, telepathy 60	Charge, Innate SPellcasting, Magic Resistance, Magic Weapons																		
Death Snake	Huge	Monstrosity	5.00	https://dmdave.com/jacks-monsters-1/	https://dmdave.com/jacks-monsters-1/	u/hamrickbrands	127	14	40, swim 40	U	20	18	14	7	10	8																								
Kirby	Medium	Monstrosity	5.00	https://dmdave.com/stat-anything-kirby/	https://dmdave.com/stat-anything-kirby/	u/hamrickbrands	102	13	30, fly 30	CE	16	12	18	13	12	16																								
Blistered Soul	Medium	Aberration	5	https://drive.google.com/file/d/1YxCrJevrMZL4M4xqCkHSQ960D7PLr2R0/view	https://drive.google.com/file/d/1YxCrJevrMZL4M4xqCkHSQ960D7PLr2R0/view	u/badooga1	66	15	50	NE	21	16	18	5	15	9																								
Ogre, Tempest	Large	Giant	5	https://drive.google.com/file/d/1YxCrJevrMZL4M4xqCkHSQ960D7PLr2R0/view	https://drive.google.com/file/d/1YxCrJevrMZL4M4xqCkHSQ960D7PLr2R0/view	u/badooga1	76	16	40	CE	19	8	18	8	7	7																								
Thrall of Juiblex	Medium	Humanoid (Any Race)	5	https://drive.google.com/file/d/1YxCrJevrMZL4M4xqCkHSQ960D7PLr2R0/view	https://drive.google.com/file/d/1YxCrJevrMZL4M4xqCkHSQ960D7PLr2R0/view	u/badooga1	68	16	30	CE	16	12	18	9	11	14																								
Commander	Medium	Humanoid (Any Race)	5	https://i.redd.it/qqcjf24aml131.jpg	https://i.redd.it/qqcjf24aml131.jpg	u/Grimlore	105	17	30	LAWFUL	15	11	16	10	12	14																								
Manomind	Small	Aberration	5	https://imgur.com/3GzcyGr	https://imgur.com/3GzcyGr	u/SwordMeow	81	17	60, fly 30	LE	10	14	13	18	17	15																								
Gnoll, Pack	Gargantuan	Humanoid	5	https://imgur.com/a/wOshIvV	https://imgur.com/a/wOshIvV	u/aeyana	126	15	30	CE	20	12	11	6	10	7																								
Skeleton, Horde	Gargantuan	Undead	5	https://imgur.com/a/wOshIvV	https://imgur.com/a/wOshIvV	u/aeyana	175	13	20	LE	16	14	15	6	8	5																								
Squad of Infantrymen	Gargantuan	Humanoid	5	https://imgur.com/a/wOshIvV	https://imgur.com/a/wOshIvV	u/aeyana	138	16	30	ANY	19	12	12	10	11	10																								
Zombie, Horde	Gargantuan	Undead	5	https://imgur.com/a/wOshIvV	https://imgur.com/a/wOshIvV	u/aeyana	108	8	20	NE	18	6	16	3	6	5																								
Sekdraka	Medium	Monstrosity	5	https://preview.redd.it/b84325ud36u21.jpg?width=640&crop=smart&auto=webp&s=c54bcc2b85efa52050ed7b55fcf8194211a7f598	https://preview.redd.it/b84325ud36u21.jpg?width=640&crop=smart&auto=webp&s=c54bcc2b85efa52050ed7b55fcf8194211a7f598	u/Wolfing1785	97	16	40	CE	17	13	14	12	10	8																								
Owlbear Matron	Large	Monstrosity	5	https://www.reddit.com/r/monsteraday/comments/3oc713/day_56_owlbear_matron/	https://www.reddit.com/r/monsteraday/comments/3oc713/day_56_owlbear_matron/	StoneStrix																																		
NPC, Masked Killer	Medium	Humanoid (Any Race)	5	https://www.reddit.com/r/monsteraday/comments/3qkvws/day_73_masked_killer/	https://www.reddit.com/r/monsteraday/comments/3qkvws/day_73_masked_killer/	StoneStrix																																		
Anglerfish, Dire	Huge	Beast	5	https://www.reddit.com/r/monsteraday/comments/3t1u2d/day_92_dire_anglerfish/	https://www.reddit.com/r/monsteraday/comments/3t1u2d/day_92_dire_anglerfish/	StoneStrix																																		
Vodyanoy	Medium	Monstrosity	5	https://www.reddit.com/r/monsteraday/comments/3tgj7n/day_95_vodyanoy/	https://www.reddit.com/r/monsteraday/comments/3tgj7n/day_95_vodyanoy/	StoneStrix																																		
Phelddagrif	Huge	Celestial	5	https://www.reddit.com/r/monsteraday/comments/3tymld/day_99_phelddagrif/	https://www.reddit.com/r/monsteraday/comments/3tymld/day_99_phelddagrif/	StoneStrix																																		
Bramblesnap	Large	Plant	5	https://www.reddit.com/r/monsteraday/comments/5zeibw/day_12_bramblesnap/	https://www.reddit.com/r/monsteraday/comments/5zeibw/day_12_bramblesnap/	1d6Adventurers																																		
Toybox Dungeon, Animated Rattle	Huge	Construct	5.00	https://www.reddit.com/r/monsteraday/comments/60wzn6/day_18_animated_rattle/	https://www.reddit.com/r/monsteraday/comments/60wzn6/day_18_animated_rattle/	1d6Adventurers																																		
Occuloid	Large	Aberration	5	https://www.reddit.com/r/monsteraday/comments/621exe/day_22_occuloid/	https://www.reddit.com/r/monsteraday/comments/621exe/day_22_occuloid/	1d6Adventurers																																		
Wavehawk	Medium	Elemental	5	https://www.reddit.com/r/monsteraday/comments/628mos/day_23_wavehawk/	https://www.reddit.com/r/monsteraday/comments/628mos/day_23_wavehawk/	1d6Adventurers																																		
Orc Cystid of Yurtrus	Medium	Humanoid (Orc)	5	https://www.reddit.com/r/monsteraday/comments/66cmdx/day_38_orc_cystid_of_yurtrus/	https://www.reddit.com/r/monsteraday/comments/66cmdx/day_38_orc_cystid_of_yurtrus/	1d6Adventurers																																		
NPC, Barbarian, Ancestral Guardian	Medium	Humanoid (Any Race)	5	https://homebrewery.naturalcrit.com/share/Byoj_PgbZ	https://www.reddit.com/r/monsteraday/comments/6d46lb/day_63_1d6_barbarians/	1d6Adventurers																																		
Hellcat	Large	Fiend	5	https://homebrewery.naturalcrit.com/share/By0jU-hGb	https://www.reddit.com/r/monsteraday/comments/6h1y3p/day_77_hellcat/	1d6Adventurers																																		
NPC, Fighter, Arcane Archer	Small	Humanoid (Any Race)	5	https://homebrewery.naturalcrit.com/share/HkJY4rZX-	https://www.reddit.com/r/monsteraday/comments/6inwbn/day_83_1d6_fighters/	1d6Adventurers																																		
NPC, Fighter, Monster Hunter	Medium	Humanoid (Any Race)	5	https://www.reddit.com/r/monsteraday/comments/6inwbn/day_83_1d6_fighters/	https://www.reddit.com/r/monsteraday/comments/6inwbn/day_83_1d6_fighters/	1d6Adventurers																																		
NPC, Paladin, Oath of Treachery Paladin	Medium	Humanoid (Any Race)	5.00	https://www.reddit.com/r/monsteraday/comments/6lg1qs/day_93_1d6_paladins/	https://www.reddit.com/r/monsteraday/comments/6lg1qs/day_93_1d6_paladins/	1d6Adventurers																																		
NPC, Ranger, Monster Slayer	Medium	Humanoid (Any Race)	5	https://www.reddit.com/r/monsteraday/comments/6mw4ro/day_98_1d6_rangers/	https://www.reddit.com/r/monsteraday/comments/6mw4ro/day_98_1d6_rangers/	1d6Adventurers																																		
Giant Space Hamster, Armor-Plated	Large	Beast	5.00	https://www.reddit.com/r/monsteraday/comments/6nb2cs/day_100_bonanza/	https://www.reddit.com/r/monsteraday/comments/6nb2cs/day_100_bonanza/	1d6Adventurers																																		
Giant Space Hamster, Yellow Musk	Large	Beast	5.00	https://www.reddit.com/r/monsteraday/comments/6nb2cs/day_100_bonanza/	https://www.reddit.com/r/monsteraday/comments/6nb2cs/day_100_bonanza/	1d6Adventurers																																		
Metal-Head Revenant	Medium	Undead	5	https://www.reddit.com/r/monsteraday/comments/6nb2cs/day_100_bonanza/	https://www.reddit.com/r/monsteraday/comments/6nb2cs/day_100_bonanza/	1d6Adventurers																																		
NPC, Rogue, Inquisitive	Medium	Humanoid (Any Race)	5	https://www.reddit.com/r/monsteraday/comments/6oas7z/day_103_1d6_rogues/	https://www.reddit.com/r/monsteraday/comments/6oas7z/day_103_1d6_rogues/	1d6Adventurers																																		
Sharkbear	Large	Monstrosity	5	https://homebrewery.naturalcrit.com/share/Hym_-n9D8Z	https://www.reddit.com/r/monsteraday/comments/6q5uxz/day_110_shark_week_sharkbear/	1d6Adventurers																																		
Bullywug Mud King	Large	Humanoid (Bullywug)	5	https://www.reddit.com/r/monsteraday/comments/6ujyla/day_125_bullywug_mud_king/	https://www.reddit.com/r/monsteraday/comments/6ujyla/day_125_bullywug_mud_king/	1d6Adventurers																																		
Bullywug Veteran	Medium	Humanoid (Bullywug)	5	https://www.reddit.com/r/monsteraday/comments/6xgs61/day_135_bullywug_veteran/	https://www.reddit.com/r/monsteraday/comments/6xgs61/day_135_bullywug_veteran/	1d6Adventurers																																		
Bullywug Queen	Medium	Humanoid (Bullywug)	5.00	https://www.reddit.com/r/monsteraday/comments/704bth/day_144_bullywug_queen/	https://www.reddit.com/r/monsteraday/comments/704bth/day_144_bullywug_queen/	1d6Adventurers																																		
Avolakia	Medium	Aberration	5	https://www.reddit.com/r/monsteraday/comments/766vv8/day_165_avolakia/	https://www.reddit.com/r/monsteraday/comments/766vv8/day_165_avolakia/	1d6Adventurers																																		
Runehound	Medium	Aberration	5.00	https://www.reddit.com/r/monsteraday/comments/770mb6/day_167_runehound/	https://www.reddit.com/r/monsteraday/comments/770mb6/day_167_runehound/	1d6Adventurers																																		
Fog Dog	Medium	Monstrosity	5.00	https://www.reddit.com/r/monsteraday/comments/77gmh6/day_169_fog_dog/	https://www.reddit.com/r/monsteraday/comments/77gmh6/day_169_fog_dog/	1d6Adventurers																																		
Demon, Bile	Large	Fiend (Demon)	5.00	https://www.reddit.com/r/monsteraday/comments/77o6o7/day_170_bile_demon/	https://www.reddit.com/r/monsteraday/comments/77o6o7/day_170_bile_demon/	1d6Adventurers																																		
NPC, Cult Dark Mistress	Medium	Humanoid (Any Race)	5	https://www.reddit.com/r/monsteraday/comments/78psfe/day_173_dark_mistress/	https://www.reddit.com/r/monsteraday/comments/78psfe/day_173_dark_mistress/	1d6Adventurers																																		
Quickling Bounder	Tiny	Fey	5	https://www.reddit.com/r/monsteraday/comments/7cpl90/day_186_quickling_bounder/	https://www.reddit.com/r/monsteraday/comments/7cpl90/day_186_quickling_bounder/	1d6Adventurers																																		
Walking Hive	Huge	Elemental	5	https://www.reddit.com/r/monsteraday/comments/7k25u8/day_210_walking_hive/	https://www.reddit.com/r/monsteraday/comments/7k25u8/day_210_walking_hive/	1d6Adventurers																																		
Santacap	Small	Fey	5.00	https://www.reddit.com/r/monsteraday/comments/7m38ba/day_216_santacap/	https://www.reddit.com/r/monsteraday/comments/7m38ba/day_216_santacap/	1d6Adventurers																																		
Griffon, Peregriffon	Large	Monstrosity	5	https://www.reddit.com/r/monsteraday/comments/7odenn/day_225_alternative_griffons/	https://www.reddit.com/r/monsteraday/comments/7odenn/day_225_alternative_griffons/	1d6Adventurers																																		
NPC, Fire Fathomer	Medium	Humanoid (Any Race)	5	https://www.reddit.com/r/monsteraday/comments/7t74zg/day_240_fire_fathomer/	https://www.reddit.com/r/monsteraday/comments/7t74zg/day_240_fire_fathomer/	1d6Adventurers																																		
Ursigel	Large	Monstrosity	5	https://www.reddit.com/r/monsteraday/comments/846x31/day_272_ursigel/	https://www.reddit.com/r/monsteraday/comments/846x31/day_272_ursigel/	1d6Adventurers																																		
Goblin Flesh-Herder	Small	Humanoid (Goblinoid)	5	https://www.reddit.com/r/monsteraday/comments/85vu17/day_277_goblin_fleshherder/	https://www.reddit.com/r/monsteraday/comments/85vu17/day_277_goblin_fleshherder/	1d6Adventurers																																		
Voodoo Doll	Small	Construct	5.00	https://www.reddit.com/r/monsteraday/comments/8ac8z6/day_290_voodoo_doll/	https://www.reddit.com/r/monsteraday/comments/8ac8z6/day_290_voodoo_doll/	1d6Adventurers																																		
Hobgoblin Phalanx Captain	Medium	Humanoid (Goblinoid)	5.00	https://www.reddit.com/r/monsteraday/comments/8dq13t/day_300_hobgoblin_phalanx_captain/	https://www.reddit.com/r/monsteraday/comments/8dq13t/day_300_hobgoblin_phalanx_captain/	1d6Adventurers																																		
Jeleton, Green	Medium	Ooze	5	https://www.reddit.com/r/monsteraday/comments/8jeruw/day_316_jeletons/	https://www.reddit.com/r/monsteraday/comments/8jeruw/day_316_jeletons/	1d6Adventurers																																		
Jeleton, Pink	Medium	Ooze	5	https://www.reddit.com/r/monsteraday/comments/8jeruw/day_316_jeletons/	https://www.reddit.com/r/monsteraday/comments/8jeruw/day_316_jeletons/	1d6Adventurers																																		
Tortaur	Medium	Monstrosity	5	https://www.reddit.com/r/monsteraday/comments/8jpe4k/day_317_tortaur/	https://www.reddit.com/r/monsteraday/comments/8jpe4k/day_317_tortaur/	1d6Adventurers																																		
NPC, Sellsword	Medium	Humanoid (Any Race)	5	https://www.reddit.com/r/monsteraday/comments/8lv5yp/day_324_sellsword/	https://www.reddit.com/r/monsteraday/comments/8lv5yp/day_324_sellsword/	1d6Adventurers																																		
Kenku Nightfeather	Medium	Humanoid (Kenku)	5	https://www.reddit.com/r/monsteraday/comments/8osps0/day_332_kenku_nightfeather/	https://www.reddit.com/r/monsteraday/comments/8osps0/day_332_kenku_nightfeather/	1d6Adventurers																																		
Boiling Ooze	Large	Ooze	5		Ixor's Manual of Monstrous Findings (★★)	u/thorn1993	136	9	10, burrow 30	U	18	9	16	3	8	2	None	Perception, Stealth	Bludgeoningres, coldres, fireres, forcres, blindedimmu, charmedimmu, deafenedimmu, exhausitonimmu, frightenedimmu, proneimmu	Tremorsense 60	None	Dune Shifter																		
Coastal Sludge	Medium	Ooze	5		Ixor's Manual of Monstrous Findings (★★)	u/thorn1993	104	9	5, burrow 30, swim 10	U	16	8	14	3	10	2	None	Athletics, Perception, Stealth	Fireres, coldres, forceres, poisonres, necroticres, bludgeoningres, slashingres, blindedimmu, charmedimmu, deafenedimmu, exhausitonimmu, frightenedimmu, poisonedimmu, proneimmu	Tremorsense 60	None	Amorphous, Sand Glider, Transmutation Susceptibility																		
Ekoxan the Dauntless	Small	Character (Kobold)	5		Ixor's Manual of Monstrous Findings (★★)	u/thorn1993	55	20	30	LE	16	18	14	15	16	12	STR, DEX, WIS	Animal Handling, Intimidation, Perception, Survival	None	Darkvision 60	Common, Draconic	Brave, Pack Tactics, Sunlight Sensitivity																		
Mimic, Fountain	Large	Monstrosity	5		Ixor's Manual of Monstrous Findings (★★)	u/thorn1993	102	12	15	N	20	12	16	6	13	9	None	Stealth	Acidimmu, proneimmu	Darkvision 60	None	Shapechanger, Adhesive, False Appearance, Grappler																		
Skeleton Flailer	Medium	Undead	5		Ixor's Manual of Monstrous Findings (★★)	u/thorn1993	143	16	30	LE	19	14	15	6	8	5	None	None	Bludgeoningweak, poisonimmu, exhaustionimmu, poisonedimmu	Darkvision 60	Alive	Brute																		
Spark Sludge	Large	Ooze	5		Ixor's Manual of Monstrous Findings (★★)	u/thorn1993	110	11	10, climb 10	U	16	6	16	1	6	4	None	None	Nonmagicalres, lightningimmu, blindedimmu, charmedimmu, deafenedimmu, exhausitonimmu, frightenedimmu, proneimmu	Blindsight 60	None	Amorphous, Division, Repulsion, Spider Climb																		
Swamp Sludge	Medium	Ooze	5.00		Ixor's Manual of Monstrous Findings (★★)	u/thorn1993	104	9	5, burrow 30	U	16	8	14	3	10	2	None	Athletics, Perception, Stealth	Fireweak, coldres, forceres, poisonres, necroticres, bludgeoningres, slashingres, blindedimmu, charmedimmu, deafenedimmu, exhausitonimmu, frightenedimmu, poisonedimmu, proneimmu	Tremorsense 60	None	Amorphous, Mud Glider, Transmutation Susceptibility																		
The Frozen, Marksman	Medium	Undead	5		Ixor's Manual of Monstrous Findings (★★)	u/thorn1993	105	16	30, fly 30	CE	10	18	16	5	8	5	None	None	Bludgeoningweak, poisonimmu, coldimmu, exhaustionimmu, poisonedimmu	Darkvision 60	Alive	Shard Flurry																		
NPC, Heavy Response Unit (HRU)	Medium	Humanoid (Any Race)	5	https://www.gmbinder.com/share/-M8CqWP2BL4GITsgyDM2#:~:text=Heavy%20Response%20Unit%20%28HRU	Modern Handbook (★★)	u/AeronDrake	112	18	30	ANY	15	18	16	11	12	15	STR, DEX, CON	Athletics, Intimidation	Piercingres, slashingres	Normal	Any	None																		
Amphibian, Zamtrios	Huge	Beast	5		Monster Hunter's Manual (★★★★)	u/Amellwind	136	15	40, burrow 40	U	17	12	18	6	10	5	None	Stealth	Coldimmu	Darkvision 60, tremorsense 60	None	Expand																		
Fanged Beast, Volvidon	Large	Beast	5		Monster Hunter's Manual (★★★★)	u/Amellwind	112	16	30	U	14	16	14	5	10	3	None	None	None	Normal	None	Pull In																		
Leviathan, Ludroth, Royal	Large	Dragon	5		Monster Hunter's Manual (★★★★)	u/Amellwind	135	15	30, swim 40	U	18	14	15	8	13	7	None	None	None	Normal	None	None																		
Bulette	Large	Monstrosity	5	https://www.dndbeyond.com/monsters/16818-bulette	Monster Manual	Wizards of the Coast	94	17	40, 40 burrow	U	19	11	21	2	10	5	None	Perception	None	Darkvision 60, tremorsense 60	None	Standing Leap																		
Cambion	Medium	Fiend	5		Monster Manual	Wizards of the Coast	82	19	30, fly 60	ANY EVIL	18	18	16	14	12	16	STR, CON, INT, CHA	Deception, Intimidation, Perception, Stealth	Coldres, fireres, lightningres, poisonres, nonmagicalres	Darkvision 60	Abyssal, Common, Infernal	Fiendish Blessing, Innate Spellcasting																		
Demon, Barlgura	Large	Fiend (Demon)	5		Monster Manual	Wizards of the Coast	68	15	30, 30 climb	CE	18	15	16	7	14	9	DEX, CON	Perception, Stealth	Coldres, fireres, lightningres, poisonimmu, poisonedimmu	Blindsight 30, Darkvision 120	Abyssal, telepathy 120	Innate Spellcasting, Reckless, Running Leap																		
Devil, Barbed	Medium	Fiend (Devil)	5		Monster Manual	Wizards of the Coast	110	15	30	LE	16	17	18	12	14	14	STR, CON, WIS, CHA	Deception, Insight, Perception	Coldres, nonmagicalres, nonsilveredres, fireimmu, poisonimmu, poisonedimmu	Darkvision 120	Infernal, telepathy 120	Barbed Hide, Devil's Sight, Magic Resistance																		
Dinosaur, Triceratops	Huge	Beast	5		Monster Manual	Wizards of the Coast	95	13	50	U	22	9	17	2	11	5	None	None	None	Normal	None	Trampling Charge																		
Drow Elite Warrior	Medium	Humanoid	5.00		Monster Manual	Wizards of the Coast	71	18	30	NE	13	18	14	11	13	12	DEX, CON, WIS	Perception, Stealth	None	Darkvision 120	Elvish, Undercommon	Fey Ancestry, Innate Spellcasting, Sunlight Sensitivity																		
Elemental, Air	Large	Elemental	5		Monster Manual	Wizards of the Coast	90	15	fly 90	N	14	20	14	6	10	6	None	None	Lightningres, thunderres, nonmagicalres, poisonimmu, exhaustionimmu, grappledimmu, paralyzedimmu, petrifiedimmu, poisonedimmu, proneimmu, restrainedimmu, unconsciousimmu	Darkvision 60	Auran	Air Form																		
Elemental, Earth	Large	Elemental	5		Monster Manual	Wizards of the Coast	126	17	30, burrow 30	N	20	8	20	5	10	5	None	None	Thunderweak, nonmagicalres, poisonimmu, exhaustionimmu, paralyzedimmu, petrifiedimmu, poisonedimmu, unconsciousimmu	Darkvision 60, tremorsense 60	Terran	Earth Glide, Siege Monster																		
Elemental, Fire	large	Elemental	5		Monster Manual	Wizards of the Coast	102	13	50	N	10	17	16	6	10	7	None	None	Nonmagicalres, fireimmu, poisonimmu, exhaustionimmu, grappledimmu, paralyzedimmu, petrifiedimmu, poisonedimmu, proneimmu, restrainedimmu, unconsciousimmu	Darkvision 60	Ignan	Fire Form, Illumination, Water Susceptibility																		
Elemental, Water	Large	Elemental	5		Monster Manual	Wizards of the Coast	114	14	30, swim 90	N	18	14	18	5	10	8	None	None	Acidres, nonmagicalres, poisonimmu, exhaustionimmu, grappledimmu, paralyzedimmu, petrifiedimmu, poisonedimmu, proneimmu, restrainedimmu, unconsciousimmu	Darkvision 60	Aquan	Water Form, Freeze																		
Giant, Hill	Huge	Giant	5		Monster Manual	Wizards of the Coast	105	13	40	CE	21	8	19	5	9	6	None	Perception	None	Normal	Giant	None																		
Golem, Flesh	Medium	Construct	5		Monster Manual	Wizards of the Coast	93	9	30	N	19	9	18	6	10	5	None	None	Lightningimmu, poisonimmu, nonadamantineimmu, charmedimmu, exhaustionimmu, frightenedimmu, paralyzedimmu, petrifiedimmu, poisonedimmu	Darkvision 60	Creator	Berserk, Aversion of Fire, Immutable Form, Lightning Absorption, Magic Resistance, Magic Weapons																		
Gorgon	Large	Construct	5		Monster Manual	Wizards of the Coast	114	19	40	U	20	11	18	2	12	7	None	Perception	Petrifiedimmu	Darkvision 60	None	Trampling Charge																		
Hag, Night	Medium	Fiend	5		Monster Manual	Wizards of the Coast	112	17	30	NE	18	15	16	16	14	16	None	Deception, Insight, Perception, Stealth	Coldres, fireres, nonmagicalres, nonsilveredres, charmedimmu	Darkvision 120	Abyssal, Common, Infernal, Primordial	Innate Spellcasting, Magic Resistance																		
Lycanthrope, Werebear	Medium	Humanoid	5		Monster Manual	Wizards of the Coast	135	11	40, climb 30	NG	19	10	17	11	12	12	None	Perception	Nonmagicalimmu, nonsilveredimmu	Normal	Common	Shapechanger, Keen Smell																		
Misc. Creature, Giant Crocodile	Huge	Beast	5		Monster Manual	Wizards of the Coast	85	14	30, swim 50	U	21	9	17	2	10	7	None	Stealth	None	Normal	None	Hold Breath																		
Misc. Creature, Giant Shark	Huge	Beast	5		Monster Manual	Wizards of the Coast	126	13	swim 50	U	23	11	21	1	10	5	None	Perception	None	Blindsight 60	None	Blood Frenzy, Water Breathing																		
NPC, Gladiator	Medium	Humanoid	5		Monster Manual	Wizards of the Coast	112	16	30	ANY	18	15	16	10	12	15	STR, DEX, CON, INT, WIS	Athletics, Intimidation	None	Normal	Any	Brave, Brute																		
Otyugh	Large	Aberration	5.00		Monster Manual	Wizards of the Coast	114	14	30	N	16	11	19	6	13	6	CON	None	None	Darkvision 120	Own	Limited Telepathy																		
Remorhaz, Young	Large	Monstrosity	5		Monster Manual	Wizards of the Coast	93	14	30, burrow 20	U	18	13	17	3	10	4	None	None	Coldimmu, fireimmu	Darkvision 60, tremorsense 60	None	Heated Body																		
Revenant	Medium	Undead	5		Monster Manual	Wizards of the Coast	136	13	30	N	18	14	18	13	16	18	STR, CON, WIS, CHA	None	Necroticres, psychicres, poisonimmu, charmedimmu, exhaustionimmu, frightenedimmu, paralyzedimmu, poisonedimmu, stunnedimmu	Darkvision 60	Any	Regeneration, Rejuvenation, Turn Immunity, Vengeful Tracker																		
Roper	Large	Monstrosity	5		Monster Manual	Wizards of the Coast	93	20	10, climb 10	NE	18	8	17	7	16	6	None	Perception, Stealth	None	Darkvision 60	None	False Appearance, Grasping Tendrils, Spider Climb																		
Sahuagin Baron	Large	Humanoid	5		Monster Manual	Wizards of the Coast	76	16	30, swim 50	LE	19	15	16	14	13	17	DEX, CON, INT, WIS	Perception	None	Darkvision 120	Own	Blood Frenzy, Limited Amphibious, Shark Telepathy																		
Salamander	Large	Elemental	5		Monster Manual	Wizards of the Coast	90	15	30	NE	18	14	15	11	10	12	None	None	Coldweak, nonmagicalres, fireimmu	Darkvision 60	Ignan	Heated Body																		
Shambling Mound	Large	Plant	5		Monster Manual	Wizards of the Coast	136	15	20, swim 20	U	18	8	16	5	10	5	None	Stealth	Coldres, fireres, lightningimmu, blindedimmu, deafenedimmu, exhaustionimmu	Blindsight 60	None	Lightning Absorption																		
Slaad, Red	Large	Aberration	5		Monster Manual	Wizards of the Coast	93	14	30	CN	16	12	16	6	6	7	None	Perception	Acidres, coldres, fireres, lightningres, thunderres	Darkvision 60	Own, telepathy 60	Magic Resistance, Regeneration																		
Troll	Large	Giant	5	https://www.dndbeyond.com/monsters/17040-troll	Monster Manual	Wizards of the Coast	84	15	30	CE	18	13	20	7	9	7	None	Perception	None	Darkvision 60	Giant	Keen Smell, Regeneration																		
Umber Hulk	Large	Monstrosity	5		Monster Manual	Wizards of the Coast	93	18	30, burrow 20	CE	20	13	16	9	10	10	None	None	None	Darkvision 120	Own	Confusing Gaze, Tunneler																		
Unicorn	Large	Celestial	5		Monster Manual	Wizards of the Coast	67	12	50	LG	18	14	15	11	17	16	None	None	Poisonimmu, charmedimmu, paralyzedimmu, poisonedimmu	Darkvision 60	Celestial, Elvish, Sylvan, telepathy 60	Legendary, Lair, Charge, Innate Spellcasting, Magic Resistance, Magic Weapons																		
Vampire Spawn	Medium	Undead	5		Monster Manual	Wizards of the Coast	82	15	30	NE	16	16	16	11	10	12	DEX, WIS	Perception, Stealth	Necroticres, nonmagicalres	Darkvision 60	Any	Regeneration, Spider Climb, Vampire Weaknesses, Forbiddance, Harmed by Running Water, Stake to the Heart,  Sunlight Hypersensitivity																		
Wraith	Medium	Undead	5		Monster Manual	Wizards of the Coast	67	13	fly 60	NE	6	16	16	12	14	15	None	None	Acidres, coldres, fireres, lightningres, thunderres, nonmagicalres, nonsilveredres, necroticimmu, poisonimmu, charmedimmu, exhaustionimmu, grappledimmu, paralyzedimmu, petrifiedimmu, poisonedimmu, proneimmu, restrainedimmu	Darkvision 60	Any	Incorporeal Movement, Sunlight Sensitivity																		
Xorn	Medium	Elemental	5	https://roll20.net/compendium/dnd5e/Xorn#content	Monster Manual	Wizards of the Coast	73	19	20, burrow 20	N	17	10	22	11	10	11	None	Perception, Stealth	Nonadamantineres	Darkvision 60, tremorsense 60	Terran	Earth Glide, Stone Camouflage, Treasure Sense																		
Yugoloth, Mezzo	Medium	Fiend	5		Monster Manual	Wizards of the Coast	75	18	40	NE	18	11	16	7	10	11	None	Perception	Coldres, fireres, lightningres, nonmagicalres, acidimmu, poisonimmu, poisonedimmu	Blindsight 60, darkvision 60	Abyssal, Infernal, telepathy 60	Innate Spellcasting, Magic Resistance, Magic Weapons																		
Zombie, Beholder	Large	Undead	5.00		Monster Manual	Wizards of the Coast	93	15	fly 20	NE	10	8	16	3	8	5	WIS	None	Poisonimmu, poisonedimmu	Darkvision 60	Deep Speech, Undercommon	Undead Fortitude																		
Aboleth, Young	Large	Aberration	5		Monster Module (★★★★)	u/Jonoman3000	91	16	10, swim 30	LE	18	8	13	18	15	17	CON, INT, WIS	History, Perception	None	Darkvision 120	Deep Speech, telepathy 120	Amphibious, Mucous Cloud, Probing Telepath																		
Ankheg, Jungle	Large	Monstrosity	5		Monster Module (★★★★)	u/Jonoman3000	105	15	30, burrow 15	U	19	12	15	2	14	7	None	None	Acidimmu	Darkvision 60, tremorsense 60	None	Acidic Blood																		
Beholder, Eye of the Deep	Medium	Aberration	5		Monster Module (★★★★)	u/Jonoman3000	52	15	fly 20, swim 30	NE	12	15	14	12	15	10	INT, WIS, CHA	Perception	Proneimmu	Darkvision 120	Deep SPeech, Undercommon, telepathy 120	Amphibious, Cone of Light																		
Centaur Spiritcaller	Large	Monstrosity	5		Monster Module A-C	u/Jonoman3000	94	16	50	NG	17	14	20	11	19	12																								
Allip	Medium	Undead	5		Mordenkainen's Tome of Foes	Wizards of the Coast	40	13	fly 40	NE	6	17	10	17	15	16	INT, WIS	Perception, Stealth	Acidres, fireres, lightningres, thunderres, nonmagicalres, coldimmu, necroticimmu, poisonimmu, charmedimmu, exhaustionimmu, frightenedimmu, grappledimmu, paralyzedimmu, petrifiedimmu, poisonedimmu, proneimmu, restrainedimmu	Darkvision 60	Any	Incorporeal Movement																		
Clockwork, Oaken Bolter	Medium	Construct	5		Mordenkainen's Tome of Foes	Wizards of the Coast	58	16	30	U	12	18	15	3	10	1	None	None	Poisonimmu, nonmagicalimmu, nonadamantineimmu, charmedimmu, exhaustionimmu, frightenedimmu, paralyzedimmu, petrifiedimmu, poisonedimmu	Darkvision 60	Creator	Magic Resistance																		
Kruthik Hive Lord	Large	Monstrosity	5		Mordenkainen's Tome of Foes	Wizards of the Coast	102	20	40, burrow 20, climb 40	U	19	16	17	10	14	10	None	None	None	Darkvision 60, tremorsense 60	Own	Keen Smell, Pack Tactics, Tunneler																		
Oblex, Adult	Medium	Ooze	5		Mordenkainen's Tome of Foes	Wizards of the Coast	75	14	20	LE	8	19	16	19	12	15	INT, CHA	Deception, Perception, Arcana, History, Nature, Religion	Blindedimmu, charmedimmu, deafenedimmu, exhaustionimmu, proneimmu	Blindsight 60	Common, Any	Amorphous, Aversion to Fire, Innate Spellcasting, Sulfurous Impersonation																		
Star Spawn Mangler	Medium	Aberration	5		Mordenkainen's Tome of Foes	Wizards of the Coast	71	14	40, climb 40	CE	8	18	12	11	12	7	DEX, CON	Stealth	Coldres, psychicimmu, charmedimmu, frightenedimmu, proneimmu	Darkvision 60	Deep Speech	Ambusher, Shadow Stealth																		
Lizalfos Elite Hunter	Medium	Humanoid (Lizalfos)	5		Plane Shift - Hyrule (★)	u/LeakyLicanthrope	38	15	40	CN	14	19	14	10	14	13	DEX	Acrobatics, Perception, Stealth	None	Darkvision 120	Draconic	Hold Breath, Pack Tactics																		
Eternal Flame, Razerblast	Medium	Humanoid (Human)	5		Princes of the Apocalypse	Wizards of the Coast	112	17	30	CE	16	11	16	9	10	13	None	Intimidation, Perception	Fireimmu	Normal	Common, Ignan	Searing Armor, Shrapnel Explosion																		
Dragonfang	Medium	Humanoid (Human)	5		Rise of Tiamat	Wizards of the Coast	78	15	30	NE	11	16	14	12	12	14	WIS	Deception, Stealth	Acidres, coldres, fireres, lightningres, poisonres	Normal	Common, Draconic, Infernal	Dragon Fanatic, Fanatic Advantage, Limited Flight, Pack Tactics																		
Satiana	Medium	Monstrosity	5		Single (★)	u/gaylordqueen69	110	13	10, swim 60	NE	12	13	12	8	8	19	DEX, WIS	None	None	Normal	Aquan, Common	Amphibious, Nimble Escape, Slippery																		
Heartstalker	Medium	Fey	5		Single (★★★)	u/bruskadoosh	89	16	30	N	10	14	11	14	16	18	None	Perception, Intimidation, Stealth, Investigation, Insight	Charmedimmu, sleepimmu	Darkvision 60	Common, Elvish, Sylvan	Innate Spellcasting, Magical Resistance, Keen Investigator, Speak with BEasts																		
Chaos Beast	Medium	Aberration	5		Skip's Guide to Monsters (★★)	u/Drewfro666	90	15	20	CN	17	14	16	10	10	10	None	None	Poisonimmu	Darkvision 60	None	Unstable Form																		
Destrachan	Large	Aberration	5		Skip's Guide to Monsters (★★)	u/Drewfro666	85	15	30	NE	18	12	16	12	15	8	None	Perception, Staelth	Thunderres	Blindsight 120	Common	Echolocation, Keen Hearing																		
Devil, Hellcat	Large	FIend (Devil)	5		Skip's Guide to Monsters (★★)	u/Drewfro666	85	14	40	LE	18	18	17	9	14	9	None	Perception, Stealth	Fireres, nonmagicalres, nonsilveredres	Darkvision 120	Infernal, telepathy 120	Almost Invisible, Keen Smell, Magic Resistance, Pounce																		
Dragonne	Large	Dragon	5		Skip's Guide to Monsters (★★)	u/Drewfro666	136	15	40, fly 40	U	19	15	17	6	12	12	None	None	None	Darkvision 60	None	Keen Smell, Pounce																		
Eladrin, Bralani	Medium	Celestial	5.00		Skip's Guide to Monsters (★★)	u/Drewfro666	76	15	40, fly 80	CG	18	18	18	13	14	14	DEX, WIS, CHA	Insight, Perception, Stealth	Coldres, fireres, radiantres, nonmagicalres, lightningimmu, petrificationimmu	Darkvision 60	All	SHapechanger, Innate Spellcasting, Magic Resistance																		
Formian Taskmaster	Medium	Monstrosity	5		Skip's Guide to Monsters (★★)	u/Drewfro666	65	15	40	LN	18	16	14	10	16	18	None	None	Fireres, lightningres, thunderres, coldimmu, poisonimmu, petrifiedimmu, poisonedimu	Normal	Common, Formian, Own, telepathy 120	Hive Mind																		
Harpy Archer	Medium	Monstrosity	5		Skip's Guide to Monsters (★★)	u/Drewfro666	91	15	20, fly 40	CE	12	17	14	7	10	13	None	None	None	Normal	Common	Archer's Eye																		
Lammasu	Large	Celestial	5		Skip's Guide to Monsters (★★)	u/Drewfro666	76	14	30, fly 60	LG	21	12	17	16	17	14	None	Arcana, Insight, Perception	None	Darkvision 60	Celestial, Common, Draconic	Innate Spellcasting, Normal Spellcasting																		
Misc. Creature, Lion, Dire	Large	Beast	5	https://www.5esrd.com/database/creature/lion-dire-2/	Skip's Guide to Monsters (★★)	u/Drewfro666	105	14	50	U	20	13	15	4	12	8	None	Perception, Stealth	None	Normal	None	Keen Smell, Pack Tactics, Pounce, Running Leap																		
Misc. Creature, Orca	Huge	Beast	5		Skip's Guide to Monsters (★★)	u/Drewfro666	105	14	swim 50	U	20	13	19	5	13	6	None	Perception	None	Blindsight 120	None	Hold Breath																		
Misc. Creature, Scorpion, Monstrous, Huge	Huge	Beast	5		Skip's Guide to Monsters (★★)	u/Drewfro666	85	16	40	U	19	11	17	1	9	3	None	None	None	Blindsight 60	None	None																		
Mohrg	Medium	Undead	5.00		Skip's Guide to Monsters (★★)	u/Drewfro666	127	16	30	CE	21	19	19	10	10	10	STR, CON, WIS	Perception, Stealth	None	Darkvision 60	Alive	None																		
Naga, Dark	Large	Monstrosity	5		Skip's Guide to Monsters (★★)	u/Drewfro666	58	14	40	LE	17	16	13	16	13	16	DEX, CON, INT, WIS	None	Poisonimmu, charmedimmu, poisonedimmu	Darkvision 60	Common, Infernal	Innate Spellcasting, Inscrutable, Rejuvenation, Normal Spellcasting																		
Ogre, Barbarian	Large	Giant	5.00		Skip's Guide to Monsters (★★)	u/Drewfro666	104	14	50	CE	21	10	18	7	7	7	STR, CON, WIS	None	None	Darkvision 60	Giant	Unarmored Defense, Rage																		
Phasm	Medium	Aberration	5		Skip's Guide to Monsters (★★)	u/Drewfro666	84	12	20	CN	12	15	15	16	15	14	None	Deception, Perception, Persuasion	Proneimmu	Tremorsense 60	Common, telepathy 120	Amorphous																		
Xill	Medium	Monstrosity	5		Skip's Guide to Monsters (★★)	u/Drewfro666	60	15	40	LE	16	16	16	12	12	12	None	Perception, Stealth	None	Darkvision 60	Infernal	Ethereal Jaunt, Magic Resistance																		
Yrthak	Huge	Monstrosity	5		Skip's Guide to Monsters (★★)	u/Drewfro666	136	16	20, fly 60	N	19	14	17	7	13	11	None	Perception	Thunderweak	Blindsight 120	None	Echolocation, Keen Hearing																		
Hulking Crab	Huge	Beast	5		Storm King's Thunder	Wizards of the Coast	76	17	20, swim 30	U	19	8	16	3	11	3	None	Stealth	None	Blindsight 30	None	Amphibious, Shell Camouflage																		
Sea Lion	Large	Monstrosity	5		Tales from the Yawning Portal	Wizards of the Coast	90	15	10, swim 40	U	17	15	15	3	12	8	None	Perception, Stealth	None	Normal	None	Amphibious, Keen Smell, Pack Tactics, Swimming Leap																		
Zombie, Greater	Medium	Undead	5		Tales from the Yawning Portal	Wizards of the Coast	97	15	30	NE	18	10	17	4	6	6	WIS	None	Coldres, necroticres, poisonimmu, charmedimmu, exhaustionimmu, frightenedimmu, paralyzedimmu, poisonedimmu	Darkvision 60	Any	Turn Resistance, Undead Fortitude																		
Misc. Creature, Toad, Glacier	Large	Monstrosity	5		Through the Ice and Snow (★)	u/LordMediocre	94	15	30, swim 15	U	22	13	20	5	12	6	DEX, CON	Acrobatics, Perception, Stealth	Coldimmu	Normal	None	Bitter Cold, Keen Smell																		
phase 1 yellow foot clan ninja	Medium	Humanoid	5	https://docs.google.com/document/d/1yOfg4PKpu4RJNDXECuvuNZzwuMiic8-mhLkkQcajzAc/edit?tab=t.0	Virasco 2000	Shwifty_meme_lord	40	14	30	neutral evil	16	18	18	12	12	12	STR, DEX, WIS	Acrobatics, Stealth	Bludgeoningres, Slashingres, Forceres	Normal	Common, Thieves Cant	None	44	5	FALSE	0	FALSE	3	0	0	14	FALSE	0	0	1	4	0	44	0	
Banderhobb	Large	Monstrosity	5		Volo's Guide to Monsters	Wizards of the Coast	84	15	30	NE	20	12	20	11	14	8	None	Athletics, Stealth	Charmedimmu, frightenedimmu, poisonedimmu	Darkvision 120	Common, Any	Resonant Connection, Shadow Stealth																		
Catoblepas	Large	Monstrosity	5		Volo's Guide to Monsters	Wizards of the Coast	84	14	30	U	19	12	21	3	4	8	None	None	None	Darkvision 60	None	Keen Smell, Stench																		
Cranium Rat, Swarm	Medium	Beast	5		Volo's Guide to Monsters	Wizards of the Coast	36	12	30	LE	9	14	10	15	11	14	None	None	Bludgeoningres, piercingres, slashingres, charmedimmu, frightenedimmu, grappledimmu, paralyzedimmu, petrifiedimmu, proneimmu, restrainedimmu, stunnedimmu	Darkvision 30, tremorsense 60	Telepathy 30	Illumination, Innate Spellcasting, Swarm, Telepathic Shroud																		
Dinosaur, Brontosaurus	Gargantuan	Beast	5		Volo's Guide to Monsters	Wizards of the Coast	121	15	30	U	21	9	17	2	10	7	CON	None	None	Normal	None	None																		
Mindwitness	Large	Aberration	5.00		Volo's Guide to Monsters	Wizards of the Coast	75	15	fly 20	LE	10	14	14	15	15	10	INT, WIS	Perception	Proneimmu	Darkvision 120	Deep Speech, Undercommon, telepathy 600	Telepathic Hub																		
NPC, Enchanter	Medium	Humanoid (Any Race)	5		Volo's Guide to Monsters	Wizards of the Coast	40	12	30	ANY	9	14	11	17	12	11	INT, WIS	Arcana, History	None	Normal	Any	Normal SPellcasting																		
NPC, Kraken Priest	Medium	Humanoid (Any Race)	5		Volo's Guide to Monsters	Wizards of the Coast	75	10	30, swim 30	ANY	12	10	16	10	15	14	None	Perception	None	Normal	Any	Amphibious, Innate Spellcasting																		
NPC, Master Thief	Medium	Humanoid (Any Race)	5		Volo's Guide to Monsters	Wizards of the Coast	84	16	30	ANY	11	18	14	11	11	12	DEX, INT	Acrobatics, Athletics, Perception, Sleight of Hand, Stealth	None	Normal	Any, Thieves' Cant	Cunning ACtion, Evasion, Sneak Attack																		
NPC, Transmuter	Medium	Humanoid (Any Race)	5.00		Volo's Guide to Monsters	Wizards of the Coast	40	12	30	ANY	9	14	11	17	12	11	INT, WIS	Arcana, History	None	Normal	Any	Normal Spellcasting, Transmuter's Stone																		
Orc, Tanarukk	Medium	Fiend (Demon)	5.00		Volo's Guide to Monsters	Wizards of the Coast	95	14	30	CE	18	13	20	9	9	9	None	Intimidation, Perception	FIreres, poisonres	Darkvision 60	Abyssal, Common, Orc	Aggressive, Magic Resistance																		
Spawn of Kyuss	Medium	Undead	5.00		Volo's Guide to Monsters	Wizards of the Coast	76	10	30	CE	16	11	18	5	7	3	WIS	None	Poisonimmu, exhaustionimmu, poisonedimmu	Darkvision 60	Any	Regeneration, Worms																		
Tlincalli	Large	Monstrosity	5		Volo's Guide to Monsters	Wizards of the Coast	85	15	40	NE	16	13	16	8	12	8	None	Perception, Stealth, Survival	None	Darkvision 60	Own	None																		
Wood Woad	Medium	Plant	5		Volo's Guide to Monsters	Wizards of the Coast	75	18	30, climb 30	LN	18	12	16	10	13	8	None	Athletics, Perception, Stealth	Fireweak, bludgeoningres, piercingres, charmedimmu, frightenedimmu	Darkvision 60	Sylvan	Magic Club, Plant Camouflage, Regeneration, Tree Stride																		
Yuan-Ti Pit Master	Medium	Monstrosity	5.00		Volo's Guide to Monsters	Wizards of the Coast	88	14	30	NE	16	14	13	14	12	16	WIS, CHA	Deception, Stealth	Poisonimmu, poisonedimmu	Darkvision 120	Abyssal, Common, Draconic	Shapechanger, Innate Spellcasting, Magic Resistance, Poison's Disciple, Normal Spellcasting																		
Griffin	Large	Monstrosity	6		Book of Beautiful Horrors (★★)	u/regerem	124	14	30, fly 80	U	23	15	18	5	14	8	DEX, CON	Perception	None	Darkvision 60	None	Flyby, Keen Sight, Magic Weapons																		
Satyr, Menad	Medium	Fey	6		Book of Beautiful Horrors (★★)	u/regerem	71	14	40	CG OR CN	16	16	12	12	10	16	None	Perception, Performance, Stealth	Nonmagicalres, nonsilveredres	Normal	Common, Elvish, Sylvan	Heart Sight, Magic Resistance, Normal Spellcasting																		
Vampire, Alp	Medium	Undead	6		Book of Beautiful Horrors (★★)	u/regerem	82	18	60, climb 60	LE	16	23	16	14	10	16	DEX, CHA	Perception, Stealth	Necroticres, nonmagicalres	Darkvision 60	Common, Elvish	Innate Spellcasting, Shapechanger, Elusive, Vampire Weaknesses, Blood Addiction, Sunlight Hypersensitivity																		
Wild Hunt, Spectral Raiders	Huge	Fey	6		Book of Beautiful Horrors (★★)	u/regerem	150	13	50, fly 50	LE	6	16	12	10	16	13	None	None	Fireweak, forceweak, lightningres, nonmagicalres, coldimmu, poisonimmu, charmedimmu, frightenedimmu, paralyzedimmu, petrifiedimmu, poisonedimmu, proneimmu, restrainedimmu, stunnedimmu	Darkvision 60	Elvish, Primordial, Sylvan	Force Disruption, Herald of the Void, Incorporeal Swarm																		
Wild Hunt, White Frost, Ice Wraith	Large	Elemental	6.00		Book of Beautiful Horrors (★★)	u/regerem	75	19	fly 40	CE	17	28	14	6	15	7	DEX	Perception, Stealth	FIreweak, nonmagicalres, coldimmu, poisonimmu, grappledimmu, paralyzedimmu, poisonedimmu, proneimmu, restrainedimmu	Darkvision 120	Primordial	Deadly Ambusher, Evasion, Snowy Stealth																		
Duergar Cleric of Laduguer	Medium	Humanoid (Dwarf)	6		City and Wild (★★)	u/AeronDrake	75	17	25	LE	16	12	16	11	18	12	WIS, CHA	Insight, Religion	Poisonres	Darkvision 120	Dwarvish, Undercommon	Duergar Resilience, Sunlight Sensitivity, Normal Spellcasting																		
Golem, Wood	Large	Construct	6	https://www.5esrd.com/database/creature/golem-wood/	City and Wild (★★)	u/AeronDrake	133	15	30	U	20	9	18	3	11	1	None	None	Acidimmu, poisonimmu, psychicimmu, nonmagicalimmu, nonadamantineimmu, fireweak, charmedimmu, exhaustedimmu, frightenedimmu, paralyzedimmu, petrifiedimmu, poisonedimmu	Darkvision 120	Creator	Immutable Form, Magic Resistance, Magic Weapons																		
Strahd's Animated Armor	Medium	Construct	6		Curse of Strahd	Wizards of the Coast	112	21	30	LE	17	13	16	9	10	9	None	Perception	Coldres, fireres, blindedimmu, charmedimmu, deafenedimmu, exhaustionimmu, frightenedimmu paralyzedimmu, petrifiedimmu, poisonimmu	Blindsight 60	Common	None																		
Fleshling Fleshwurm	Large	Monstrosity	6		Dark Arts Player's Companion (☪)	u/Jonoman3000	138	14	30, burrow 20	CE	20	14	22	11	18	10	WIS	Perception, Athletics	None	Tremorsense 30	Common, Own	Reknit Flesh, Normal Spellcasting																		
Gaj	Large	ABerration	6		Dark Sun Stat Blocks (★)	u/Auquid	85	14	30	NE	18	12	16	12	14	8	STR, INT, WIS	Perception	Nonmagicalres	Darkvision 60	None	Detect Life																		
Maneater	Large	Monstrosity	6		Demon's Souls Compendium (★)	u/TectonicImprov	111	16	40, fly 60	NE	16	16	14	14	12	12	INT, WIS	None	Nonmagicalres, nonsilveredres, coldres, lightningres, fireres	Normal	Common	Reactive Appendage, Charger, Magical Resistance																		
Demon, Encanti	Medium	Fiend (Demon)	6		Demons, Lot of Demons (★★★★)	u/dgscott	77	15	30	CE	10	16	12	16	12	20	None	Deception, Insight, Persuasion	Coldres, fireres, lightningres, nonmagicalres, poisonimmu, poisonedimmu	Darkvision 120	Abyssal, telepathy 120	Charming Gaze, Lethal Allure, Magic Resistance, Shapechanger																		
Lesser God, Semuanya, Minotaur Lizard	Huge	Beast	6		Epic Monsters (★)	u/Dave2oo8	105	16	50, climb 50, swim 30	N	22	10	18	3	10	8	STR, DEX, WIS, CHA	Athletics, Perception, Stealth	Poisonres	Darkvision 60	Draconic	Ambusher																		
Guardian Stalker	Huge	Construct	6		Guardians (★)	u/CBlitz	125	18	60, climb 60	U	18	10	18	14	14	3	STR	Athletics, Perception	Nonmagicalres, poisonedimmu, charmedimmu, frightenedimmu, sleepimmu, stunnedimmu	Normal	None	Destructible Legs, Vulnerable Eyes																		
Fiendish Acrobat	Medium	Humanoid (Any Race)	6		https://drive.google.com/file/d/1YxCrJevrMZL4M4xqCkHSQ960D7PLr2R0/view	u/badooga1	49	16	30, fly 30	CE	14	18	12	13	12	16																								
The Worm That Walks, Leechwalker	Large	Monstrosity	6.00		https://drive.google.com/file/d/1YxCrJevrMZL4M4xqCkHSQ960D7PLr2R0/view	u/badooga1	85	17	30, burrow 20, climb 30, swim 30	U	19	7	17	1	8	4																								
Behir Minion, Behir Bolter	Large	Monstrosity	6		https://i.redd.it/04zkmr1f24431.png	u/TheArenaGuy	101	15	40, climb 30	NE	19	15	16	6	13	10																								
Akali, the Rogue Assassin	Medium	Humanoid (Human)	6		https://i.redd.it/cj7frk0cpsw21.png	u/The_Wicked_DM	97	16	30	CG	15	18	14	10	16	12																								
Dryad Protector	Medium	Fey	6		https://i.redd.it/y32h16g6dji21.jpg	u/OrpheusL	83	14	30	LN	10	18	12	12	15	21																								
Wight Walker	Medium	Undead	6		https://www.reddit.com/r/monsteraday/comments/3oqgxh/day_59_wight_walker/	StoneStrix																																		
Gill-man	Medium	Monstrosity	6		https://www.reddit.com/r/monsteraday/comments/3qf9kq/day_72_gillman/	StoneStrix																																		
Scopikis	Large	Monstrosity	6		https://www.reddit.com/r/monsteraday/comments/3r8fmp/day_78_scorpikis/	StoneStrix																																		
Wendigo	Large	Monstrosity	6		https://www.reddit.com/r/monsteraday/comments/5yhb8i/day_9_wendigo/	1d6Adventurers																																		
Bog Creeper	Large	Elemental	6		https://www.reddit.com/r/monsteraday/comments/63g4ab/day_27_bog_creeper/	1d6Adventurers																																		
Kuo-Toa Chosen of Blibdoolpoolp	Medium	Humanoid (Kuo-toa)	6		https://www.reddit.com/r/monsteraday/comments/67b4b6/day_41_kuotoa_chosen_of_blibdoolpoolp/	1d6Adventurers																																		
Ahuizotl	Small	Monstrosity	6		https://www.reddit.com/r/monsteraday/comments/6cp6b9/day_61_ahuizotl/	1d6Adventurers																																		
NPC, Bard, College of Swords	Medium	Humanoid (Any Race)	6		https://www.reddit.com/r/monsteraday/comments/6eh2hd/day_68_1d6_bards/	1d6Adventurers																																		
Girallon, Silverback	Large	Monstrosity	6.00		https://www.reddit.com/r/monsteraday/comments/6ewbq8/day_70_silverback_girallon/	1d6Adventurers																																		
NPC, Cleric, Forge Domain	Small	Humanoid (Any Race)	6.00		https://www.reddit.com/r/monsteraday/comments/6fvm7c/day_73_1d6_clerics/	1d6Adventurers																																		
NPC, Druid, Circle of Twilight	Medium	Humanoid (Any Race)	6		https://www.reddit.com/r/monsteraday/comments/6h9klv/day_78_1d6_druids/	1d6Adventurers																																		
Joythief	Medium	Fey	6		https://www.reddit.com/r/monsteraday/comments/6l8zo6/day_92_joythief/	1d6Adventurers																																		
Giant Space Hamster, Carnivorous Flying	Large	Beast	6.00		https://www.reddit.com/r/monsteraday/comments/6nb2cs/day_100_bonanza/	1d6Adventurers																																		
NPC, Sorcerer, Phoenix	Medium	Humanoid (Any Race)	6		https://www.reddit.com/r/monsteraday/comments/6pq8l4/day_108_1d6_sorcerers/	1d6Adventurers																																		
Ghost Shark	Large	Undead	6		https://www.reddit.com/r/monsteraday/comments/6pxzlj/day_109_shark_week_ghost_shark/	1d6Adventurers																																		
NPC, Wizard, Lore Mastery	Medium	Humanoid (Any Race)	6		https://www.reddit.com/r/monsteraday/comments/6snl5x/day_118_1d6_wizards/	1d6Adventurers																																		
Hellbat	Large	Fiend	6		https://www.reddit.com/r/monsteraday/comments/6vd6jk/day_127_hellbat/	1d6Adventurers																																		
NPC, Aquamancer	Medium	Humanoid (Any Race)	6		https://www.reddit.com/r/monsteraday/comments/6wlgfr/day_131_aquamancer/	1d6Adventurers																																		
Booze Ooze	Medium	Ooze	6		https://www.reddit.com/r/monsteraday/comments/6zhcwf/day_141_booze_ooze/	1d6Adventurers																																		
Graveyard Guardian	Medium	Undead	6		https://www.reddit.com/r/monsteraday/comments/72mh6w/day_152_graveyard_guardian/	1d6Adventurers																																		
Mossipede	Tiny	Aberration	6		https://www.reddit.com/r/monsteraday/comments/74prk2/day_160_mossipede/	1d6Adventurers																																		
Valkyrie	Medium	Celestial	6		https://www.reddit.com/r/monsteraday/comments/75r5aa/day_163_valkyrie/	1d6Adventurers																																		
Blue Scream of Death	Medium	Undead	6		https://www.reddit.com/r/monsteraday/comments/7goy98/day_199_blue_scream_of_death/	1d6Adventurers																																		
Illiphant	Huge	Aberration	6.00	https://homebrewery.naturalcrit.com/share/BkY4fZmQZf	https://www.reddit.com/r/monsteraday/comments/7hjyrw/day_201_illiphant/	1d6Adventurers																																		
Elemental, Smog	Large	Elemental	6.00		https://www.reddit.com/r/monsteraday/comments/7o5csh/day_224_smog_elemental/	1d6Adventurers																																		
Kobold Great Wyrm	Small	Humanoid (Kobold)	6		https://www.reddit.com/r/monsteraday/comments/7r3ezj/day_233_kobold_great_wyrm/	1d6Adventurers																																		
Wildermann	Large	Humanoid	6		https://www.reddit.com/r/monsteraday/comments/7sq0b3/day_238_wildermann/	1d6Adventurers																																		
Vatnagedda	Huge	Monstrosity	6.00		https://www.reddit.com/r/monsteraday/comments/7u3j1s/day_242_vatnagedda/	1d6Adventurers																																		
Doppelganger, Greater	Medium	Monstrosity	6		https://www.reddit.com/r/monsteraday/comments/7vppsk/day_247_greater_doppelganger/	1d6Adventurers																																		
Shedim	Medium	Fiend	6.00		https://www.reddit.com/r/monsteraday/comments/7xcg6l/day_252_shedim/	1d6Adventurers																																		
Golem, Snow	Huge	Construct	6.00		https://www.reddit.com/r/monsteraday/comments/80zipb/day_263_snowmen_and_snow_golems/	1d6Adventurers																																		
Jinmenju	Large	Plant	6		https://www.reddit.com/r/monsteraday/comments/84pein/day_274_jinmenju/	1d6Adventurers																																		
Akhlut	Large	Monstrosity	6		https://www.reddit.com/r/monsteraday/comments/86ejfs/day_279_the_akhitar_orcs_and_the_akhlut/	1d6Adventurers																																		
Tortle Snapper	Medium	Humanoid (Tortle)	6		https://www.reddit.com/r/monsteraday/comments/89s73d/day_28_tortle_snapper/	1d6Adventurers																																		
Zheng	Large	Monstrosity	6		https://www.reddit.com/r/monsteraday/comments/8llrpv/day_323_zheng/	1d6Adventurers																																		
Booze Ooze Shooter	Medium	Ooze	6	https://drive.google.com/file/d/1s1LaKN-q5Gtpoat1TnIvDEgweckcLQfl/view	https://www.reddit.com/r/monsteraday/comments/8m4bof/day_325_booze_ooze_shooter/	1d6Adventurers																																		
Bonework Amalgam	Large	Undead	6.00		https://www.reddit.com/r/monsteraday/comments/8wdcj6/day_354_bonework_amalgam/	1d6Adventurers																																		
Centaur Reaver	Large	Monstrosity	6.00		Ixor's Manual of Monstrous Findings (★★)	u/thorn1993	102	18	50	NG	21	15	16	10	15	13	STR, CON, WIS	Athletics, Perception, Survival	None	Normal	Elvish, Sylvan	Brute, Charge, Rampage																		
Devil, Hellwasp, COlony Guard	Medium	FIend (Devil)	6.00		Ixor's Manual of Monstrous Findings (★★)	u/thorn1993	123	18	fly 40	LE	15	19	14	15	17	17	None	Perception	None	Darkvision 120	Infernal	None																		
Dinosaur, Carnotaurus	Huge	Beast	6		Ixor's Manual of Monstrous Findings (★★)	u/thorn1993	133	14	50	U	18	13	16	2	14	7	None	Perception	None	Normal	None	Charge, Undirectional Velocity																		
Elemental, Magnetic	Large	Elemental	6		Ixor's Manual of Monstrous Findings (★★)	u/thorn1993	105	17	30	U	21	10	20	7	10	5	None	Athletics	Lightningres, nonmagicalres, poisonimmu, exhausitonimmu, paralyzedimmu, petrifiedimmu, poisonedimmu, unconsciousimmu	Blindsight 30, darkvision 60	Terran	Magnetism																		
Karapaks	Medium	Beast	6.00		Ixor's Manual of Monstrous Findings (★★)	u/thorn1993	82	16	40	U	19	15	16	5	14	10	None	Perception	Nonmagicalres	Normal	None	Keen Hearing, Pounce																		
Manticore Alpha	Huge	Monstrosity	6		Ixor's Manual of Monstrous Findings (★★)	u/thorn1993	136	15	30, fly 50	LE	19	18	18	8	14	10	None	None	None	Darkvision 60	Common	Tail Spike Regrowth																		
NPC, Arsonist	Medium	Humanoid (Any Race)	6.00		Ixor's Manual of Monstrous Findings (★★)	u/thorn1993	117	17	25	CE	12	16	15	14	10	8	CON, WIS	Intimidation, Stealth	None	Darkvision 60	Common, Dwarvish	Deadman's Trigger Vest, Dwarven Resilience																		
Rayer	Small	Aberration	6		Ixor's Manual of Monstrous Findings (★★)	u/thorn1993	117	17	40, climb 40	LE	18	19	16	4	12	5	None	None	None	Blindsight 90	None	Chameleon Skin, Spider Climb, Standing Leap																		
The Frozen, Slayer	Medium	Undead	6.00		Ixor's Manual of Monstrous Findings (★★)	u/thorn1993	105	14	40	CE	18	16	16	5	8	5	None	None	Bludgeoningweak, poisonimmu, coldimmu, exhaustionimmu, poisonedimmu	Darkvision 60	Alive	Brute, Shard Flurry																		
Tlincalli Shaman	Large	Monstrosity	6		Ixor's Manual of Monstrous Findings (★★)	u/thorn1993	102	17	40	NE	18	13	16	9	16	8	CON, WIS, CHA	Animal Handling, Perception, Stealth, Survival	None	Darkvision 60	Tlincalli, Own	Innate Spellcasting																		
Fanged Beast, Congalala	Large	Beast	6		Monster Hunter's Manual (★★★★)	u/Amellwind	152	13	40, climb 40	U	21	14	18	12	14	7	None	Acrobatics, Perception	None	Normal	None	Mushroom Eater																		
Fanged Beast, Gammoth, Young	Gargantuan	Beast	6		Monster Hunter's Manual (★★★★)	u/Amellwind	198	18	40	U	22	10	23	8	12	6	STR, CON, WIS, CHA	Nonmagicalimmu, coldres, nonmagicalres	None	Normal	None	Trampling CHarge, Ice Walk, Snow Gammoth																		
Fanged Beast, Kecha Wecha	Large	Beast	6		Monster Hunter's Manual (★★★★)	u/Amellwind	142	13	30, climb 30, fly 40	U	23	14	18	7	12	7	None	Athletics, Perception	None	Normal	None	Spider Climb, Gliding																		
Leviathan, Agnaktor	Huge	Dragon	6		Monster Hunter's Manual (★★★★)	u/Amellwind	136	16	30, burrow 40, swim 40	U	17	14	16	10	11	7	None	None	Fireres	Normal	None	Volcanic Swimmer, Lava Armor																		
Neopteron, Temnoceran, Nerscylla	Large	Monstrosity	6		Monster Hunter's Manual (★★★★)	u/Amellwind	144	15	30, climb 30	U	17	17	14	6	12	6	None	None	Poisonimmu, poisonedimmu	Normal	None	Reel In, Spider Climb																		
Theropod, Tzitzi-Ya-Ku	Large	Beast	6.00		Monster Hunter's Manual (★★★★)	u/Amellwind	127	15	40	U	19	14	16	8	10	9	DEX, INT, CHA	None	None	Normal	None	Pounce, Standing Leap																		
Wyvern, Bird, Qurupeco	Large	Dragon	6		Monster Hunter's Manual (★★★★)	u/Amellwind	135	17	30, fly 30, swim 40	U	14	16	15	7	14	16	CHA	Performance	Fireres	Normal	None	Sensitive Ears, Innate SPellcasting																		
Wyvern, Brute, Uragaan	Huge	Dragon	6		Monster Hunter's Manual (★★★★)	u/Amellwind	123	15	40	U	19	10	16	5	12	6	None	Perception	None	Normal	None	None																		
Wyvern, Fanged, Girros, Great	Large	Dragon	6		Monster Hunter's Manual (★★★★)	u/Amellwind	114	15	40	U	19	11	19	3	14	10	CON	Perception	Paralyzedimmu	Darkvision 60	None	Charge																		
Wyvern, Fanged, Tobi-Kadachi	Large	Dragon	6.00		Monster Hunter's Manual (★★★★)	u/Amellwind	123	14	30, climb 30, fly 60	U	18	12	19	3	14	10	DEX	None	Lightningimmu	Darkvision 60	None	Wounded Fury, Standing Leap, Gliding																		
Wyvern, Flying, Basarios	Huge	Dragon	6.00		Monster Hunter's Manual (★★★★)	u/Amellwind	136	18	40, burrow 30	U	24	9	19	3	11	6	None	None	Fireres	Normal	None	Trampling Charge, Stone Camouflage																		
Wyvern, Flying, Basarios, Fire Plume	Huge	Dragon	6		Monster Hunter's Manual (★★★★)	u/Amellwind	136	18	40, burrow 30	U	24	9	19	3	11	6	None	None	Fireres	Normal	None	Trampling Charge, Stone Camouflage																		
Wyvern, Flying, Basarios, Poisonous Gas	Huge	Dragon	6.00		Monster Hunter's Manual (★★★★)	u/Amellwind	136	18	40, burrow 30	U	24	9	19	3	11	6	None	None	Fireres	Normal	None	Trampling Charge, Stone Camouflage																		
Chimera	Large	Monstrosity	6		Monster Manual	Wizards of the Coast	114	14	30, fly 60	CE	19	11	19	3	14	10	None	Perception	None	Darkvision 60	Draconic	None																		
Cyclops	Huge	Giant	6		Monster Manual	Wizards of the Coast	138	14	30	CN	22	11	20	8	6	10	None	None	None	Normal	Giant	Poor Depth Perception																		
Demon, Chasme	Large	Fiend (Demon)	6		Monster Manual	Wizards of the Coast	84	15	20, fly 60	CE	15	15	12	11	14	10	DEX, WIS	Perception	Coldres, fireres, lightningres, poisonimmu, poisonedimmu	Blindsight 10, darkvision 120	Abyssal, telepathy 120	Drone, Magic Resistance, Spider Climb																		
Demon, Vrock	Large	Fiend (Demon)	6		Monster Manual	Wizards of the Coast	104	15	40, fly 60	CE	17	15	18	8	13	8	DEX, WIS, CHA	None	Coldres, fireres, lightningres, nonmagicalres, poisonimmu, poisonedimmu	Darkvision 120	Abyssal, telepathy 120	Magic Resistance																		
Dragon, Chromatic, White, Young	Large	Dragon	6		Monster Manual	Wizards of the Coast	133	14	40, burrow 20, fly 80, swim 40	CE	18	10	18	6	11	12	DEX, CON, WIS, CHA	Perception, Stealth	Coldimmu	Blindsight 30, darkvision 120	Common, Draconic	Ice Walk																		
Dragon, Metallic, Brass, Young	Large	Dragon	6		Monster Manual	Wizards of the Coast	110	17	40, burrow 20, fly 80	CG	19	10	17	12	11	15	DEX, CON, WIS, CHA	Perception, Persuasion, Stealth	Fireimmu	Blindsight 30, Darkvision 120	Common, Draconic	None																		
Drider	Large	Monstrosity	6.00		Monster Manual	Wizards of the Coast	123	19	30, climb 30	CE	16	16	18	13	14	12	None	Perception, Stealth	None	Darkvision 120	Elvish, Undercommon	Fey Ancestry, Innate Spellcasting, Spider Climb, Sunlight Sensitivity, Web Walker																		
Galeb Duhr	Medium	Elemental	6		Monster Manual	Wizards of the Coast	85	16	15, rolling	N	20	14	20	11	12	11	None	None	Nonmagicalres, poisonimmu, exhaustionimmu, paralyzedimmu, poisonedimmu, petrifiedimmu	Darkvision 60, tremorsense 60	Terran	False Appearance, Rolling Charge																		
Githzerai Zerth	Medium	Humanoid	6		Monster Manual	Wizards of the Coast	84	17	30	LN	13	18	15	16	17	12	STR, DEX, INT, WIS	Arcana, Insight, Perception	None	Normal	Own	Innate Spellcasting, Psychic Defense																		
Hobgoblin Warlord	Medium	Humanoid	6		Monster Manual	Wizards of the Coast	97	20	30	LE	16	14	16	14	11	15	INT, WIS, CHA	None	None	Darkvision 60	Common, Goblin	Martial Advantage																		
Invisible Stalker	Medium	Elemental	6		Monster Manual	Wizards of the Coast	104	14	50, fly 50	N	16	19	14	10	15	11	None	Perception, Stealth	Nonmagicalres, poisonimmu, exhaustionimmu, grappledimmu, paralyzedimmu, petrifiedimmu, poisonedimmu, proneimmu, restrainedimmu, unconscious	Darkvision 60	Auran, Common	Invisibility, Faultless Tracker																		
Kuo-Toa Archpriest	Medium	Humanoid	6		Monster Manual	Wizards of the Coast	97	13	30, swim 30	NE	16	14	16	13	16	14	None	Perception, Religion	None	Darkvision 120	Undercommon	Amphibious, Otherworldly Perception, Slippery, Sunlight Sensitivity, Normal Spellcasting																		
Medusa	Medium	Monstrosity	6		Monster Manual	Wizards of the Coast	127	15	30	LE	10	15	16	12	13	15	None	Deception, Insight, Perception, Stealth	None	Darkvision 60	Common	Petrifying Gaze																		
Misc. Creature, Mammoth	Huge	Beast	6		Monster Manual	Wizards of the Coast	126	13	40	U	24	9	21	3	11	6	None	None	None	Normal	None	Trampling Charge																		
NPC, Mage	Medium	Humanoid	6		Monster Manual	Wizards of the Coast	40	12	30	ANY	9	14	11	17	12	11	INT, WIS	Arcana, History	None	Normal	Any	Normal Spellcasting																		
Wyvern	Large	Dragon	6		Monster Manual	Wizards of the Coast	110	13	20, fly 80	U	19	1	16	5	12	6	None	Perception	None	Darkvision 60	None	None																		
Azer Lord	Medium	Elemental	6		Monster Module (★★★★)	u/Jonoman3000	82	17	30	LN	20	13	16	15	16	17	CON	None	Fireimmu, poisonimmu, poisonedimmu	Normal	Ignan	Heated Body, Heated Weapons, Illumination																		
Bugbear Assassin	Medium	Humanoid	6		Monster Module (★★★★)	u/Jonoman3000	117	16	30	CE	19	18	14	11	15	10	None	Stealth, Athletics, Perception, Survival	None	Darkvision 60	Common, Goblin	Brute, Precise Attacker, Surprise Attack																		
Carrion Crawler, Tangle Crawler	Huge	Monstrosity	6		Monster Module A-C	u/Jonoman3000	136	16	30, climb 30	U	18	12	19	3	13	6																								
Centaur Wildling	Large	Monstrosity	6		Monster Module A-C	u/Jonoman3000	110	16	50	CG	20	16	17	8	13	10																								
Clockwork, Brass Spider	Large	Construct	6		Monster Module A-C	u/Jonoman3000	67	16	40, climb 30	U	19	14	15	3	10	1																								
Devil, Abishai, White	Medium	Fiend (Devil)	6		Mordenkainen's Tome of Foes	Wizards of the Coast	68	15	30, fly 40	LE	16	11	18	11	12	13	STR, CON	None	Nonmagicalres, nonsilveredres, coldimmu, fireimmu, poisonimmu, poisonedimmu	Darkvision 120	Draconic, Infernal, telepathy 120	Devil's Sight, Magic Resistance, Magic Weapons, Reckless																		
Duergar Warlord	Medium	Humanoid (Dwarf)	6		Mordenkainen's Tome of Foes	Wizards of the Coast	75	20	25	LE	18	11	17	12	12	14	None	None	Poisonres	Darkvision 120	Dwarvish, Undercommon	Duergar Resilience, Sunlight Sensitivity																		
Lizalfos, Electric	Medium	Humanoid (Lizalfos)	6		Plane Shift - Hyrule (★)	u/LeakyLicanthrope	38	15	40	CN	14	19	14	10	14	13	DEX	Acrobatics, Perception, Stealth	Lightningres	Darkvision 120	Draconic	Pack Tactics																		
Lizalfos, Fire Breath	Medium	Humanoid (Lizalfos)	6		Plane Shift - Hyrule (★)	u/LeakyLicanthrope	38	15	40	CN	14	19	14	10	14	13	DEX	Acrobatics, Perception, Stealth	Fireres	Darkvision 120	Draconic	Pack Tactics																		
Lizalfos, Ice Breath	Medium	Humanoid (Lizalfos)	6		Plane Shift - Hyrule (★)	u/LeakyLicanthrope	38	15	40	CN	14	19	14	10	14	13	DEX	Acrobatics, Perception, Stealth	Coldres	Darkvision 120	Draconic	Pack Tactics																		
Eternal Flame, Flamewrath	Medium	Humanoid (Human)	6		Princes of the Apocalypse	Wizards of the Coast	105	12	30	CE	10	14	16	11	10	16	None	Arcana, Religion	Fireimmu	Normal	Common, Ignan	Normal Spellcasting, Wreathed in Flame																		
The Black Knight	Medium	Character (Human)	6.00		Single (☪)	u/Mr_Kruiskop	150	20	30	N	18	10	20	6	15	16	CON, WIS	Athletics, Intimidation, Perception	Charmedimmu, frightenedimmu, proneimmu, exhaustionimmu	Normal	Common	Tis But a Scratch!, Just a Flesh Wound!, Running Away Are We!?, legendary																		
Chimera, Chromatic, Black	Large	Monstrosity	6		Skip's Guide to Monsters (★★)	u/Drewfro666	114	14	30, fly 60	CE	19	11	19	3	14	10	None	Perception	None	Darkvision 60	Draconic	None																		
Chimera, Chromatic, Blue	Large	Monstrosity	6		Skip's Guide to Monsters (★★)	u/Drewfro666	114	14	30, fly 60	CE	19	11	19	3	14	10	None	Perception	None	Darkvision 60	Draconic	None																		
Chimera, Chromatic, Green	Large	Monstrosity	6		Skip's Guide to Monsters (★★)	u/Drewfro666	114	14	30, fly 60	CE	19	11	19	3	14	10	None	Perception	None	Darkvision 60	Draconic	None																		
Chimera, Chromatic, Red	Large	Monstrosity	6		Skip's Guide to Monsters (★★)	u/Drewfro666	114	14	30, fly 60	CE	19	11	19	3	14	10	None	Perception	None	Darkvision 60	Draconic	None																		
Chimera, Chromatic, White	Large	Monstrosity	6		Skip's Guide to Monsters (★★)	u/Drewfro666	114	14	30, fly 60	CE	19	11	19	3	14	10	None	Perception	None	Darkvision 60	Draconic	None																		
Demon, Vrock, Spellcaster	Large	Fiend (Demon)	6		Skip's Guide to Monsters (★★)	u/Drewfro666	104	15	40, fly 60	CE	17	15	18	8	13	8	DEX, WIS, CHA	None	Coldres, fireres, lightningres, nonmagicalres, poisonimmu, poisonedimmu	Darkvision 120	Abyssal, telepathy 120	Magic Resistance, Innate Spellcasting																		
Guardinal, Avoral	Medium	Celestial	6		Skip's Guide to Monsters (★★)	u/Drewfro666	76	16	40, fly 80	NG	15	23	18	16	16	16	None	Perception	Coldres, radiantres, thunderres, nonmagicalres, nonsilveredres, lightningimmu, petrifiedimmu	Truesight 60	All	Innate Spellcasting, Keen Sight, Lay on Hands, Magic Resistance																		
Inevitable, Zelekhut	Large	Construct	6		Skip's Guide to Monsters (★★)	u/Drewfro666	85	18	60, fly 60	LN	21	11	16	10	17	15	None	Insight, Perception, Investigation	Nonmagicalres	Truesight 60	Abyssal, Celestial, Infernal, Any	Innate Spellcasting, Magic Resistance, Regeneration																		
Lammasu, Golden Protector	Large	Celestial	6	https://www.5esrd.com/database/creature/lamassu/	Skip's Guide to Monsters (★★)	u/Drewfro666	76	14	30, fly 60	LG	21	12	17	16	17	14	None	Arcana, Insight, Perception	Acidres, coldres, fireres, lightningres, radiantres	Darkvision 60, blindsight 10	Celestial, Common, Draconic	Innate Spellcasting, Normal Spellcasting																		
Misc. Creature, Whale, Baleen	Gargantuan	Beast	6		Skip's Guide to Monsters (★★)	u/Drewfro666	210	14	swim 40	U	22	8	24	4	10	6	None	Perception	None	Blindsight 120	None	Hold Breath																		
Vampire, Lesser	Medium	Undead	6		Skip's Guide to Monsters (★★)	u/Drewfro666	82	16	30	ANY EVIL	18	18	18	14	12	14	DEX, WIS, CHA	Perception, Stealth	Necroticres, nonmagicalres	Darkvision 120	Alive	Shapechanger, Misty Escape, Regeneration, Spider Climb, Vampire Weaknesses, Forbiddance, Harmed by Running Water, Stake to the HEart, Sunlight Hypersensitivity																		
Centaur Mummy	Large	Undead	6.00		Tales from the Yawning Portal	Wizards of the Coast	85	13	30	LE	20	12	16	5	14	12	WIS	None	Fireweak, nonmagicalres, necroticimmu, poisonimmu, charmedimmu, exhaustionimmu, frightenedimmu, paralyzedimmu, poisonedimmu	Darkvision 60	Common, Sylvan	Charge																		
Hoar Spirit, Vengeful	Medium	Undead	6.00		Through the Ice and Snow (★)	u/LordMediocre	123	20	30	CE	18	17	15	10	15	16	CON	Acrobatics, Athletics, Perception, Stealth	Poisonedimmu, coldimmu, poisonimmu, fireweak	Darkvision 60	None	Innate Spellcasting, Icy Form, Heatsense																		
phase 1 blue foot clan ninja	Medium	Humanoid	6	https://docs.google.com/document/d/1daCFFA2hZVeGYmBh3_WQIvwLzxCK7K1V8mCfu3q7lcM/edit?tab=t.0	Virasco 2000	Shwifty_meme_lord	55	14	30	neutral evil	16	18	18	12	12	12	STR, DEX, WIS	Acrobatics, Stealth	Slashingres	Normal	Common, Thieves Cant	None	20	6	FALSE	0	FALSE	1	0	0	0	FALSE	0	2	1	2	0	6	14.5	
Beholder, Gauth	Medium	Aberration	6		Volo's Guide to Monsters	Wizards of the Coast	67	15	fly 20	LE	10	14	16	15	15	13	INT, WIS, CHA	Perception	Proneimmu	Darkvision 120	Deep Speech, Undercommon	Stunning Gaze, Death Throes																		
Bodak	Medium	Undead	6		Volo's Guide to Monsters	Wizards of the Coast	58	15	30	CE	15	16	15	7	12	12	None	Perception, Stealth	Coldres, fireres, necroticres, nonmagicalres, lightningimmu, poisonimmu, charmedimmu, frightenedimmu, poisonedimmu	Darkvision 120	Abyssal, Any	Aura of Annihilation, Death Gazer, Sunlight Hypersensitivity																		
Giant, Hill, Mouth of Grolantor	Huge	Giant (Hill)	6		Volo's Guide to Monsters	Wizards of the Coast	105	14	50	CE	21	10	18	5	7	5	None	Perception	Frightenedimmu	Normal	Giant	Mouth of Madness																		
Hag, Annis	Large	Fey	6		Volo's Guide to Monsters	Wizards of the Coast	75	17	40	CE	21	12	14	13	14	15	CON	Deception, Perception	Coldres, nonmagicalres	Darkvision 60	COmmon, Giant, Sylvan	Innate Spellcasting																		
NPC, Conjurer	Medium	Humanoid (Any Race)	6		Volo's Guide to Monsters	Wizards of the Coast	40	12	30	ANY	9	14	11	17	12	11	INT, WIS	Arcana, History	None	Normal	Any	Normal Spellcasting, Benign Transportation																		
NPC, Warlock of the Great Old One	Medium	Humanoid (Any Race)	6		Volo's Guide to Monsters	Wizards of the Coast	91	12	30	ANY	9	14	15	12	12	18	WIS, CHA	Arcana, History	Psychicres	Darkvision 60	Any, telepathy 30	Innate Spellcasting, Normal Spellcasting, Whispering Aura																		
Elemental, Star, Myrmidon	Medium	Elemental	7	https://www.gmbinder.com/share/-LSNMh6eX2Cm0VdsuZTr#:~:text=Star%20Elemental%20Myrmidon	All the Lights in the Sky Are Stars	u/aeyana	117	18	30, fly 30	N	18	13	15	8	10	10																								
NPC, Brigand, Vvulf	Medium	Humanoid (Any Race)	7.00	https://homebrewery.naturalcrit.com/share/Hyb4CrHRf	Bestiary of the Ancestors (★)	u/LamiaDrake	157	19	30	CE	18	18	18	16	14	18	None	None	None	Normal	COmmon, Thieves' Cant	Coordination, Rallying Strength, Tower Shield, Barrel O' Bombs																		
Minotaur Gorebull	Large	Monstrosity	7.00		Book of Beautiful Horrors (★★)	u/regerem	144	15	40	CE	20	11	20	7	16	9	STR, CON	Perception	None	Darkvision 60	Abyssal, Common	Banquet of Flesh, Bloodgreed, CHarge, Labyrinthine Recall																		
NPC, Northlander, Huskarl	Medium	Humanoid (Human)	7.00		Book of Beautiful Horrors (★★)	u/regerem	105	18	30	N	18	14	16	10	12	13	CON, WIS	Athletics, Intimidation, Perception	None	Normal	Common, Own	Brute, Deadly Strike, Indomitable, Mariner																		
Vampire, Garkain	Medium	Undead	7.00		Book of Beautiful Horrors (★★)	u/regerem	124	14	30	CE	20	16	20	6	10	12	None	Perception, Stealth	Necroticres, poisonres, nonmagicalres, frightenedimmu, poisonedimmu	Darkvision 120	None	Foul Presence, Spider Climb, Stain																		
Wraith, Night	Medium	Undead	7.00		Book of Beautiful Horrors (★★)	u/regerem	110	15	fly 60	NE	6	21	18	12	14	17	None	None	Fireweak, acidres, lightningres, thunderres, nonmagicalres, nonsilveredres, coldimmu, necroticimmu, poisonimmu, charmedimmu, exhausitonimmu, grappledimmu, paralyzedimmu, petrifiedimmu, poisonedimmu, proneimmu, restrainedimmu	Darkvision 60	Alive	Incorporeal Movement, Moonlight Dance, Sunlight Hypersensitivity																		
Wraith, Noon	Medium	Undead	7		Book of Beautiful Horrors (★★)	u/regerem	110	15	fly 60	NE	6	21	18	12	14	17	None	None	Coldweak, acidres, lightningres, thunderres, nmonmagicalres, nonsilveredres, necroticimmu, fireimmu, poisonimmu, charmedimmu, exhaustionimmu, garppledimmu, paralyzedimmu, petrifiedimmu, poisonedimmu, proneimmu, restrainedimmu	Darkvision 60	Alive	Incorporeal Movement, Midday Dance, Moonlight Sensitivity																		
Troll, Rock	Large	Giant	7		City and Wild (★★)	u/AeronDrake	115	17	30	CE	18	12	23	7	9	7	None	Perception, Stealth	Nonmagicalres	Darkvision 60	Giant	Regeneration, Rocky Body																		
Vampire, Feral	Medium	Undead	7		City and Wild (★★)	u/AeronDrake	112	15	40	CE	17	17	17	12	13	10	DEX, WIS	Athletics, Perception, Stealth	Necroticres, nonmagicalres, frightenedimmu	Darkvision 120	Alive	Keen Hearing, Keen Smell, Leap Attack, Regeneration, Spider Climb, Vampire Weakness, Harmed by Running Water, Stake to the Heart, Sunlight Hypersensitivity																		
Blight, Tree	Huge	Plant	7		Curse of Strahd	Wizards of the Coast	149	15	30	NE	23	10	20	6	10	3	None	None	Blindedimmu, deafenedimmu	Blindsight 60	Common, Druidic	False, Siege																		
Cursed Oak	Huge	Plant	7		Dark Arts Player's Companion (☪)	u/Jonoman3000	137	16	30	CE	19	8	22	11	13	10	None	None	Bludgeoningres, piercingres, fireweak	Normal	Common, Druidic, Elvish, Sylvan	False Appearance, Siege Monster																		
Lost Soul, Martial Ghost	Medium	Undead	7		Dark Arts Player's Companion (☪)	u/Jonoman3000	66	15	fly 60	ANY	9	14	12	11	12	18	None	None	Coldimmu, necroticimmu, poisonimmu, acidres, fireres lightningres, thunderres, nonmagicalres, charmedimmu, exhaustionimmu, frightenedimmu, grappledimmu, paralyzedimmu, eptrifiedimmu, poisonedimmu, proneimmu, restrainedimmu	Darkvision 60	Alive	Ethereal Sight, Incorporeal Movement																		
Rothorror	Large	Undead	7		Dark Arts Player's Companion (☪)	u/Jonoman3000	153	9	25	CE	19	8	16	8	9	5	WIS	None	Poisonimmu, poisonedimmu	Normal	None	Death Burst																		
Scrab, Nest Mother	Large	Monstrosity	7		Dark Sun Stat Blocks (★)	u/Auquid	97	13	10, burrow 10	CE	13	7	13	15	16	13	WIS, CHA	None	None	Tremorsense 30, darkvision 60	Own, Elvish	Unwavering Eye, Normal Spellcasting																		
So-Ut	Large	Monstrosity	7		Dark Sun Stat Blocks (★)	u/Auquid	136	16	40	CE	15	15	16	3	8	8	STR, DEX, CON	None	Darkvision 60	Normal	None	Fear Aura																		
Old Hero	Huge	GIant	7		Demon's Souls Compendium (★)	u/TectonicImprov	210	12	40	LE	20	15	18	7	14	10	STR, WIS	Athletics, Perception	Blindedimmu	Blindsight 60	None	Gimped Sight																		
Inmutate	Medium	Fiend	7		Demons, Lot of Demons (★★★★)	u/dgscott	110	15	30	CE	16	12	14	18	14	16	INT, CHA	None	Coldres, fireres, lightningres, nonmagicalres, poisonimmu, poisonedimmu	Darkvision 60	Abyssal, telepathy 120	Innate Spellcasting, Magic Resistance																		
Dragon, Metallic, Electrum, Young	Small	Dragon	7		Electrum Dragons (★)	u/ZowJr	90	18	40, fly 100	NG	10	21	19	12	14	18	STR, CON, WIS, CHA	Perception, Acrobatics, Stealth	Forceres	Normal	Common, Draconic	Flyby, Lair																		
Lumbering Hive	Huge	Aberration	7		Far Realm Beasts (★)	u/Adam-M	180	14	30	U	20	10	16	5	12	10	STR, CON	None	None	Normal	None	Charge																		
Thirsting Death	Large	Undead	7		Fighting Chance (r/d100)	u/The-Unapproachable	95	19	fly 30	NE	9	18	18	13	14	12	WIS, CHA	Perception, Stealth	Acidres, coldres, lightningres, thunderres, nonmagicalres, necroticimmu, poisonimmu, charmedimmu, exhaustionimmu, grappledimmu, paralyzedimmu, petrifiedimmu, poisonedimmu, proneimmu, restrainedimmu	Darkvision 120	Alive	Blood Sense, Misty Form, Misty Stealth, Satiated, Sunlight Hypersensitivity																		
Undying Heresy	Medium	Undead	7		Fighting Chance (r/d100)	u/The-Unapproachable	77	8	0	NE	1	6	13	15	20	14	CON, INT, WIS, CHA	History, Religion	Acidres, coldres, fireres, lightningres, thudnerres, necroticimmu, poisonimmu, nonmagicalimmu, charmedimmu, exhaustionimmu, frightenedimmu, grappledimmu, paralyzedimmu, petrifiedimmu, poisonedimmu, proneimmu, restrainedimmu	Darkvision 60	Alive	Beget Anticreed, Ephemeral, Passive Target, Limited Turn Resistance, Profane Aura, Execrating Tempest, VIle Detritus																		
Undying Heresy, Atrocity	Medium	Undead	7.00		Fighting Chance (r/d100)	u/The-Unapproachable	77	8	0	NE	1	6	13	15	20	14	CON, INT, WIS, CHA	History, Religion	Acidres, coldres, fireres, lightningres, thudnerres, necroticimmu, poisonimmu, nonmagicalimmu, charmedimmu, exhaustionimmu, frightenedimmu, grappledimmu, paralyzedimmu, petrifiedimmu, poisonedimmu, proneimmu, restrainedimmu	Darkvision 60	Alive	Beget Anticreed, Ephemeral, Passive Target, Limited Turn Resistance, Execrating Tempest, Aura of Madness, Blasphemous Detritus																		
Dragon, Ibrandlin	Gargantuan	Dragon	7		Forgotten Realms Stat Blocks (★★★)	u/Drewfro666	132	13	20, climb 20	LN	26	11	22	4	10	9	DEX, CON, WIS	Perception	FIreimmu	Darkvision 120	Draconic	None																		
Giant, Fog	Huge	Giant	7.00		Forgotten Realms Stat Blocks (★★★)	u/Drewfro666	126	14	40	ANY NEUTRAL	23	10	20	13	14	11	CON, WIS, CHA	Perception, Stealth	None	Normal	Common, GIant	Hide in Fog																		
Golem, Thayan	Medium	Construct	7.00		Forgotten Realms Stat Blocks (★★★)	u/Drewfro666	105	15	30	U	16	16	16	3	11	1	None	None	Nonmagicalres, poisonimmu, psychicimmu, charmedimmu, ehxuastionimmu, frightenedimmu, paralyzedimmu, petrifiedimmu, poisonedimmu	Normal	Common, Own	Brute, Magic Missile Immunity																		
Phaerimm, Adult	Large	Aberration	7		Forgotten Realms Stat Blocks (★★★)	u/Drewfro666	120	17	fly 30	NE	16	11	14	17	17	19	None	Arcana	None	Truesight 120	Common, telepathy 120	Magic Resistance, Normal Spellcasting																		
Spider, Sword	Large	Beast	7		Forgotten Realms Stat Blocks (★★★)	u/Drewfro666	112	14	20, climb 20	U	18	10	14	3	11	4	None	Stealth	None	Blindsight 10, darkvision 120	None	Spider Climb, Web Sense, Web Walker																		
Angel of Decay	Large	Undead	7.00		https://drive.google.com/file/d/1YxCrJevrMZL4M4xqCkHSQ960D7PLr2R0/view	u/badooga1	119	15	30, fly 50	CE	16	17	16	16	16	18																								
Atropal Scion	Large	Undead (Titan)	7		https://drive.google.com/file/d/1YxCrJevrMZL4M4xqCkHSQ960D7PLr2R0/view	u/badooga1	114	9	fly 50	LE	16		18	18	16	19																								
Giant, Forest	Huge	Giant	7		https://drive.google.com/file/d/1YxCrJevrMZL4M4xqCkHSQ960D7PLr2R0/view	u/badooga1	126	15	45	ANY GOOD	18	20	20	10	18	9																								
Giant, Forest, Skeleton	Huge	Undead	7		https://drive.google.com/file/d/1YxCrJevrMZL4M4xqCkHSQ960D7PLr2R0/view	u/badooga1	115	16	45	LE	18	22	20	6	18	5																								
Malshaper Fleshwarper	Medium	Humanoid (Any Race)	7		https://drive.google.com/file/d/1YxCrJevrMZL4M4xqCkHSQ960D7PLr2R0/view	u/badooga1	112	15	30	NOT GOOD	14	16	16	14	17	12																								
The Worm That Walks, Avolakia	Large	Aberration	7		https://drive.google.com/file/d/1YxCrJevrMZL4M4xqCkHSQ960D7PLr2R0/view	u/badooga1	110	16	30, swim 40	NE	19	16	17	14	18	20																								
Troll, Cave	Large	Giant	7		https://drive.google.com/file/d/1YxCrJevrMZL4M4xqCkHSQ960D7PLr2R0/view	u/badooga1	136	15	30	CE	18	13	20	7	9	7																								
The Shape	Medium	Aberration	7		https://external-preview.redd.it/HNX6JWBgU5gp7BlSqtNTlUtzTPK0T4wo5RW9prNTfuI.png?auto=webp&s=345664346cc7cca7575afd996eec4b44ac640172	u/HoltaRoza	110	13	30	CE	25	9	18	11	8	12																								
Orc, Horde	Gargantuan	Humanoid	7		https://imgur.com/a/wOshIvV	u/aeyana	189	13	30	CE	22	12	16	7	11	10																								
Sorting Drone	Huge	Construct	7		https://preview.redd.it/kc3gwin7cha31.jpg?width=640&crop=smart&auto=webp&s=9abc53122de4312295ab6cee26aa0e71fd4d060d	u/CinderblockSally	149	15	40	LN	23	10	20	10	10	3																								
Kingsguard	Medium	Humanoid (Any Race)	7.00		https://preview.redd.it/qvvsn9rm3uy21.jpg?width=960&crop=smart&auto=webp&s=b9200a51b0334fc7b3e982c848a34adeedc2e536	u/Grimlore	150	18	30	LAWFUL	17	13	16	11	13	13																								
Loremaster	Medium	Humanoid (Any Race)	7.00		https://preview.redd.it/qvvsn9rm3uy21.jpg?width=960&crop=smart&auto=webp&s=b9200a51b0334fc7b3e982c848a34adeedc2e536	u/Grimlore	44	12	30	ANY	7	14	12	19	15	9																								
Werecats	Medium	Monstrosity	7.00		https://preview.redd.it/ye3wdfgbvzp11.png?width=640&crop=smart&auto=webp&s=e4edfd989867c4bbb9e3d3ee1aff7ea0d525460e	u/Jonoman3000	117	17	35, climb 25	CN	16	20	15	12	15	18																								
NPC, Azure Enchanter	Medium	Humanoid (Any Race)	7		https://www.reddit.com/r/monsteraday/comments/3pi58x/day_65_azure_sorcerers/	StoneStrix																																		
Ancient Chronomancer	Medium	Construct	7		https://www.reddit.com/r/monsteraday/comments/3rdrry/day_79_chronomancers/	StoneStrix																																		
Hobgoblin Stoneclaw	Medium	Humanoid (Goblinoid)	7		https://www.reddit.com/r/monsteraday/comments/61u59a/day_21_hobgoblin_stoneclaw/	1d6Adventurers																																		
Magmahawk	Medium	Elemental	7		https://www.reddit.com/r/monsteraday/comments/6505ng/day_33_magmahawk/	1d6Adventurers																																		
Latau	Large	Fiend	7		https://www.reddit.com/r/monsteraday/comments/6a7j4m/day_52_latau/	1d6Adventurers																																		
Wyvern, Plague	Large	Dragon	7		https://www.reddit.com/r/monsteraday/comments/6ata13/day_55_plague_wyvern/	1d6Adventurers																																		
Xanmu	Medium	Fiend	7		https://www.reddit.com/r/monsteraday/comments/6bjikl/day_57_xanmu/	1d6Adventurers																																		
Landu	Large	Fiend	7		https://www.reddit.com/r/monsteraday/comments/6bxw9b/day_59_landu/	1d6Adventurers																																		
“Size-of-a-Field” Mouse	Gargantuan	Monstrosity	7		https://www.reddit.com/r/monsteraday/comments/6juhzt/day_87_sizeofafield_mouse/	1d6Adventurers																																		
Cinder Beast	Large	Elemental	7		https://www.reddit.com/r/monsteraday/comments/6nb2cs/day_100_bonanza/	1d6Adventurers																																		
Giant Space Hamster, Great Horned	Large	Beast	7		https://www.reddit.com/r/monsteraday/comments/6nb2cs/day_100_bonanza/	1d6Adventurers																																		
Lycanthrope, Wereshark	Medium	Humanoid (Human)	7		https://www.reddit.com/r/monsteraday/comments/6pi18n/day_107_shark_week_wereshark/	1d6Adventurers																																		
NPC, Cultist, Plaguecaster	Medium	Humanoid (Any Race)	7		https://www.reddit.com/r/monsteraday/comments/6qy1we/day_112_plaguecaster_cultist/	1d6Adventurers																																		
Dryad, Terracotta	Medium	Fey	7.00		https://www.reddit.com/r/monsteraday/comments/74i0hl/day_159_terracotta_dryad/	1d6Adventurers																																		
Hellbug Archer	Medium	Monstrosity	7		https://www.reddit.com/r/monsteraday/comments/75ytce/day_164_hellbugs_2/	1d6Adventurers																																		
Witch, Sand	Medium	Fey	7		https://www.reddit.com/r/monsteraday/comments/7b7nai/day_181_sand_witch/	1d6Adventurers																																		
Penumbra of Spirits	Large	Undead	7		https://www.reddit.com/r/monsteraday/comments/7bfq26/day_182_penumbra_of_spirits/	1d6Adventurers																																		
NPC, Avatar of the Fire Mask	Large	Humanoid (Any Race)	7		https://www.reddit.com/r/monsteraday/comments/7etof1/day_193_avatar_of_the_fire_mask/	1d6Adventurers																																		
Animated Object, Trap	Small	Construct	7		https://www.reddit.com/r/monsteraday/comments/7f22mq/day_194_animated_trap/	1d6Adventurers																																		
NPC, Avatar of the Earth Mask	Medium	Humanoid (Any Race)	7		https://www.reddit.com/r/monsteraday/comments/7mwls1/day_220_avatar_of_the_earth_mask/	1d6Adventurers																																		
Elasmotherium	Huge	Beast	7		https://www.reddit.com/r/monsteraday/comments/7pi2mb/day_228_elasmotherium/	1d6Adventurers																																		
Boar Crocodile	Huge	Beast	7		https://www.reddit.com/r/monsteraday/comments/7rcinn/day_234_boar_crocodile/	1d6Adventurers																																		
Avatar of the Air Mask	Large	Elemental	7		https://www.reddit.com/r/monsteraday/comments/7umn88/day_244_avatar_of_the_air_mask/	1d6Adventurers																																		
Centaur, Aurochs	Large	Monstrosity	7		https://www.reddit.com/r/monsteraday/comments/7ypess/day_256_aurochs_centaur/	1d6Adventurers																																		
Owlconer	Medium	Fey	7		https://www.reddit.com/r/monsteraday/comments/82qw3n/day_268_owlconer/	1d6Adventurers																																		
NPC, Avatar of the Water Mask	Medium	Humanoid (Any Race)	7		https://www.reddit.com/r/monsteraday/comments/86newg/day_280_avatar_of_the_water_mask/	1d6Adventurers																																		
Nundu	Large	Monstrosity	7		https://www.reddit.com/r/monsteraday/comments/8d868c/day_298_nundu/	1d6Adventurers																																		
Oni of Wa, Skulls	Large	Giant	7		https://www.reddit.com/r/monsteraday/comments/8fd8ye/day_305_oni_of_wa/	1d6Adventurers																																		
Oni of Wa, Souls	Large	Giant	7		https://www.reddit.com/r/monsteraday/comments/8fd8ye/day_305_oni_of_wa/	1d6Adventurers																																		
Thanxolotl	Small	Dragon	7		https://www.reddit.com/r/monsteraday/comments/8l34sw/day_321_thanxalotl/	1d6Adventurers																																		
Hundghest	Large	Fiend	7		https://www.reddit.com/r/monsteraday/comments/8r4ps8/day_339_hundghest/	1d6Adventurers																																		
Baern of Yeenoghu	Medium	Character (Hill dwarf)	7		Ixor's Manual of Monstrous Findings (★★)	u/thorn1993	102	18	25	CE	18	12	16	12	10	16	WIS, CHA	Athletics, Deception, Intimidation	Poisonres	Darkvision 60	COmmon, Dwarvish	Dwarven Toughness, Normal Spellcasting																		
Caustic Ant, Queen	Large	Beast	7.00		Ixor's Manual of Monstrous Findings (★★)	u/thorn1993	171	15	30, climb 30	U	19	14	18	4	15	6	INT, WIS, CHA	Athletics, Survival	Acidimmu	Blindsight 60	None	Ant Pheromones, Heavy Lifter, Protect the Queen, Spider Climb, Vitriolic Innards																		
Skeleton Commander	Medium	Undead	7		Ixor's Manual of Monstrous Findings (★★)	u/thorn1993	130	20	30	LE	19	12	15	6	8	5	None	None	Bludgeoningweak, poisonimmu, exhaustionimmu, poisonedimmu	Darkvision 60	Alive	Corrupting Shroud, Valiant March																		
Wild Bibgy's Hand	Large	COnstruct	7		Ixor's Manual of Monstrous Findings (★★)	u/thorn1993	133	20	10, fly 60	CN	26	10	18	8	8	6	None	None	Poisonimmu, psychicimmu, blindedimmu, charmedimmu, deafenedimmu, exhaustionimmu, frightenedimmu, paralyzedimmu, petrifiedimmu, poisonedimmu	Blindsight 120	None	Magical Anomaly																		
Yugoloth, Echino	Large	Fiend (Yugoloth)	7		Ixor's Manual of Monstrous Findings (★★)	u/thorn1993	136	14	30, swim 30	NE	18	12	17	6	8	12	None	Athletics, Perception, Stealth	Coldres, fireres, lightningres, nonmagicalres, acidimmu, poisonimmu, poisonedimmu	Blindsight 60	Abyssal, Infernal, telepathy 120	Amphibious, Nauseating Aura																		
Leviathan, Gobul	Large	Dragon	7		Monster Hunter's Manual (★★★★)	u/Amellwind	133	15	30, swim 40	U	19	15	18	7	12	14	None	Perception, Stealth	Poisonedimmu, paralyzedimmu	Normal	None	Lure, Natural Camouflage, Amphibious																		
Wyvern, Bird, Yian Garuga	Large	Dragon	7		Monster Hunter's Manual (★★★★)	u/Amellwind	142	16	30, fly 30	U	15	21	18	14	12	7	INT	Perception, Acrobatics	None	Darkvision 120	None	Sensitive Ears, Flyby																		
Wyvern, Brute, Anjanath	Huge	Dragon	7		Monster Hunter's Manual (★★★★)	u/Amellwind	136	14	40	U	23	10	19	2	12	9	None	Perception	None	Normal	None	Keen Smell																		
Wyvern, Fanged, Dodogama	Large	Dragon	7		Monster Hunter's Manual (★★★★)	u/Amellwind	152	16	40	U	20	9	18	3	14	10	CON, CHA	None	None	Normal	None	Charge																		
Wyvern, Flying, Paolumu	Large	Dragon	7.00		Monster Hunter's Manual (★★★★)	u/Amellwind	142	16	30, fly 60	U	18	12	18	3	10	3	None	Acrobatics	None	Normal	None	Blind Panick																		
Wyvern, Flying, Seregios	Large	Dragon	7.00		Monster Hunter's Manual (★★★★)	u/Amellwind	147	15	40, fly 80	U	19	11	16	14	12	15	DEX, CON, WIS, CHA	Acrobatics, Perception	None	Darkvision 60	None	Bladed Scales Regrowth, Open WOund																		
Wyvern, Piscine, Cephalodrome	Huge	Dragon	7.00		Monster Hunter's Manual (★★★★)	u/Amellwind	175	17	30, burrow 40	U	20	12	23	9	10	7	None	Perception	None	Normal	None	Senstivie Ears, Keen Hearing																		
Dragon, Chromatic, Black, Young	Large	Dragon	7		Monster Manual	Wizards of the Coast	127	18	40, 80 fly, swim 40	CE	19	14	17	12	11	15	DEX, CON, WIS, CHA	Perception, Stealth	Acidimmu	Blindsight 10, darkvision 60	Draconic	Amphibious																		
Dragon, Metallic, Copper, Young	Large	Dragon	7		Monster Manual	Wizards of the Coast	119	17	40, climb 40, fly 80	CG	19	12	17	16	13	15	DEX, CON, WIS, CHA	Deception, Perception, Stealth	Acidimmu	Blindsight 30, darkvision 120	Common, Draconic	None																		
Drow Mage	Medium	Humanoid	7		Monster Manual	Wizards of the Coast	45	12	30	NE	9	14	10	17	13	12	None	Arcana, Deception, Perception, Stealth	None	Darkvision 120	Elvish, Undercommon	Fey Ancestry, Innate Spellcasting, Normal Spellcasting, Sunlight Sensitivity																		
Giant, Stone	Huge	Giant	7		Monster Manual	Wizards of the Coast	126	17	40	N	23	15	20	10	12	9	DEX, CON, WIS	Athletics, Perception	None	Darkvision 60	Giant	Stone Camouflage																		
Grick Alpha	Medium	Monstrosity	7		Monster Manual	Wizards of the Coast	75	18	30, climb 30	N	18	16	15	4	14	9	None	None	Nonmagicalres	Darkvision 60	None	Stone Camouflage																		
Mind Flayer	Medium	Aberration	7		Monster Manual	Wizards of the Coast	71	15	30	LE	11	12	12	19	17	17	INT, WIS, CHA	Arcana, Deception, Insight, Perception, Persuasion, Stealth	None	Darkvision 120,	Deep Speech, Undercommon, telepathy 120	Magic Resistance, Innate Spellcasting (Psionics)																		
Misc. Creature, Giant Ape	Huge	Beast	7.00		Monster Manual	Wizards of the Coast	157	12	40, climb 40	U	23	14	18	7	12	7	None	Athletics, Perception	None	Normal	None	None																		
Oni	Large	Giant	7		Monster Manual	Wizards of the Coast	110	16	30, fly 30	LE	19	11	16	14	12	15	DEX, CON, WIS, CHA	Arcana, Deception, Perception	None	Darkvision 60	Common, Giant	Innate Spellcasting, Magic Weapons, Regeneration																		
Shield Guardian	Large	Construct	7		Monster Manual	Wizards of the Coast	142	17	30	U	18	8	18	7	1		None	None	Poisonimmu, charmedimmu, exhaustionimmu, frightenedimmu, paralyzedimmu, poisonedimmu	Blindsight 10, darkvision 60	Any	Bound, Regeneration, Spell Storing																		
Slaad, Blue	Large	Aberration	7		Monster Manual	Wizards of the Coast	123	15	30	CN	20	15	18	7	7	9	None	Perception	Acidres, coldres, fireres, lightningres, thunderres	Darkvision 60	Own, telepathy 60	Magic Resistance, Regeneration																		
Yuan-Ti Abomination	Large	Monstrosity	7		Monster Manual	Wizards of the Coast	127	15	40	NE	19	16	17	17	15	18	None	Perception, Stealth	Poisonimmu, poisonedimmu	Darkvision 60	Abyssal, Common, Draconic	Shapechanger, Innate Spellcasting, Magic Resistance																		
Banshee, Bewailer	Medium	Undead	7		Monster Module (★★★★)	u/Jonoman3000	78	13	fly 40	CE	1	16	14	13	12	19	WIS, CHA	None	Coldimmu, necroticimmu, poisonimmu, acidres, fireres, lightningres, thunderres, nonmagicalres, charmedimmu, exhaustionimmu, frightenedimmu, grappledimmu, paralyzedimmu, petrifiedimmu, poisonedimmu, proneimmu, restrainedimmu	Darkvision 60	Common, Elvish	Detect Life, Ethereal Sight, Incorporeal Movement, Timed Etherealness																		
Cockatrice, Greater	Large	Monstrosity	7		Monster Module A-C	u/Jonoman3000	142	16	30, fly 60	CE	18	13	14	6	15	7																								
Demon, Armanite	Large	Fiend (Demon)	7		Mordenkainen's Tome of Foes	Wizards of the Coast	84	16	60	CE	21	18	21	8	12	13	None	None	Coldres, fireres, lightningres, poisonimmu, poisonedimmu	Darkvision 120	Abyssal, telepathy 120	Magic Resistance, Magic Weapons																		
Demon, Maurezhi	Medium	Fiend (Demon)	7		Mordenkainen's Tome of Foes	Wizards of the Coast	88	15	30	CE	14	17	12	11	12	15	None	Deception	Coldres, fireres, lightningres, necroticres, nonmagicalres, poisonimmu, charmedimmu, exhaustionimmu, poisonedimmu	Darkvision 120	Abyssal, Elvish, telepathy 120	Assume Form, Magic Resistance																		
Devil, Abishai, Black	Medium	Fiend (Devil)	7		Mordenkainen's Tome of Foes	Wizards of the Coast	58	15	30, fly 40	LE	14	17	14	13	16	11	DEX, WIS	Perception, Stealth	COldres, nonmagicalres, nonsilveredres, acidimmu, fireimmu, poisonimmu, poisonedimmu	Darkvision 120	Draconic, Infernal, telepathy 120	Devil's Sight, Magic Resistance, Magic Weapons, Shadow Stealth																		
Elemental Myrmidon, Air	Medium	Elemental	7		Mordenkainen's Tome of Foes	Wizards of the Coast	117	18	30, fly 30	N	18	14	14	9	10	10	None	None	Lightningres, thunderres, nonmagicalres, poisonimmu, paralyzedimmu, petrifiedimmu, poisonedimmu, proneimmu	Darkvision 60	Auran, Any	Magic Weapons																		
Elemental Myrmidon, Earth	Medium	Elemental	7		Mordenkainen's Tome of Foes	Wizards of the Coast	127	18	30	N	18	10	17	8	10	10	None	None	Nonmagicalres, poisonimmu, paralyzedimmu, petrifiedimmu, poisonedimmu, proneimmu	Darkvision 60	Terran, Any	Magic Weapons																		
Elemental Myrmidon, Fire	Medium	Elemental	7		Mordenkainen's Tome of Foes	Wizards of the Coast	123	18	40	N	13	18	15	9	10	10	None	None	Nonmagicalres, fireimmu, poisonimmu, paralyzedimmu, petrifiedimmu, poisonedimmu, proneimmu	Darkvision 60	Ignan, Any	Illumination, Magic Weapons, Water Susceptibility																		
Elemental Myrmidon, Water	Medium	Elemental	7		Mordenkainen's Tome of Foes	Wizards of the Coast	127	18	40, swim 40	N	18	14	15	8	10	10	None	None	Acidres, nonmagicalres, poisonimmu, paralyzedimmu, petrifiedimmu, poisonedimmu, proneimmu	Darkvision 60	Aquan, Any	Magic Weapons																		
Shadar-Kai Shadow Dancer	Medium	Humanoid (Elf)	7		Mordenkainen's Tome of Foes	Wizards of the Coast	71	15	30	N	12	16	13	11	12	12	DEX, CHA	Stealth	Necroticimmu, charmedimmu, exhaustionimmu	Darkvision 60	Common, Elvish	Fey Ancestry, Shadow Jump																		
Sorrowsworn, The Lost	Medium	Monstrosity	7		Mordenkainen's Tome of Foes	Wizards of the Coast	78	15	30	NE	17	12	15	6	7	5	None	Athletics	Darknessres	Darkvision 60	Common	None																		
Troll, Venom	Large	Giant	7		Mordenkainen's Tome of Foes	Wizards of the Coast	94	15	30	CE	18	13	20	7	9	7	None	Perception	Poisonimmu, poisonedimmu	Darkvision 60	Giant	Keen Smell, Poison Splash, Regeneration																		
Yugoloth, Dhergo	Medium	Fiend (Yugoloth)	7		Mordenkainen's Tome of Foes	Wizards of the Coast	119	15	30	NE	17	10	19	7	10	9	STR	None	Coldres, fireres, lightningres, nonmagicalres, acidimmu, poisonimmu, poisonedimmu	Blindsight 60, darkvision 60	Abyssal, Infernal, telepathy 60	Innate Spellcasting, Magic Resistance, Magic Weapons																		
Lizalfos Pack Leader	Medium	Humanoid (Lizalfos)	7		Plane Shift - Hyrule (★)	u/LeakyLicanthrope	55	18	40	CN	14	22	14	12	16	14	DEX, CON	Acrobatics, Perception, Stealth	None	Darkvision 120	Draconic	Hold Breath, Pack Tactics																		
Dragonsoul	Medium	Humanoid (Human)	7		Rise of Tiamat	Wizards of the Coast	110	16	30	NE	11	18	14	13	12	16	WIS	Deception, Stealth	Acidres, coldres, fireres, lightningres, poisonres	Normal	Common, Draconic, Infernal	Dragon Fanatic, Fanatic Advantage, Limited Flight, Pack Tactics																		
Golem, Magebane	Large	Construct	7.00		Single (★★)	u/LeVentNoir	93	20	30	N	20	13	16	15	12	10	None	Arcana, Perception	Nonmagicalres, forceimmu, necroticimmu, poisonimmu, blindedimmu, charmedimmu, deafenedimmu, frightenedimmu, paralyzedimmu, petrifiedimmu, poisonedimmu, stunnedimmu	Blindsight 60	Creator	Arcana Instability, Cantrip Immunity, Immutable Form, Mage Sense, Magic Resistance																		
Griffon, Alpha	Large	Monstrosity	7		Single (★★)	u/Zephyro7	170	16	30, fly 80	U	18	16	16	2	13	8	None	Athletics, Perception	None	Normal	None	Keen Sight																		
Arrowhawk, Elder	Large	Elemental	7		Skip's Guide to Monsters (★★)	u/Drewfro666	133	15	fly 60	N	18	21	18	10	13	13	None	Perception	Coldres, fireres, acidimmu, lightningimmu, poisonimmu, poisonedimmu	Darkvision 60	Auran	Dive Attack, Flyby, Keen Sight																		
Formian Myrmarch	Large	Monstrosity	7		Skip's Guide to Monsters (★★)	u/Drewfro666	152	16	40	LN	18	18	18	16	16	16	None	None	Fireres, lightningres, thunderres, coldimmu, poisonimmu, petrifiedimmu, poisonedimu	Normal	Common, FOrmian, Own	Hive Mind, Innate Spellcasting																		
GIant, Stone, Elder	Huge	Giant	7		Skip's Guide to Monsters (★★)	u/Drewfro666	126	17	40	N	23	15	20	10	12	15	DEX, CON, WIS	Athletics, Perception	None	Darkvision 60	Giant	Stone Camouflage, Innate Spellcasting																		
Half-Celestial	Medium	Celestial	7		Skip's Guide to Monsters (★★)	u/Drewfro666	127	20	30, fly 60	ANY GOOD	18	16	18	12	16	16	STR, CON, WIS, CHA	Insight, Perception, Persuasion, Religion	Acidres, coldres, lightningres, radiantres, nonmagicalres	Darkvision 60	Celestial, Common	Innate Spellcasting																		
Hell Hound, Nessian Warhound	Large	Fiend	7		Skip's Guide to Monsters (★★)	u/Drewfro666	133	17	50	LE	21	12	18	6	13	6	None	Perception	FIreimmu	Darkvision 60	Infernal	Keen hearing, Keen Smell, Pack Tactics																		
Inevitable, Kolyarut	Medium	COnstruct	7		Skip's Guide to Monsters (★★)	u/Drewfro666	123	17	30	LN	16	14	14	11	17	17	None	Insight, Perception, Persuasion	Nonmagicalres	Darkvision 60	AByssal, Celestial, Infernal, Any	Innate Spellcasting, Magic Resistance																		
Misc. Creature, Bear, Dire	Large	Beast	7		Skip's Guide to Monsters (★★)	u/Drewfro666	180	13	40	U	23	10	18	2	13	8	None	Perception	None	Normal	None	Keen Smell																		
Tendriculos	Huge	Plant	7		Skip's Guide to Monsters (★★)	u/Drewfro666	162	13	20	U	22	9	22	5	8	3	None	None	None	Normal	None	Regeneration																		
Tojanda, Elder	Large	Elemental	7		Skip's Guide to Monsters (★★)	u/Drewfro666	171	18	10, swim 90	N	18	13	19	10	12	9	None	Perception	Acidimmu, coldimmu, fireres, lightningres	Darkvision 60	Aquan	Shell																		
Giant, Thorn	Huge	Plant	7		Sprouting Chaos Player's Companion (★★)	u/Jonoman3000	126	17	30	NE	23	14	20	10	11	7	DEX, CON, WIS	Athletics, Perception, Stealth	None	Darkvision 60	Giant	Forest Camouflage, Thorny Hide																		
Skeleton, Giant	Huge	Undead	7		Tales from the Yawning Portal	Wizards of the Coast	115	17	30	NE	21	10	20	4	6	6	None	None	Bludgeoningweak, poisonimmu, exhaustionimmu, poisonedimmu	Darkvision 60	Giant	Evasion, Magic Resistance, Turn Immunity																		
Tokka the evil blue turtle	Medium	Humanoid	7	https://docs.google.com/document/d/1aP8xpNH5TszwhH_MKCoZrlcW6d2FLOewmSTx6WAB-bc/edit?tab=t.0	Virasco 2000	Shwifty_meme_lord	80	17	45	chaotic evil	18	16	14	6	9	8	STR, DEX	Animal Handling, Intimation	Slashingres, Piercingres, fearimmune	Normal	Common, Thieves Cant	None	18	5	FALSE	0	FALSE	2	1	0	14	FALSE	0	0	1	2	0	0	19.5	
Rahzar the evil puppy monster	Large	Monstrosity	7	https://docs.google.com/document/d/1z_fra4MkVdRrooz2piO6xCZersSbJz060tb7f9HAyic/edit?tab=t.0	Virasco 2000	Shwifty_meme_lord	90	13	45	chaotic evil	18	16	14	6	9	8	STR, DEX	Animal Handling, Intimation	Bludgeoningres, fearimmune, proneimmune	Normal	Common, Thieves Cant	None	18	5	FALSE	0	FALSE	1	2	0	14	FALSE	0	0	1	3	0	0	19.5	
Metalhead	Medium	Robot	7	https://docs.google.com/document/d/1_kzsKEAMJYnfTcJuicAQuWBTUkbCUmkC6iwOX-ngjME/edit?tab=t.0	Virasco 2000	Shwifty_meme_lord	225	19	30	Lawful Evil	20	16	10	6	10	6	DEX, STR	None	Lightningweak, Coldres, Fireres, Bludgeoningres, Poisonimmu, Slashingimmu, Piercingimmu	Normal	Common	None	29.5	5	FALSE	0	FALSE	3	3	1	0	FALSE	0	0	2	2	0	0	0	
phase 1 pink foot clan ninja	Medium	Humanoid	7	https://docs.google.com/document/d/1Cn68O2DB9j-QPiJOO36mgH1ecj1EPC_C1wxkpORb_oA/edit?tab=t.0	Virasco 2000	Shwifty_meme_lord	100	14	30	neutral evil	18	18	18	10	10	10	STR, DEX	Acrobatics, Stealth	Bludgeoningres, Slashingres	Normal	Common, Thieves Cant	None	13	4	FALSE	0	FALSE	2	0	0	0	FALSE	6	0	2	1	0	0	0	
Demon, Draegloth	Large	Fiend (Demon)	7		Volo's Guide to Monsters	Wizards of the Coast	123	15	30	CE	20	15	18	13	11	11	None	Perception, Stealth	COldres, fireres, lightningres, poisonimmu, poisonedimmu	Darkvision 120	Abyssal, Elvish, Undercommon	Fey Ancestry, Innate Spellcasting																		
Hag, Bheur	Medium	Fey	7		Volo's Guide to Monsters	Wizards of the Coast	91	17	30	CE	13	16	14	12	13	16	WIS	Nature, Perception, Stealth, Survival	Coldimmu	Darkvision 60	Auran, Common, Giant	Graystaff Magic, Ice Walk, Innate Spellcasting																		
Korred	Small	Fey	7		Volo's Guide to Monsters	Wizards of the Coast	102	17	30, burrow 30	CN	23	14	20	10	15	9	None	Athletics, Perception, Stealth	Nonmagicalres	Darkvision 120, tremorsense 120	Dwarvish, Gnomish, Sylvan, Terran, Undercommon	Command Hair, Innate Spellcasting, Stone Camouflage, Stone's Strength																		
NPC, Warlock of the Fiend	Medium	Humanoid (Any Race)	7		Volo's Guide to Monsters	Wizards of the Coast	78	12	30	ANY	10	14	15	12	12	18	WIS, CHA	Arcana, Deception, Persuasion, Religion	Nonmagicalres, nonsilveredres	Darkvision 60	Any	Innate SPellcasting, Normal Spellcasting, Dark One's Own Luck																		
Beauty Siren, Melusina	Medium	Monstrosity	8		Book of Beautiful Horrors (★★)	u/regerem	117	18	10, fly 40, swim 40	LE	16	17	14	11	16	17	DEX, INT, CHA	Deception, Performance, Religion	Lightningres, nonmagicalres	Normal	Aquan, Common	Lair, Innate Spellcasting, Normal Spellcasting, Clumsy Moves, Kraken's Blessing, Limited Amphibiousness, Legendary																		
Cockatrice, Great	Large	Monstrosity	8		Book of Beautiful Horrors (★★)	u/regerem	102	16	30, fly 60	U	14	20	16	4	13	6	DEX, CON	Perception	None	Darkvision 60	None	Agile Flyer, Fragile Inner Ear, Paralyzing Gaze																		
Hag, Grave	Medium	Fiend	8		Book of Beautiful Horrors (★★)	u/regerem	145	17	40	NE	18	15	18	14	14	18	None	Arcana, Perception, Stealth	Acidres, coldres, fireres, poisonres, nonmagicalres, nonsilveredres, frightenedimmu, poisonedimmu	Darkvision 120	Abyssal, Common, Primordial	Innate Spellcasting																		
Kikimore Queen	Huge	Monstrosity	8		Book of Beautiful Horrors (★★)	u/regerem	149	20	30. burrow 20	U	23	6	20	4	17	5	STR, CON	None	Poisonimmu, poisonedimmu, blindedimmu, exhaustionimmu, poisonedimmu	Blindsight 60, tremorsense 30	None	Pheromone Aura, Virulent Venom																		
NPC, Northlander, Berserker	Medium	Humanoid (Human)	8		Book of Beautiful Horrors (★★)	u/regerem	110	16	40	N	18	14	18	8	13	7	STR, CON	Athletics, Perception, Survival	None	Normal	Common, Own	Brute, Islander's Fortitude, Mariner, Unarmored Defense, Unbridled Rage, Seeing Red																		
Primal Beast, Bear	Huge	Fey	8		Book of Beautiful Horrors (★★)	u/regerem	136	16	40, swim 30	U	25	10	20	7	14	7	None	Perception	Charmedimmu, frightenedimmu	Normal	Sylvan	Keen Smell, Unstoppable																		
Vampire, Deathwail Alp	Medium	Undead	8		Book of Beautiful Horrors (★★)	u/regerem	82	18	60, climb 60	LE	16	23	16	14	10	16	DEX, CHA	Perception, Stealth	Necroticres, nonmagicalres	Darkvision 60	Common, Elvish	Innate Spellcasting, Shapechanger, Elusive, Vampire Weaknesses, Blood Addiction, Sunlight Hypersensitivity, Legendary																		
Vampire, Fleder, Proto	Large	Undead	8		Book of Beautiful Horrors (★★)	u/regerem	126	17	40	CE	20	18	20	3	16	10	None	Athletics, Perception, Stealth	Necroticres, nonmagicalres	Blindsight 60, darkvision 120	None	Agony Aura, Echolocation, Fear of Sunlight, Leap Attack, Spider Climb																		
Vampire, Vargheist	Large	Undead	8		Book of Beautiful Horrors (★★)	u/regerem	137	15	30, fly 70	CE	20	18	20	7	15	10	None	Perception, Stealth	Necroticres, nonmagicalres, frightenedimmu	Darkvision 120	Alive	Blood Frenzy, Dive Attack, Flyby, Sunlight Hypersensitivity																		
Wild Hunt, Easnadh Huntsman	Medium	Fey	8		Book of Beautiful Horrors (★★)	u/regerem	71	17	40	LE	15	20	14	10	14	14	DEX, CHA	Perception, Stealth, Survival	Nonmagicalres, nonsilveredres, coldimmu, charmedimmu, frightenedimmu	Darkvision 60	Elvish, Primordial, Sylvan	Innate Spellcasting, Frost Weapons, Relentless Power																		
Duergar Champion	Medium	Humanoid (Dwarf)	8		City and Wild (★★)	u/AeronDrake	102	18	25	LE	18	15	18	11	12	12	STR, CON	Athletics, Intimidation	Poisonres	Darkvision 120	Dwarvish, Undercommon	Duergar Resilience, Sunlight Sensitivity																		
Necrotic Slime	Huge	Ooze	8		Dark Arts Player's Companion (☪)	u/Jonoman3000	142	9	25, climb 25	CE	19	9	18	8	11	1	None	None	Acidimmu, coldimmu, lightningimmu, necroticimmu, slashingimmu, blindedimmu, charmedimmu, deafenedimmu, exhaustionimmu, frightenedimmu, proneimmu	Blindsight 60	None	Amorphous, Necrotic Form, Reanimator, Spider Climb																		
Dirty Colossus	Large	Monstrosity	8		Demon's Souls Compendium (★)	u/TectonicImprov	187	16	25	CE	19	10	17	8	10	6	STR, CON	None	Poisonimmu, fireweak	Normal	None	Expunged Swarm																		
Tower Knight	Huge	COnstruct	8		Demon's Souls Compendium (★)	u/TectonicImprov	143	18	25	LE	20	10	17	9	11	9	STR, CON	Athletics	Nonmagicalres, poisonres, acidres, coldres, fireres, necroticres, radiantres, poisonedimmu	Normal	Common	Kinks in the Armor, Siege Construct																		
Hoary Steed	Large	Fey	8		Epic Monsters (★)	u/Dave2oo8	106	20	90, fly 120	NE	20	12	18	6	14	12	STR, DEX, CON, WIS	Athletics, Perception	Coldres, nonmagicalres, charmedimmu, petrifiedimmu	Darkvision 120	Common, Elvish, Sylvan	Ethereal Stride, Flyby Attack, Keen Hearing, Limited Magic Resistance, Magic Weapons, Misty Breath, Protection from Good, Trampling Charge																		
Penanggalan	Small	Undead	8		Fighting Chance (r/d100)	u/The-Unapproachable	104	16	fly 40	ANY EVIL	10	16	16	11	13	18	DEX, WIS, CHA	Deception, Insight, Stealth	Nonmagicalres, necroticimmu, poisonimmu, charmedimmu, exhaustionimmu, poisonedimmu, proneimmu	Darkvision 60	Alive	Horrifying Visage, Penanggalan Weaknesses, Reattach, Sunlight Paralysis, Dense Vegetation, Shapechanger, Walk as the Living, Innate Spellcasting																		
Deepspawn	Huge	Aberration	8		Forgotten Realms Stat Blocks (★★★)	u/Drewfro666	152	14	20, swim 20	CE	19	12	17	17	16	4	INT, WIS	Perception, Stealth	Poisonimmu, poisonedimmu	Darkvision 60	Deep SPeech, Undercommon	Magic Resistance, Legendary																		
Dragon, Metallic, Song, Young	Large	Dragon	8		Forgotten Realms Stat Blocks (★★★)	u/Drewfro666	135	18	40, fly 80	CG	19	10	17	16	13	17	DEX, CON, WIS, CHA	Insight, Perception, Persuasion, Stealth	Lightningimmu, poisonimmu, poisonedimmu	Blindsight 30, darkvision 120, truesight 15	Common, Draconic	Shapechanger																		
Troll, War	Large	Giant	8		https://drive.google.com/file/d/1YxCrJevrMZL4M4xqCkHSQ960D7PLr2R0/view	u/badooga1	136	17	30	CE	18	13	20	10	9	7																								
Sahuagin, Sekoling Hellion	Medium	Fiend (Devil)	8		https://i.redd.it/cwq9ux1572b31.png	u/TheArenaGuy	102	16	30, swim 50	LE	20	16	18	14	17	14																								
Hobgoblin, Squad	Gargantuan	Humanoid	8.00		https://imgur.com/a/wOshIvV	u/aeyana	149	18	30	LE	18	12	12	10	10	9																								
White Band, Aravia the Hurricane	Medium	Humanoid	8		https://imgur.com/gallery/wRu122h	u/kinseki	110	19	40	LN	14	20	14	19	21	16																								
White Band, Boon Mage Vetan	Medium	Humanoid	8		https://imgur.com/gallery/wRu122h	u/kinseki	80	15	30	LN	10	16	14	19	21	16																								
White Band, Calavast Worldshaper	Medium	Humanoid	8		https://imgur.com/gallery/wRu122h	u/kinseki	150	17	40	LN	9	14	9	21	12	14																								
Idem	Small	Aberration	8.00		https://www.reddit.com/r/1d6Adventurers/comments/8t3ipn/bonus_day_345_idem/	1d6Adventurers																																		
Golem, Ice	Large	Construct	8.00		https://www.reddit.com/r/monsteraday/comments/3ovbhb/day_60_ice_golem/	StoneStrix																																		
Headless Horseman	Medium	Fiend	8.00		https://www.reddit.com/r/monsteraday/comments/3qq341/day_74_headless_horseman/	StoneStrix																																		
Sylvan Stalker	Medium	Plant	8		https://www.reddit.com/r/monsteraday/comments/3rnhq1/day_81_sylvan_stalker/	StoneStrix																																		
Stone Strix	Huge	Monstrosity	8		https://www.reddit.com/r/monsteraday/comments/3u3mkx/day_100_stone_strix/	StoneStrix																																		
Khalkotauroi	Large	Monstrosity	8		https://www.reddit.com/r/monsteraday/comments/5xvhnz/day_6_khalkotauroi/	1d6Adventurers																																		
Excremental	Huge	Aberration	8		https://www.reddit.com/r/monsteraday/comments/5yo9ur/day_10_excremental/	1d6Adventurers																																		
Devil, Quill	Large	Fiend	8.00		https://www.reddit.com/r/monsteraday/comments/5zsvw3/day_14_quill_devil/	1d6Adventurers																																		
Toybox Dungeon, Marionette	Large	Construct	8		https://www.reddit.com/r/monsteraday/comments/61480n/day_19_marionette/	1d6Adventurers																																		
Giant, Stone, Colossus Hunter	Huge	Giant	8		https://www.reddit.com/r/monsteraday/comments/6am1xl/day_54_stone_giant_colossus_hunter/	1d6Adventurers																																		
Cacus	Huge	Giant	8		https://www.reddit.com/r/monsteraday/comments/6dbole/day_64_cacus/	1d6Adventurers																																		
NPC, Fighter, Knight	Medium	Humanoid (Any Race)	8		https://www.reddit.com/r/monsteraday/comments/6inwbn/day_83_1d6_fighters/	1d6Adventurers																																		
Yuan-Ti Ignan	Large	Monstrosity	8		https://www.reddit.com/r/monsteraday/comments/6j38d7/day_85_yuanti_ignan/	1d6Adventurers																																		
NPC, Master Duelist	Medium	Humanoid (Any Race)	8		https://www.reddit.com/r/monsteraday/comments/6mgj5z/day_96_master_duelist/	1d6Adventurers																																		
Giant Space Hamster, Invisible	Large	Beast	8		https://www.reddit.com/r/monsteraday/comments/6nb2cs/day_100_bonanza/	1d6Adventurers																																		
Cyclops, Stone-Eyed	Huge	Giant	8		https://www.reddit.com/r/monsteraday/comments/6oq0gz/day_105_stoneeyed_cyclops/	1d6Adventurers																																		
Ogre, Hook Mountain	Large	Giant	8		https://www.reddit.com/r/monsteraday/comments/6regcp/day_114_hook_mountain_ogre/	1d6Adventurers																																		
Elemental, Ice	Large	Elemental	8		https://www.reddit.com/r/monsteraday/comments/6vl3yz/day_128_ice_elemental/	1d6Adventurers																																		
Golem, Shield	Large	Construct	8	https://homebrewery.naturalcrit.com/share/H19zFp1oZ	https://www.reddit.com/r/monsteraday/comments/71d9bd/day_148_shield_golem/	1d6Adventurers																																		
Wight, Dust	Medium	Undead	8		https://www.reddit.com/r/monsteraday/comments/72ueyp/day_153_dust_wight/	1d6Adventurers																																		
Hellbug Warrior	Large	Monstrosity	8		https://www.reddit.com/r/monsteraday/comments/75jab2/day_162_hellbugs/	1d6Adventurers																																		
Fossegrim	Medium	Fey	8.00		https://www.reddit.com/r/monsteraday/comments/7s7w2p/day_236_fossegrim/	1d6Adventurers																																		
Ubercorn	Large	Celestial	8		https://www.reddit.com/r/monsteraday/comments/7szt4n/day_239_ubercorn/	1d6Adventurers																																		
Hanged Man	Medium	Undead	8		https://www.reddit.com/r/monsteraday/comments/7xsqr4/day_254_hanged_man/	1d6Adventurers																																		
Jorogumo	Large	Monstrosity	8.00		https://www.reddit.com/r/monsteraday/comments/7z86yk/day_258_jorogumo/	1d6Adventurers																																		
Orc Deathsworn	Medium	Humanoid (Orc)	8		https://www.reddit.com/r/monsteraday/comments/82hqri/day_267_orc_deathsworn/	1d6Adventurers																																		
Desert Adder	Large	Beast	8		https://www.reddit.com/r/monsteraday/comments/84gbj5/day_273_desert_adder/	1d6Adventurers																																		
NPC, Headhunter	Medium	Humanoid (Any Race)	8		https://www.reddit.com/r/monsteraday/comments/87baam/day_281_headhunter/	1d6Adventurers																																		
Giganpig	Huge	Beast	8		https://www.reddit.com/r/monsteraday/comments/8b0x0f/day_291_giganpig/	1d6Adventurers																																		
Oni of Wa, Plagues	Large	Giant	8		https://www.reddit.com/r/monsteraday/comments/8fd8ye/day_305_oni_of_wa/	1d6Adventurers																																		
Bellboy	Medium	Construct	8		https://www.reddit.com/r/monsteraday/comments/8jxkg4/day_318_bellboy/	1d6Adventurers																																		
Duwaran	Large	Monstrosity	8		https://www.reddit.com/r/monsteraday/comments/8qw45t/day_338_duwaran/	1d6Adventurers																																		
Xorn, Elder	Large	Elemental	8.00		https://www.reddit.com/r/monsteraday/comments/8xseix/day_357_elder_xorn/	1d6Adventurers																																		
Bulette, Magma, Baby	Medium	Monstrosity	8		Ixor's Manual of Monstrous Findings (★★)	u/thorn1993	170	17	40, burrow 40	U	21	11	19	2	10	5	STR, CON, WIS	Perception	FIreimmu	Darkvision 60, tremorsense 60	None	Standing Leap, Stifling Heat, Tunneler																		
Diregran	Large	Dragon	8		Ixor's Manual of Monstrous Findings (★★)	u/thorn1993	126	16	20, fly 60, swim 40	U	21	14	20	9	10	11	None	Athletics, Intimidation, Perception	Fireres	Darkvision 60	Draconic	Flyby, Hold Breath, Keen Smell																		
Drake, Ember	Large	Dragon	8		Ixor's Manual of Monstrous Findings (★★)	u/thorn1993	199	16	40	CE	18	10	20	6	16	12	None	Perception, Stealth, Survival	Fireres	Normal	Draconic	None																		
Drake, Frostbite	Large	Dragon	8		Ixor's Manual of Monstrous Findings (★★)	u/thorn1993	210	14	40	LG	18	10	20	6	16	12	None	Perception, Stealth, Survival	Coldres	Normal	Draconic	None																		
Drake, Toxin	Large	Dragon	8		Ixor's Manual of Monstrous Findings (★★)	u/thorn1993	187	15	40	CE	18	12	16	6	14	10	None	Perception, Stealth, Survival	Poisonres	Normal	Draconic	None																		
Tlincalli Leader	Large	Monstrosity	8		Ixor's Manual of Monstrous Findings (★★)	u/thorn1993	152	16	40	NE	19	14	18	10	14	10	STR, WIS, CHA	Intimidation, Perception, Stealth, Survival	None	Darkvision 60	Tlincalli, Own	Brute, Wounded Fury																		
Wight Marksman	Medium	Undead	8		Ixor's Manual of Monstrous Findings (★★)	u/thorn1993	120	17	30	NE	13	20	16	12	14	15	None	Perception, Stealth	Necroticres, nonmagicalres, nonsilveredres, poisonimmu, charmedimmu, exhaustionimmu, poisonimmu	Darkvision 120	Alive	Sunlight Sensitivity																		
Yugoloth, Gacho	Large	Fiend (Yugoloth)	8		Ixor's Manual of Monstrous Findings (★★)	u/thorn1993	112	15	60, climb 60	NE	13	17	14	16	14	16	None	Deception, Intimidation, Stealth	Coldres, fireres, lightningres, nonmagicalres, acidimmu, poisonimmu, charmedimmu, poisonedimmu	Darkvision 120	Abyssal, Infernal, telepathy 60	Attack Shock, Innate Spellcasting, Magic Resistance, Nimble Escape, Spider Climb																		
NPC, Hitman	Medium	Humanoid (Any Race)	8	https://www.gmbinder.com/share/-M8CqWP2BL4GITsgyDM2#:~:text=Hitman	Modern Handbook (★★)	u/AeronDrake	78	16	30	NOT GOOD	11	16	14	13	11	10	DEX, INT	Acrobatics, Deception, Perception, Stealth	Piercingres	Normal	Common, Any	Assassinate, Evasion, Sneak Attack																		
Leviathan, Nibelsnarf	Huge	Dragon	8.00		Monster Hunter's Manual (★★★★)	u/Amellwind	152	17	30, burrow 30	U	18	15	17	13	12	14	DEX, CON, WIS	None	None	Tremorsense 60	None	Desert Camouflage																		
Wyvern, Bird, Gypceros	Large	Dragon	8.00		Monster Hunter's Manual (★★★★)	u/Amellwind	157	16	30, fly 30	U	18	16	20	10	12	14	CON, WIS, CHA	Performance, Deception	Lightningres, blindimmu	Normal	None	Feign Death																		
Wyvern, Fanged, Odogaron	Large	Dragon	8		Monster Hunter's Manual (★★★★)	u/Amellwind	161	16	50, climb 30	U	18	15	18	11	12	14	CON, WIS, CHA	Athletics, Acrobatics, Perception	Fireres	Darkvision 120	None	Rampage																		
Wyvern, Flying, Rathian	Huge	Dragon	8		Monster Hunter's Manual (★★★★)	u/Amellwind	133	16	40, fly 80	U	19	12	16	5	13	6	None	Acrobatics, Perception	Poisonimmu, fireres, charmedimmu, frightenedimmu, poisonedimmu	Darkvision 60	None	None																		
Cloaker	Large	Aberration	8		Monster Manual	Wizards of the Coast	78	14	10, fly 40	CN	17	15	12	13	12	14	None	Stealth	None	Darkvision 60	Deep Speech, Undercommon	Damage Transfer, False Appearance, Light Sensitivity																		
Demon, Hezrou	Large	Fiend (Demon)	8		Monster Manual	Wizards of the Coast	136	16	30	CE	19	17	20	5	12	13	STR, CON, WIS	None	Coldres, fireres, lightningres, nonmagicalres, poisonimmu, poisonedimmu	Darkvision 120	Abyssal, telepathy 120	Magic Resistance, Stench																		
Devil, Chain	Medium	Fiend (Devil)	8	https://www.dndbeyond.com/monsters/16822-chain-devil	Monster Manual	Wizards of the Coast	85	16	30	LE	18	15	18	11	12	14	CON, WIS, CHA	None	Coldres, nonmagicalres, nonsilveredres, fireimmu, poisonimmu, poisonedimmu	Darkvision 120	Infernal, telepathy 120	Devil's Sight, Magic Resistance																		"[{'name': ""Devil's Sight"", 'action_type': 'passive', 'attack_type': 'utility', 'notes': ""Magical darkness doesn't impede the devil's darkvision.""}, {'name': 'Magic Resistance', 'action_type': 'passive', 'attack_type': 'utility', 'notes': 'The devil has advantage on saving throws against spells and other magical effects.'}, {'name': 'Chain', 'action_type': 'action', 'attack_type': 'melee_attack', 'hit_modifier': 8, 'range': 10, 'damage': '2d6 + 4', 'damage_type': 'slashing', 'notes': ""The target is grappled (escape DC 14) if the devil isn't already grappling a creature. Until this grapple ends, the target is restrained and takes 7 (2d6) piercing damage at the start of each of its turns.""}, {'name': 'Animate Chains', 'action_type': 'rechargeable_action', 'attack_type': 'utility', 'notes': ""Up to four chains the devil can see within 60 feet of it magically sprout razor-\xadedged barbs and animate under the devil's control, provided that the chains aren't being worn or carried.Each animated chain is an object with AC 20, 20 hit points, resistance to piercing damage, and immunity to psychic and thunder damage. When the devil uses multiattack on its turn, it can use each animated chain to make one additional chain attack. An animated chain can grapple one creature of its own but can't make attacks while grappling. An animated chain reverts to its inanimate state if reduced to 0 hit points or if the devil is incapacitated or dies.""}, {'name': 'Unnerving Mask', 'action_type': 'passive', 'attack_type': 'saving_throw', 'save_dc': 14, <ActionKeyEnums.SAVE_STAT: 'save_stat'>: 'WIS', 'range': 30, 'notes': ""When a creature the devil can see starts its turn within 30 feet of the devil, the devil can create the illusion that it looks like one of the creature's departed loved ones or bitter enemies. If the creature can see the devil, it must succeed on a DC 14 Wisdom saving throw or be frightened until the end of its turn.""}, {'name': 'Swallow', 'notes': ""The troll makes a bite attack against a creature it is grappling. If the attack hits, the target is swallowed, and the grapple ends. The swallowed creature is blinded and restrained, it has total cover against attacks and other effects outside the troll and it takes 10 (3d6) acid damage at the start of each of the troll's turns.The troll's gullet can hold one creature at a time. If the troll takes 20 damage or more on a single turn from a creature inside it, the troll must succeed on a DC 20 Constitution saving throw at the end of that turn or regurgitate the swallowed creature, which falls prone in a space within 10 feet of the troll. If the troll dies, a swallowed creature is no longer restrained by it and can escape from the corpse using 10 feet of movement, exiting prone. ""}, {'name': 'Multiattack', 'action_type': 'passive', 'attack_type': 'utility', 'notes': 'The devil makes two attacks with its chains.'}]"
Dinosaur, Tyrannosaurus Rex	Huge	Beast	8		Monster Manual	Wizards of the Coast	136	13	50	U	25	10	19	2	12	9	None	Perception	None	Normal	None	None																		
Dragon, Chromatic, Green, Young	Large	Dragon	8		Monster Manual	Wizards of the Coast	136	18	40, fly 80, swim 40	LE	19	12	17	16	13	15	DEX, CON, WIS, CHA	Deception, Perception, Stealth	Poisonimmu, poisonedimmu	Blindsight 60, darkvision 120	Common, Draconic	Amphibious																		
Dragon, Metallic, Bronze, Young	Large	Dragon	8		Monster Manual	Wizards of the Coast	142	18	40, fly 80, swim 40	LG	21	10	19	14	13	17	DEX, CON, WIS, CHA	Insight, Perception, Stealth	Lightningimmu	Blindsight 30, Darkvision 120	Common, Draconic	Amphibious																		
Drow Priestess of Lolth	Medium	Humanoid	8		Monster Manual	Wizards of the Coast	71	16	30	NE	10	14	12	13	17	18	CON, WIS, CHA	Insight, Perception, Religion, Stealth	None	Darkvision 120	Elvish, Undercommon	Fey Ancestry, Innate Spellcasting, Normal Spellcasting, Sunlight Sensitivity																		
Fomorian	Huge	Giant	8		Monster Manual	Wizards of the Coast	149	14	30	CE	23	10	20	9	14	6	None	Perception, Stealth	None	Darkvision 120	Giant, Undercommon	None																		
Giant, Frost	Huge	Giant	8		Monster Manual	Wizards of the Coast	138	15	40	NE	23	9	21	9	10	12	CON, WIS, CHA	Athletics, Perception	Coldimmu	Normal	Giant	None																		
Githyanki Knight	Medium	Humanoid	8.00		Monster Manual	Wizards of the Coast	91	18	30	LE	16	14	15	14	14	15	CON, INT, WIS	None	None	Normal	Own	Innate Spellcasting																		
Hydra	Huge	Monstrosity	8		Monster Manual	Wizards of the Coast	172	15	30, swim 30	U	20	12	20	2	10	7	None	Perception	None	Darkvision 60	None	Hold Breath, Multiple Heads, Reactive Heads, Wakeful																		
Naga, Spirit	Large	Monstrosity	8		Monster Manual	Wizards of the Coast	75	15	40	CE	18	17	14	16	15	16	DEX, CON, INT, WIS, CHA	None	Poisonimmu, charmedimmu, poisonedimmu	Darkvision 60	Abyssal Common	Rejuvenation, Normal Spellcasting																		
NPC, Assassin	Medium	Humanoid	8.00		Monster Manual	Wizards of the Coast	78	15	30	NOT GOOD	11	16	14	13	11	10	DEX, INT	Acrobatics, Deception, Perception, Stealth	Poisonres	Normal	Thieves' Cant, Any	Assassinate, Evasion, Sneak Attack																		
Slaad, Green	Large	Aberration	8		Monster Manual	Wizards of the Coast	127	16	30	CN	18	15	16	11	8	12	None	Arcana, Perception	Acidres, coldres, fireres, lightningres, thunderres	Blindsight 30, darkvision 60	Own, telepathy 60	Shapechanger, Innate Spellcasting, Magic Resistance, Regeneration																		
Aaracokra Priest of Aerdrie	Medium	Humanoid	8		Monster Module (★★★★)	u/Jonoman3000	71	14	20, fly 50	NG	9	15	14	13	20	14	WIS, CHA	Perception, Insight, History, Religion	None	Normal	Aaracokra, Own, Auran	Bleesing of Aerdrie, Innate Spellcasting, Normal Spellcasting																		
Angel, Valkyrie	Medium	Celestial	8.00		Monster Module (★★★★)	u/Jonoman3000	76	20	30, fly 90	LG	18	17	18	17	18	20	WIS, CHA	Insight, Perception, Persuasion, Stealth	Radiantres, nonmagicalres, charmedimmu, exhaustionimmu, frightenedimmu	Darkvision 120	All, telepathy 120	Angelic Vengeance, Angelic Weapons, Divine Blessing, Magic Resistance, Innate SPellcasting																		
Centaur Knight	Large	Monstrosity	8		Monster Module A-C	u/Jonoman3000	119	19	60	LG	20	15	17	13	14	16																								
Cyclops, Primal	Huge	Giant	8		Monster Module A-C	u/Jonoman3000	149	16	40	N	24	11	21	6	7	10																								
Corpse Flower	Large	Plant	8	https://5e.tools/bestiary/corpse-flower-mtf.html	Mordenkainen's Tome of Foes	Wizards of the Coast	127	12	20, climb 20	CE	14	14	16	7	15	3	None	None	Blindedimmu, deafenedimmu	Blindsight 120	None	Corpses, Spider Climb, Stench of Death																		
Deathlock Mastermind	Medium	Undead	8		Mordenkainen's Tome of Foes	Wizards of the Coast	110	13	30	NE	11	16	12	15	12	17	INT, CHA	Arcana, History, Perception	Necroticres, nonmagicalres, nonsilveredres, poisonimmu, exhaustionimmu, poisonedimmu	Darkvision 120	Any	Innate Spellcasting, Normal Spellcasting, Turn Resistance																		
Howler	Large	Fiend	8		Mordenkainen's Tome of Foes	Wizards of the Coast	90	16	40	CE	17	16	15	5	20	6	None	Perception	Coldres, fireres, lightningres, nonmagicalres, frightenedimmu	Darkvision 60	Abyssal	Pack Tactics																		
Sword Wraith Commander	Medium	Undead	8		Mordenkainen's Tome of Foes	Wizards of the Coast	127	18	30	LE	18	14	18	11	12	14	None	Perception	Necroticres, nonmagicalres, poisonimmu, exhaustionimmu, frightenedimmu, poisonedimmu, unconsciousimmu	Darkvision 60	Any	Martial Fury, Turning Defiance																		
Yugoloth, Cano	Medium	Fiend (Yugoloth)	8		Mordenkainen's Tome of Foes	Wizards of the Coast	120	16	50	NE	18	10	17	5	17	12	None	Investigation, Perception	Coldres, fireres, lightningres, nonmagicalres, acidimmu, poisonimmu, poisonedimmu	Darkvision 60, truesight 120	Abyssal, Infernal, telepathy 60	Dimensional Lock, Magic Resistance, Magic Weapons, Uncanny Senses																		
Archon, Hound, Hero	Medium	Celestial	8		Skip's Guide to Monsters (★★)	u/Drewfro666	104	18	40	LG	16	11	14	10	13	16	None	Insight, Perception	Lightningres, radiantres, nonmagicalres	Darkvision 60	All	Magic Resistance, Normal Spellcasting																		
Delver	Huge	Aberration	8		Skip's Guide to Monsters (★★)	u/Drewfro666	161	19	30, burrow 10	N	25	13	21	14	14	12	None	None	Acidimmu	Darkvision 60, tremorsense 60	Terran, Undercommon	COrrosive Slime																		
Demon, Hezrou, Spellcaster	Large	Fiend (Demon)	8		Skip's Guide to Monsters (★★)	u/Drewfro666	136	16	30	CE	19	17	20	5	12	13	STR, CON, WIS	None	Coldres, fireres, lightningres, nonmagicalres, poisonimmu, poisonedimmu	Darkvision 120	Abyssal, telepathy 120	Magic Resistance, Stench, Innate Spellcasting																		
Devil, Fury	Medium	FIend (Devil)	8		Skip's Guide to Monsters (★★)	u/Drewfro666	90	16	20, fly 60	LE	16	16	16	12	14	16	DEX, CON, WIS, CHA	None	Coldres, nonmagicalres, fireimmu, poisonimmu, poisonedimmu	Truesight 120	Infernal, telepathy 120	Innate Spellcasting, magic Resistance, Magic Weapons																		
Hydra, Cryo	Huge	Monstrosity	8		Skip's Guide to Monsters (★★)	u/Drewfro666	172	15	30, swim 30	U	20	12	20	2	10	7	None	Perception	Coldres	Darkvision 60	None	Hold Breath, Multiple Heads, Reactive Heads, Wakeful																		
Hydra, Pyro	Huge	Monstrosity	8		Skip's Guide to Monsters (★★)	u/Drewfro666	172	15	30, swim 30	U	20	12	20	2	10	7	None	Perception	Fireres	Darkvision 60	None	Hold Breath, Multiple Heads, Reactive Heads, Wakeful																		
Lycanthrope, Wereboar, Hill Giant	Huge	Giant	8		Skip's Guide to Monsters (★★)	u/Drewfro666	178	13	40	NE	21	8	19	5	9	6	None	Perception	Nonmagicalimmu, nonsilveredimmu	Normal	GIant	Shapechanger, Charge, Relentless																		
Misc. Creature, Centipede, Monstrous, Garg.	Gargantuan	Beast	8		Skip's Guide to Monsters (★★)	u/Drewfro666	184	15	40, climb 40	U	21	14	12	1	7	3	None	None	None	Blindsight 30	None	None																		
Misc. Creature, Tiger, Dire	Large	Beast	8		Skip's Guide to Monsters (★★)	u/Drewfro666	182	15	40	U	21	15	15	4	12	10	None	Perception, Stealth	None	Normal	None	Keen Smell, Pounce																		
Sphinx, Crio	Large	Monstrosity	8		Skip's Guide to Monsters (★★)	u/Drewfro666	161	16	40, fly 60	N	21	10	18	10	10	10	None	Intimidation, Perception	None	Darkvision 60	Common, Sphinx	None																		
Sphinx, Hieraco	Large	Monstrosity	8		Skip's Guide to Monsters (★★)	u/Drewfro666	161	16	40, fly 60	CE	21	10	18	6	10	10	None	Intimidation, Perception	None	Darkvision 60	Common, Sphinx	None																		
Troll, Hunter	Large	Giant	8.00		Skip's Guide to Monsters (★★)	u/Drewfro666	168	15	30	CE	20	13	20	10	14	10	None	Perception, Stealth, Survival	None	Darkvision 60	Giant	Keen Smell, Regenreation																		
Xorn, Elder	Large	Elemental	8.00		Skip's Guide to Monsters (★★)	u/Drewfro666	137	20	20, burrow 20	N	19	10	24	11	10	11	None	Perception, Stealth	Nonmagicalres, nonadamantineres	Darkvision 60, tremorsense 60	Terran	Earth Glide, Stone Camouflage, Treasure Sense																		
Colour Out Of Space	Huge	Ooze	8.00		Through the Ice and Snow (★)	u/LordMediocre	172	17	30, fly 50	CN	6	25	21	19	22	22	None	Acrobatics, Nature, Perception, Religion	Acidimmu, coldimmu, fireimmu, poisonimmu, thunderimmu, forceweak, blindedimmu, charmedimmu, deafenedimmu, exhaustionimmu, frightenedimmu, paralyzedimmu, poisonedimmu, proneimmu	Blindsight 120	Deep Speech	Amorphous, Aura of lassitude, Feed																		
Misc. Creature, Walrus, Emperor	Gargantuan	Beast	8.00		Through the Ice and Snow (★)	u/LordMediocre	155	13	20, swim 60	U	30	9	21	2	15	6	DEX, CON	Athletics, Perception	None	Normal	None	Hold Breath																		
Zombie, Tyrannosaurus	Huge	Undead	8		Tomb of Annihilation	Wizards of the Coast	136	11	40	U	25	6	19	1	3	5	None	None	Poisonimmu, poisonedimmu	Darkvision 60	None	Disgorge Zombie, Undead Fortitude																		
calculus monster, CRA	Huge	Monstrosity	8	https://docs.google.com/document/d/1ie3GLYkp2qjGO3Pz_trP-QyKvLroA4ys1RFAEi01NOY/edit?tab=t.0	Virasco 2000	Shwifty_meme_lord	200	17	30	chaotic evil	22	22	18	25	10	6	STR, DEX, INT	None	Radiantweak, Fireres, Necroticres, Bludgeoningres, Slashingres, Piercingres, Necroticres, Forceres, Thunderres, Lightningres, Psychicimmu	Normal	Common	None	29	5	FALSE	0	FALSE	9	1	1	16	FALSE	0	0	5	2	0	0	0	
Demon, Shoosuva	Large	Fiend (Demon)	8.00		Volo's Guide to Monsters	Wizards of the Coast	110	14	40	CE	18	13	17	7	14	9	DEX, CON, WIS	None	COldres, fireres, lightningres, nonmagicalres, poisonimmu, charmedimmu, frightenedimmu, poisonedimmu	Darkvision 60	Abyssal, Gnoll, telepathy 120	Rampage																		
NPC, Blackguard	Medium	Humanoid (Any Race)	8		Volo's Guide to Monsters	Wizards of the Coast	153	18	30	NOT GOOD	18	11	18	11	14	15	WIS, CHA	Athletics, Deception, Intimidation	None	Normal	Any	Normal Spellcasting																		
NPC, Diviner	Medium	Humanoid (Any Race)	8		Volo's Guide to Monsters	Wizards of the Coast	67	12	30	ANY	9	14	11	18	12	11	INT, WIS	Arcana, History	None	Normal	Any	Normal Spellcasting, Portent																		
Beast, Space, Whale	Gargantuan	Beast	9	https://www.gmbinder.com/share/-LSNMh6eX2Cm0VdsuZTr#:~:text=Space%20Whale	All the Lights in the Sky Are Stars	u/aeyana	232	15	fly 60	U	23	10	21	3	12	7																								
NPC, Myth Breaker	Medium	Humanoid (Any Race)	9	https://drive.google.com/file/d/0BwRBp4t9A8LbWjRUT0IzM2RfcGs/view?resourcekey=0-lA_Fe3jgtYGUiQ2AJtwz3Q	Arcane Artillery (☪★★★)	u/ZowJr	99	18	43	ANY	10	20	12	16	14	14	DEX, CHA	Perception, Insight, Survival	None	Blindsight 30, tremorsense 30	Any	Gun Expert, Firearm Flourishes, Luck of the Craft																		
Vampire, Bruxa	Medium	Undead	9		Book of Beautiful Horrors (★★)	u/regerem	119	17	30, fly 30	LE	18	20	18	16	14	22	DEX, WIS, CHA	Deception, Perception, Persuasion, Stealth	Necroticres, nonmagicalres	Darkvision 60	Common, Elvish, Sylvan, telepathy 120	Innate Spellcasting, Regeneration, Shapechanger, Vampire Weaknesses, Blood Addiction, Sunlight Hypersensitivity																		
Vampire, Bruxa Night Mother	Medium	Undead	9		Book of Beautiful Horrors (★★)	u/regerem	119	17	30, fly 30	LE	18	20	18	16	14	22	DEX, WIS, CHA	Deception, Perception, Persuasion, Stealth	Necroticres, nonmagicalres	Darkvision 60	Common, Elvish, Sylvan, telepathy 120	Innate Spellcasting, Regeneration, Shapechanger, Vampire Weaknesses, Blood Addiction, Sunlight Hypersensitivity, Normal Spellcasting																		
Warp Touched, Spawn	Large	Aberration	9		Book of Beautiful Horrors (★★)	u/regerem	157	14	30	CE	20	16	20	3	8	8	STR, CON	Perception	FIreres, lightningres, poisonimmu, charmedimmu, frightenedimmu, paralyzedimmu, poisonedimmu, proneimmu	Darkvision 60	Deep Speech	Otherworldly Presence, Warp Form, magic Resistance																		
Wild Hunt, Red Rider	Medium	Fey	9		Book of Beautiful Horrors (★★)	u/regerem	97	18	30	LE	18	19	14	13	13	16	DEX, CON, CHA	Intimidation, Perception	Nonmagicalres, nonsilveredres, coldimmu, charmedimmu, frightenedimmu	Darkvision 60	Elvish, Primordial, Sylvan	Innate Spellcasting, Frost Weapons, Unicorn Slayer																		
Drow Assassin	Medium	Humanoid (Elf)	9		City and Wild (★★)	u/AeronDrake	97	17	30	NE	13	20	15	13	10	12	DEX, INT	Acrobatics, Deception, Perception, Stealth	None	Darkvision 120	Elvish, Undercommon	Assassinate, Evasion, Fey Ancestry, Innate Spellcasting, Sneak Attack, Sunlight Sensitivity																		
Golem, Alchemical	Large	Construct	9		City and Wild (★★)	u/AeronDrake	157	16	30	U	20	9	20	3	11	1	None	None	Acidimmu, poisonimmu, psychicimmu, nonmagicalmimmu, nonadamantineimmu, charmedimmu, exhaustedimmu, frightenedimmu, paralyzedimmu, petrifiedimmu, poisonedimmu	Darkvision 120	Creator	Immutable Form, Magic Resistance, Magic Weapons																		
Orc Warlord of Gruumsh	Large	Humanoid (Orc)	9		City and Wild (★★)	u/AeronDrake	126	16	30	CE	20	12	20	11	12	17	STR, CON	Athletics, Intimidation	None	Darkvision 60	Common, Orc	Aggressive, Gruumsh's Fury																		
Fleshfiend	Large	Fiend	9		Dark Arts Player's Companion (☪)	u/Jonoman3000	127	14	30, fly 60	LE	17	14	16	15	12	11	DEX, WIS	None	Poisonimmu, coldres, fireres, lightningres, nonmagicalres, poisonedimmu	Darkvision 120	Abyssal, telepathy 120	Creator and Destroyer, Alpha and Omega, Deific Demand, Gestation, Offering to the Infinite																		
Braxat	Large	Monstrosity	9		Dark Sun Stat Blocks (★)	u/Auquid	150	18	40	NE	29	13	25	17	14	13	STR, CON, INT, WIS, CHA	Perception	Nonmagicalres	Darkvision 60	Own, Common	Innate Spellcasting																		
Flamelurker	Large	Beast	9		Demon's Souls Compendium (★)	u/TectonicImprov	150	16	40	CE	18	17	15	10	12	10	STR, DEX	Athletics, Acrobatics	Nonmagicalres, fireimmu	Normal	Dwarvish	Hot Aura, Relentless, Incredible Leaping																		
Demon, Schilid	Huge	Fiend (Demon)	9		Demons, Lot of Demons (★★★★)	u/dgscott	139	19	25	CE	22	8	28	8	10	6	STR, CON	None	Coldres, fireres, lightningres, nonmagicalres, poisonimmu, poisonedimmu, proneimmu	Darkvision 60	Abyssal, telepathy 120	Magic Resistance, Siege Monster																		
Githyanki Lichblade	Medium	Humanoid	9		Fighting Chance (r/d100)	u/The-Unapproachable	104	17	30	LE	16	14	14	14	14	18	INT, WIS, CHA	Arcana, Religion, Stealth	Psychicres	Devil's Sight 120	Own, Infernal	Disrupt Divinity, Pact of the Lich-Queen, Psychic SInkhole, Innate Psionics, Normal Spellcasting																		
Oozeworm	Large	Ooze	9		Fighting Chance (r/d100)	u/The-Unapproachable	102	13	20, climb 20, swim 20, burrow 20	LE	16	8	16	7	6	6	None	Perception, Survival	Acidimmu, coldimmu, lightningimmu, blindedimmu, deafenedimmu, exhaustedimmu, proneimmu	Blindsihgt 90	None	Amorphous, COrrosive Form, Shapechanger, Spider Climb, Psionic Stauration, Innate Psionics																		
Slitherslime	Large	Ooze	9		Fighting Chance (r/d100)	u/The-Unapproachable	114	14	20, climb 20, swim 30, burrow 10	NE	18	8	18	6	6	7	None	Athletics, Perception, Survival	Acidimmu, coldimmu, lightningimmu, poisonimmu, blidnedimmu, deafanedimmu, exhaustedimmu, poisonedimmu, proneimmu	Blindsight 60, darkvision 90	None	Amorphous, COrrosive Form, Shapechanger, Spider Climb, Psionic Stauration, Innate Psionics																		
Dragon, Chromatic, Brown, Young	Large	Dragon	9		Forgotten Realms Stat Blocks (★★★)	u/Drewfro666	152	17	40, burrow 40	NE	21	10	19	14	13	17	DEX, CON, WIS, CHA	Perception, Stealth	Acidimmu	Blindsight 30, tremorsense 240, darkvision 120	Common, Draconic	None																		
Dragon, Chromatic, Deep, Young	Large	Dragon	9		Forgotten Realms Stat Blocks (★★★)	u/Drewfro666	152	18	40, burrow 20, fly 80, swim 30	CE	21	10	19	18	15	18	DEX, CON, WIS, CHA	Perception, Stealth	Coldres, fireres, charmedimmu	Blindsight 30, truesight 120	Draconic, Undercommon	Sense Magic, Shapechanger																		
Dragon, Chromatic, Fang, Young	Large	Dragon	9		Forgotten Realms Stat Blocks (★★★)	u/Drewfro666	152	18	40, fly 80	CN	21	10	19	12	11	15	DEX, CON, WIS, CHA	Perception, Stealth	None	Blindsight 30, darkvision 120	Common, Draconic	Sense Magic, Mimicry																		
Golem, Gemstone, Emerald	Large	Construct	9	https://www.5esrd.com/database/creature/golem-smaragdine-3pp/	Forgotten Realms Stat Blocks (★★★)	u/Drewfro666	171	17	30	U	21	12	19	10	12	1	None	None	Poisonimmu, psychicimmu, nonmagicalimmu, charmedimmu, exhaustionimmu, frightenedimmu, paralyzedimmu, petrifiedimmu, poisonedimmu	Normal	Common, Own	Emerald Gates, Immutable FOrm, Magic Resistance, Magic Weapons																		
Golem, Gemstone, Ruby	Large	Construct	9		Forgotten Realms Stat Blocks (★★★)	u/Drewfro666	152	16	30	U	19	12	18	10	12	1	None	None	Poisonimmu, psychicimmu, nonmagicalimmu, charmedimmu, exhaustionimmu, frightenedimmu, paralyzedimmu, petrifiedimmu, poisonedimmu	Normal	Common, Own	Immutable Form, Magic Resistance, Magic Weapons, Regeneration																		
Treant, Darktree	Huge	Plant	9		Forgotten Realms Stat Blocks (★★★)	u/Drewfro666	138	16	10	NE	23	8	21	12	16	12	None	None	Bludgeoningres, piercingres, coldweak, fireres	Normal	Common, Druidic, Elvish, Sylvan	False Appearance, Siege Monster, Confusion																		
Assassin, Waterveiled	Large	Elemental	9		https://drive.google.com/file/d/1YxCrJevrMZL4M4xqCkHSQ960D7PLr2R0/view	u/badooga1	114	15	30, swim 90	N	20	20	18	8	14	8																								
Chaos Spawn	Large	Aberration	9		https://drive.google.com/file/d/1YxCrJevrMZL4M4xqCkHSQ960D7PLr2R0/view	u/badooga1	102	13	fly 40, swim 40	CN	1	17	16	11	14	17																								
Corrupture	Huge	Ooze	9		https://drive.google.com/file/d/1YxCrJevrMZL4M4xqCkHSQ960D7PLr2R0/view	u/badooga1	147	14	20, climb 20, swim 20	U	18	6	19	1	6	1																								
Deathshrieker	Medium	Undead	9		https://drive.google.com/file/d/1YxCrJevrMZL4M4xqCkHSQ960D7PLr2R0/view	u/badooga1	104	15	fly 60	CE	6	20	16	12	14	17																								
The Worm That Walks, Blessed Spawn	Large	Undead	9		https://drive.google.com/file/d/1YxCrJevrMZL4M4xqCkHSQ960D7PLr2R0/view	u/badooga1	138	16	40, climb 40	CE	20	13	23	3	8	14																								
Wrath, Dread	Large	Undead	9		https://drive.google.com/file/d/1YxCrJevrMZL4M4xqCkHSQ960D7PLr2R0/view	u/badooga1	142	15	fly 60	NE	6	18	18	12	14	15																								
Lycanthrope, Werewolf Alpha	Medium	Humanoid (Human)	9		https://www.reddit.com/r/monsteraday/comments/3rsad4/day_82_werewolf_alpha/	StoneStrix																																		
Toybox Dungeon, Jack, in-a-box	Tiny	Construct	9		https://www.reddit.com/r/monsteraday/comments/61b7sz/day_20_jack_inabox/	1d6Adventurers																																		
Aswang	Large	Fey	9		https://www.reddit.com/r/monsteraday/comments/67ipzr/day_42_aswang/	1d6Adventurers																																		
NPC, Mime	Medium	Humanoid (Any Race)	9		https://www.reddit.com/r/monsteraday/comments/6bqtdr/day_58_mime/	1d6Adventurers																																		
Knight, Silent	Medium	Fey	9		https://www.reddit.com/r/monsteraday/comments/6cwmi7/day_62_silent_knight/	1d6Adventurers																																		
NPC, Barbarian, Storm Herald	Medium	Humanoid (Any Race)	9		https://www.reddit.com/r/monsteraday/comments/6d46lb/day_63_1d6_barbarians/	1d6Adventurers																																		
NPC, Bard, College of Glamour	Medium	Humanoid (Any Race)	9		https://www.reddit.com/r/monsteraday/comments/6eh2hd/day_68_1d6_bards/	1d6Adventurers																																		
NPC, Cleric, City Domain	Medium	Humanoid (Any Race)	9		https://www.reddit.com/r/monsteraday/comments/6fvm7c/day_73_1d6_clerics/	1d6Adventurers																																		
Troll, Hex	Large	Giant	9		https://www.reddit.com/r/monsteraday/comments/6ig9ee/day_82_hex_troll/	1d6Adventurers																																		
NPC, Monk, Way of Tranquility	Medium	Humanoid (Any Race)	9	https://homebrewery.naturalcrit.com/share/B1xqnJx4b	https://www.reddit.com/r/monsteraday/comments/6k2qqn/day_88_1d6_monks/	1d6Adventurers																																		
NPC, Paladin, Oath of Conquest	Medium	Humanoid (Any Race)	9		https://www.reddit.com/r/monsteraday/comments/6lg1qs/day_93_1d6_paladins/	1d6Adventurers																																		
NPC, Ranger, Primeval Guardian	Medium	Humanoid (Any Race)	9		https://www.reddit.com/r/monsteraday/comments/6mw4ro/day_98_1d6_rangers/	1d6Adventurers																																		
Giant Space Hamster, Sabre-Toothed	Large	Beast	9		https://www.reddit.com/r/monsteraday/comments/6nb2cs/day_100_bonanza/	1d6Adventurers																																		
NPC, Rogue, Mastermind	Medium	Humanoid (Any Race)	9		https://www.reddit.com/r/monsteraday/comments/6oas7z/day_103_1d6_rogues/	1d6Adventurers																																		
NPC, Sorcerer, Sea	Medium	Humanoid (Any Race)	9		https://www.reddit.com/r/monsteraday/comments/6pq8l4/day_108_1d6_sorcerers/	1d6Adventurers																																		
NPC, Warlock, Hexblade	Medium	Humanoid (Any Race)	9		https://www.reddit.com/r/monsteraday/comments/6r6g7v/day_113_1d6_warlocks/	1d6Adventurers																																		
NPC, Wizard, Theurgy	Medium	Humanoid (Any Race)	9		https://www.reddit.com/r/monsteraday/comments/6snl5x/day_118_1d6_wizards/	1d6Adventurers																																		
Troll, Bonefist	Huge	Giant	9		https://www.reddit.com/r/monsteraday/comments/6x8vzv/day_134_bonefist_troll/	1d6Adventurers																																		
Tormentor	Large	Fiend	9		https://www.reddit.com/r/monsteraday/comments/742gyj/day_157_tormentor/	1d6Adventurers																																		
Skuz	Large	Undead	9		https://www.reddit.com/r/monsteraday/comments/79xzp2/day_177_skuz_halloweenie_treats/	1d6Adventurers																																		
Stitched Zombeast	Large	Undead	9		https://www.reddit.com/r/monsteraday/comments/7ebn00/day_191_stitched_zombeast/	1d6Adventurers																																		
Hum Bug	Huge	Monstrosity	9.00		https://www.reddit.com/r/monsteraday/comments/7kvrs9/day_212_humbug/	1d6Adventurers																																		
Firbolg Shroomspeaker	Medium	Humanoid (Firbolg)	9		https://www.reddit.com/r/monsteraday/comments/7pqndg/day_229_firbolg_shroomspeaker/	1d6Adventurers																																		
Superb Owl	Large	Fey	9		https://www.reddit.com/r/monsteraday/comments/7vf2wk/day_246_superb_owl/	1d6Adventurers																																		
Nuckelavee	Large	Fiend	9		https://www.reddit.com/r/monsteraday/comments/7yyyb9/day_257_nuckelavee/	1d6Adventurers																																		
Jaxi	Large	Construct	9		https://www.reddit.com/r/monsteraday/comments/87u4di/day_283_jaxi/	1d6Adventurers																																		
Oni of Wa, Blood	Large	Giant	9		https://www.reddit.com/r/monsteraday/comments/8fd8ye/day_305_oni_of_wa/	1d6Adventurers																																		
Oni of Wa, Spite	Large	Giant	9		https://www.reddit.com/r/monsteraday/comments/8fd8ye/day_305_oni_of_wa/	1d6Adventurers																																		
Abominataur	Large	Aberration	9	https://drive.google.com/file/d/1FyV681RlPUQix6QRs61fvW_gSEZuiaSZ/view	https://www.reddit.com/r/monsteraday/comments/8gjri3/day_308_abominataur/	1d6Adventurers																																		
Disturbling	Medium	Aberration	9		https://www.reddit.com/r/monsteraday/comments/8hpt5w/day_311_disturbling/	1d6Adventurers																																		
Nephilim	Medium	Monstrosity	9		https://www.reddit.com/r/monsteraday/comments/8p3ly9/day_333_nephilim/	1d6Adventurers																																		
Beholderp	Large	Aberration	9		https://www.reddit.com/r/monsteraday/comments/8qafw8/day_336_beholderp/	1d6Adventurers																																		
Spiderkin Widowmaker	Medium	Humanoid (Spiderkin)	9.00		https://www.reddit.com/r/monsteraday/comments/8qlfsc/day_337_spiderkin_weaver/	1d6Adventurers																																		
Gunpowder Ooze	Medium	Ooze	9		https://www.reddit.com/r/monsteraday/comments/8ubnkh/day_348_gunpowder_ooze/	1d6Adventurers																																		
Devil, Hellwasp	Large	Fiend (Devil)	9	https://www.gmbinder.com/share/-L34nqJSSVbdkg-6oVhk#:~:text=Hellwasp%20Devil,-Large	Ixor's Manual of Monstrous Findings (★★)	u/thorn1993	195	19	fly 40	LE	18	21	17	16	18	19	None	Perception	None	Darkvision 120	Infernal	None																		
Dinosaur, Spinosaurus	Gargantuan	Beast	9		Ixor's Manual of Monstrous Findings (★★)	u/thorn1993	188	13	25, swim 60	U	25	10	19	2	14	9	None	Perception	None	Normal	None	Charge, Hold Breath, Underwater Camouflage																		
NPC, Archpriest	Medium	Humanoid (Any Race)	9		Ixor's Manual of Monstrous Findings (★★)	u/thorn1993	165	14	30	LG	9	14	16	11	19	12	CON, WIS, CHA	Medicine, Perception	None	Normal	Common, Dwarvish, Gnomish, Elvish	Disciple of Life, Divine Strike, Normal Spellcasting																		
Wight, Five-Lived	Medium	Undead	9		Ixor's Manual of Monstrous Findings (★★)	u/thorn1993	30	16	30	NE	18	16	16	10	13	15	None	Athletics, Perception, Stealth	Necroticres, nonmagicalres, nonsilveredres, poisonimmu, charmedimmu, exhaustionimmu, poisonimmu	Darkvision 60	Alive	Deathly Adaption, Five Lived, Sunlight Sensitivity																		
Yugoloth, Pisco	Medium	Fiend (Yugoloth)	9		Ixor's Manual of Monstrous Findings (★★)	u/thorn1993	123	17	30, swim 20	NE	19	11	15	6	10	14	None	Athletics, Perception, Stealth	Coldres, fireres, lightningres, nonmagicalres, acidimmu, poisonimmu, poisonedimmu	Blindsight 60, darkvision 60	Abyssal, Infernal, telepathy 60	Amphibious, Improved Critical, Innate Spellcasting, Magic Resonance																		
Carapaceon, Hermitaur, Daimyo	Huge	Beast	9		Monster Hunter's Manual (★★★★)	u/Amellwind	168	19	30, burrow 20	U	18	16	18	13	14	16	None	None	Slashingres, piercingres, lightningweak	Darkvision 60, tremorsense 60	None	Scuttle																		
Fanged Beast, Blangonga	Large	Beast	9		Monster Hunter's Manual (★★★★)	u/Amellwind	161	18	40, burrow 40	U	19	17	18	13	8	10	STR, DEX, WIS	Athletics, Perception	Coldres	Normal	None	Charge																		
Wyvern, Bird, Malfestio	Large	Dragon	9		Monster Hunter's Manual (★★★★)	u/Amellwind	153	17	30, fly 40	U	17	20	16	12	16	14	None	Perception, Stealth	None	Darkvision 120	Giant Owl, Common, Elvish, Sylvan	Flyby, Keen Hearing, Keen Sight, Magic Resistance																		
Wyvern, Brute, Duramboros	Huge	Dragon	9		Monster Hunter's Manual (★★★★)	u/Amellwind	149	16	40	U	24	12	21	3	10	6	None	None	Nonmagicalres	Normal	None	High Jump, Jump Attack																		
Wyvern, Flying, Astalos	Huge	Dragon	9		Monster Hunter's Manual (★★★★)	u/Amellwind	147	16	40, fly 80	U	21	15	19	11	13	16	DEX, CON, WIS, CHA	Lightningimmu	None	Darkvision 60	None	Dive Attack																		
Wyvern, Piscine, Plesioth	Huge	Dragon	9		Monster Hunter's Manual (★★★★)	u/Amellwind	136	14	30, swim 40	U	18	16	18	13	14	16	None	None	Coldres, nonmagicalres	Darkvision 60	None	Countershading																		
Wyvern, Snake, Najarala	Gargantuan	Dragon	9		Monster Hunter's Manual (★★★★)	u/Amellwind	159	16	50, burrow 50, climb 50	U	14	20	19	10	14	9	WIS, CHA	Perception, Stealth	Poisonimmu, poisonedimmu	Blindsight 60, darkvision 120	None	Magic Resistance, Surround, Squeeze																		
Demon, Glabrezu	Large	Fiend (Demon)	9		Monster Manual	Wizards of the Coast	157	17	40	CE	20	15	21	19	17	16	STR, CON, WIS, CHA	None	Coldres, fireres, lightningres, nonmagicalres, poisonimmu, poisonedimmu	Truesight 120	Abyssal, telepathy 120	Innate Spellcasting, Magic Resistance																		
Devil, Bone	Large	Fiend (Devil)	9		Monster Manual	Wizards of the Coast	142	19	40, 40 fly	LE	18	16	18	13	14	16	INT, WIS, CHA	Deception, Insight	Coldres, nonmagicalres, nonsilveredres, fireimmu, poisonimmu, poisonedimmu	Darkvision 120	Infernal, telepathy 120	Devil's Sight, Magic Resistance																		
Dragon, Chromatic, Blue, Young	Large	Dragon	9		Monster Manual	Wizards of the Coast	152	18	40, 20 burrow, 80 fly	LE	21	10	19	14	13	17	DEX, CON, WIS, CHA	Perception, Stealth	Lightningimmu	Blindsight 10, darkvision 60	Draconic	None																		
Dragon, Metallic, Silver, Young	Large	Dragon	9		Monster Manual	Wizards of the Coast	168	18	40, fly 80	LG	23	10	21	14	11	19	DEX, CON, WIS, CHA	Arcana, History, Perception, Stealth	Coldimmu	Blindsight 30, darkvision 120	Common, Draconic	None																		
Giant, Cloud	Huge	Giant	9		Monster Manual	Wizards of the Coast	200	14	40	N	27	10	22	12	16	16	CON, WIS, CHA	Insight, Perception	None	Normal	Common, Giant	Keen Smell, Innate Spellcasting																		
Giant, Fire	Huge	Giant	9.00		Monster Manual	Wizards of the Coast	162	18	30	LE	25	9	23	10	14	13	DEX, CON, CHA	Athletics, Perception	Fireimmu	Normal	Giant	None																		
Golem, Clay	Large	Construct	9		Monster Manual	Wizards of the Coast	133	14	20	U	20	9	18	3	8	1	None	None	Acidimmu, poisonimmu, psychicimmu, nonadamantineimmu, charmedimmu, exhaustionimmu, frightenedimmu, paralyzedimmu, petrifiedimmu, poisonedimmu	Darkvision 60	Creator	Acid Absorption, Berserk, Immutable Form, Magic Resistance, Magic Weapons																		
Slaad, Gray	Medium	Aberration	9		Monster Manual	Wizards of the Coast	127	18	30	CN	17	17	16	13	8	14	None	Arcana, Perception	Acidres, coldres, fireres, lightningres, thunderres	Blindsight 60, darkvision 60	Own, telepathy 60	Shapechanger, Innate Spellcasting, Magic Resistance, Magic Weapons, Regeneration																		
Treant	Huge	Plant	9		Monster Manual	Wizards of the Coast	138	16	30	CG	23	8	21	12	16	12	None	None	Bludgeoningres, piercingres, fireweak	Normal	Common, Druidic, Elvish, Sylvan	False Appearance, Siege Monster																		
Yeti, Abominable	Huge	Monstrosity	9		Monster Manual	Wizards of the Coast	137	15	40, 40 climb	CE	24	10	22	9	13	9	None	Perception, Stealth	Poisonres	Darkvision 60	Own	Fear of Fire, Keen Smell, Snow Camouflage																		
Yugoloth, Nyca	Large	Fiend	9		Monster Manual	Wizards of the Coast	123	18	40, fly 60	NE	20	11	19	12	10	15	None	Intimidation, Perception, Stealth	Coldres, fireres, lightningres, nonmagicalres, acidimmu, poisonimmu, poisonedimmu	Blindsight 60, darkvision 60	Abyssal, Infernal, telepathy 60	Innate Spellcasting, Magic Resistance, Magic Weapons																		
Drow House Captain	Medium	Humanoid (Elf)	9		Mordenkainen's Tome of Foes	Wizards of the Coast	162	16	30	NE	14	19	15	12	14	13	DEX, CON, WIS	Perception, Stealth	None	Darkvision 120	Elvish, Undercommon	Battle Command, Fey Ancestry, Innate Spellcasting, Sunlight Sensitivity																		
Salamander, Frost	Huge	Elemental	9		Mordenkainen's Tome of Foes	Wizards of the Coast	168	17	60, burrow 40, climb 40	U	20	12	18	7	11	7	CON, WIS	Perception	Fireweak, coldimmu	Darkvision 60, tremorsense 60	Primordial	Burning Fury																		
Shadar-Kai Gloom Weaver	Medium	Humanoid (Elf)	9		Mordenkainen's Tome of Foes	Wizards of the Coast	104	14	30	N	11	18	14	15	12	18	DEX, CON	None	Necroticimmu, charmedimmu, exhaustionimmu	Darkvision 60	Common, Elvish	Burden of Time, Fey Ancestry, Innate Spellcasting, Normal Spellcasting																		
Sorrowsworn, The Lonely	Medium	Monstrosity	9		Mordenkainen's Tome of Foes	Wizards of the Coast	112	16	30	NE	16	12	17	6	11	6	None	None	Darknessres	Darkvision 60	Common	Psychic Leech, Thrives on Company																		
Troll, Rot	Large	Giant	9		Mordenkainen's Tome of Foes	Wizards of the Coast	138	16	30	CE	18	13	22	5	8	4	None	Perception	Necroticimmu	Darkvision 60	Giant	Rancid Degeneration																		
Yugoloth, Hydro	Medium	Fiend (Yugoloth)	9		Mordenkainen's Tome of Foes	Wizards of the Coast	135	15	20, swim 40	NE	12	21	16	19	10	14	None	Insight, Perception	Fireweak, coldres, lightningres, nonmagicalres, acidimmu, poisonimmu, poisonedimmu	Blindsight 60, darkvision 60	Abyssal, Infernal, telepathy 60	Amphibious, Innate Spellcasting, Magic Resistance, Magic Weapons, Secure Memory, Watery Advantage																		
Barghest, Greater	Huge	Fiend	9		Skip's Guide to Monsters (★★)	u/Drewfro666	133	18	60	NE	22	15	17	17	16	18	None	Deception, Intimidation, Perception, Stealth	Coldres, fireres, lightningres, nonmagicalres, acidimmu, poisonimmu, poisonedimmu	Blindsight 60, darkvision 60	Abyssal, Common, Goblin, Infernal, telepathy 60	Shapechanger, Fire Banishment, Keen Smell, Innate Spellcasting																		
Devil, Bone, Fear Aura	Large	Fiend (Devil)	9		Skip's Guide to Monsters (★★)	u/Drewfro666	142	19	40, 40 fly	LE	18	16	18	13	14	16	INT, WIS, CHA	Deception, Insight	Coldres, nonmagicalres, nonsilveredres, fireimmu, poisonimmu, poisonedimmu	Darkvision 120	Infernal, telepathy 120	Devil's Sight, Magic Resistance, Fear Aura, Innate Spellcasting																		
Elemental, Huge, Air	Huge	Elemental	9		Skip's Guide to Monsters (★★)	u/Drewfro666	152	16	fly 90	U	16	22	16	6	10	6	None	None	Lightningres, thunderres, poisonimmu, exhaustionimmu, grappledimmu, paralyzedimmu, petrifiedimmu, poisonedimmu, proneimmu, restraineidmmu, unconsciousimmu	Darkvision 60	Auran	Air Form																		
Elemental, Huge, Earth	Huge	Elemental	9		Skip's Guide to Monsters (★★)	u/Drewfro666	200	19	30, burrow 30	U	22	8	22	5	10	5	None	None	Thunderweak, poisonimmu, exhaustionimmu, paralyzedimmu, petrifiedimmu, poisonedimmu, unconsciousimmu	Darkvision 60, tremorsense 60	Terran	Earth Glide, Siege Monster																		
Elemental, Huge, Fire	Huge	Elemental	9		Skip's Guide to Monsters (★★)	u/Drewfro666	168	14	50	U	12	19	18	6	10	7	None	None	FIreimmu, poisonimmu, exhaustionimmu, grappledimmu, paralyzedimmu, petrifiedimmu, poisonedimmu, proneimmu, restrainedimmu, unconsciousimmu	Darkvision 60	Ignan	FIre Form, Illumination, Water Susceptibility																		
Elemental, Huge, Water	Huge	Elemental	9		Skip's Guide to Monsters (★★)	u/Drewfro666	184	15	30, swim 90	U	20	16	20	5	10	8	None	None	Acidires, poisonimmu, exhausitonimmu, grappledimmu, paralyzedimmu, petrifiedimmu, poisonedimmu, proneimmu, restrainedimmu, unconsciousimmu	Darkvision 60	Aquan	Water Form, Freeze																		
Guardinal, Leonal	Medium	Celestial	9		Skip's Guide to Monsters (★★)	u/Drewfro666	133	17	60	NG	24	17	20	14	14	14	None	None	Coldres, radiantres, thunderres, nonmagicalres, nonsilveredres, lightningimmu, petrifiedimmu	Truesight 60	All	Innate Spellcasting, Lay on Hands, magic Resistance, Protective Aura																		
Hydra, Six-Headed	Huge	Monstrosity	9		Skip's Guide to Monsters (★★)	u/Drewfro666	195	15	30, swim 30	U	21	12	20	2	10	7	None	Perception	None	Darkvision 60	None	Hold Breath, Multiple Heads, Reactive HEads, Wakeful																		
Misc. Creature, Spider, Monstrous, Garg.	Gargantuan	Beast	9		Skip's Guide to Monsters (★★)	u/Drewfro666	216	16	30, climb 30	U	20	14	16	2	11	3	None	Perception, Stealth	None	Blindsight 10, darkvision 60	None	Spider Climb, Web Sense, Web Walker																		
Misc. Creature, Whale	Gargantuan	Beast	9		Skip's Guide to Monsters (★★)	u/Drewfro666	210	14	swim 40	U	22	8	24	4	10	6	None	Perception	None	Blindsight 120	None	Hold Breath																		
Wraith, Dread	Large	Undead	9		Skip's Guide to Monsters (★★)	u/Drewfro666	110	15	30	LE	6	20	16	16	18	19	None	None	Acidres, coldres, fireres, lightningres, thunderres, nonmagicalres, nonsilveredres, necroticimmu, poisonimmu, charmedimmu, exhaustionimmu, grappledimmu, paralyzedimmu, petrifiedimmu, poisonedimmu, proneimmu, restrainedimmu	Darkvision 60	Alive	Flyby, Incorporeal Movement, Lifesense, Sunlight Sensitivity																		
Gnoph-Keh	Large	Monstrosity	9		Through the Ice and Snow (★)	u/LordMediocre	168	17	40	CE	23	13	20	13	20	20	DEX, CON	Athletics, Perception, Stealth	Coldimmu, fireweak	Darkvision 60	Abyssal	Blizzard, Cold Aura, Heat Susceptible																		
calculus monster, midterm	Medium	Humanoid	9	https://docs.google.com/document/d/1tbZlCBBZYNydWd_cagPicmmBTVjhAp0fNEb7J5Ciwqk/edit?tab=t.0	Virasco 2000	Shwifty_meme_lord	300	23	25	neutral evil	20	10	18	12	12	4	None	None	Radiantweak, Fireweak, Poisonimmu, Necroticimmu	Normal	Common	None	23.5	0	FALSE	0	FALSE	0	2	2	16	FALSE	0	0	0	2	0	0	0	
Gnoll, Flind	Medium	Humanoid (Gnoll)	9		Volo's Guide to Monsters	Wizards of the Coast	127	16	30	CE	20	10	19	11	13	12	CON, WIS	Intimation, Perception	None	Darkvision 60	Gnoll, Abyssal	Aura of Blood Thirst																		
Mind Flayer, Ulitharid	Large	Aberration	9		Volo's Guide to Monsters	Wizards of the Coast	127	15	30	LE	15	12	15	21	19	21	INT, WIS, CHA	Arcana, Insight, Perception, Stealth	None	Darkvision 120	Deep Speech, Undercommon, telepathy 2 miles	Creature Sense, Magic Resistance, Psionic Hub, Innate SPellcasting (Psionics)																		
NPC, Abjurer	Medium	Humanoid (Any Race)	9		Volo's Guide to Monsters	Wizards of the Coast	84	12	30	ANY	9	14	14	18	12	11	INT, WIS	Arcana, History	None	Normal	Any	Normal Spellcasting, Arcane Ward																		
NPC, Champion	Medium	Humanoid (Any Race)	9		Volo's Guide to Monsters	Wizards of the Coast	143	18	30	ANY	20	15	14	10	14	12	STR, CON	Athletics, Intimidation, Perception	None	Normal	Any	Indomitable, Second Wind																		
NPC, Evoker	Medium	Humanoid (Any Race)	9		Volo's Guide to Monsters	Wizards of the Coast	66	12	30	ANY	9	14	12	17	12	11	INT, WIS	Arcana, History	None	Normal	Any	Normal Spellcasting, Sculpt Spells																		
NPC, Necromancer	Medium	Humanoid (Any Race)	9		Volo's Guide to Monsters	Wizards of the Coast	66	12	30	ANY	9	14	12	17	12	11	INT, WIS	Arcana, History	Necroticres	Normal	Any	Normal Spellcasting, Grim Harvest																		
NPC, War Priest	Medium	Humanoid (Any Race)	9		Volo's Guide to Monsters	Wizards of the Coast	117	18	30	ANY	16	10	14	11	17	13	CON, WIS	Intimidation, Religion	None	Normal	Any	Normal Spellcasting																		
Dragon, Nebula, Young	Large	Dragon	10	https://www.gmbinder.com/share/-LSNMh6eX2Cm0VdsuZTr#:~:text=Young%20Nebula%20Dragon	All the Lights in the Sky Are Stars	u/aeyana	178	18	40, fly 80	CN	23	14	21	16	13	20																								
Shrieker	Large	Monstrosity	10.00	https://homebrewery.naturalcrit.com/share/Hyb4CrHRf	Bestiary of the Ancestors (★)	u/LamiaDrake	180	20	15, fly 120	CG	12	30	16	12	17	14	None	None	None	Darkvision 90	None	Shrieking Flight, Shrieker's Prize																		
Templar, Impaler	Large	Aberration	10	https://homebrewery.naturalcrit.com/share/Hyb4CrHRf	Bestiary of the Ancestors (★)	u/LamiaDrake	178	17	40	CE	24	10	20	18	21	10	None	None	None	Normal	None	Truth, Revelation																		
Templar, Warlord	Large	Aberration	10	https://homebrewery.naturalcrit.com/share/Hyb4CrHRf	Bestiary of the Ancestors (★)	u/LamiaDrake	178	19	40	CE	16	22	20	21	18	10	None	None	None	Normal	None	Truth, Revelation																		
The Ancestral Fanatic	Large	Humanoid	10	https://homebrewery.naturalcrit.com/share/Hyb4CrHRf	Bestiary of the Ancestors (★)	u/LamiaDrake	136	18	30	LG	18	12	19	12	20	13	None	None	None	Normal	Common, Celestial	Legendary Resistance, The Pyre, Detect Curse, The Cure, Normal Spellcasting																		
The Crimson Court, Countess	Colossal	Monstrosity	10	https://homebrewery.naturalcrit.com/share/Hyb4CrHRf	Bestiary of the Ancestors (★)	u/LamiaDrake	178	14	30	CE	14	12	18	14	14	20	None	None	Charmedimmu	Darkvision 90	Common	Legendary Resistance, The Dance Begins, The Veil Consumed, The Last Dance																		
Foglet, Ignis Fatuus	Large	Undead	10		Book of Beautiful Horrors (★★)	u/regerem	179	16	40	CE	23	16	21	16	17	14	STR, CON, WIS, CHA	Perception, Stealth	Acidres, coldres, psychicres, lightningimmu, poisonimmu, charmedimmu, exhaustionimmu, frightenedimmu, paralyzedimmu, poisonedimmu	Darkvision 60	Alive	Innate Spellcasting, Rejuvenation																		
Lycanthrope, Werewolf, Voref	Medium	Humanoid (Human)	10		Book of Beautiful Horrors (★★)	u/regerem	113	14	40	CE	17	15	16	10	11	10	None	Perception, Stealth	Nonmagicalimmu, nonsilveredimmu	Darkvision 60	Common	Shapechanger, Keen Hearing, Keen Smell, Regeneration, Rejuvenation, Voref Weaknesses, Call of the Moon, Voice of the Master, Wolfsbane Allergy																		
Morvudd, Chort	Large	Monstrosity	10		Book of Beautiful Horrors (★★)	u/regerem	131	14	50	CE	24	10	22	6	13	9	None	Athletics, Perception, Stealth	Nonmagicalres	Darkvision 120	Abyssal	Devastating Charge, Regeneration																		
NPC, Crowd, Cultist Riot	Gargantuan	Humanoid	10		Book of Beautiful Horrors (★★)	u/regerem	199	11	30	ANY CHAOTIC	20	10	10	10	10	10	None	None	Bludgeoningres, piercingres, slashingres, charmedimmu, frightenedimmu, paralyzedimmu, petrifiedimmu, proneimmu, restrainedimmu, stunnedimmu	Normal	Any	Strength in Numbers, Swarm, Frenzied, Sacrifice																		
NPC, Crowd, Fanatic Riot	Gargantuan	Humanoid	10		Book of Beautiful Horrors (★★)	u/regerem	199	11	30	ANY CHAOTIC	20	10	10	10	10	10	None	None	Bludgeoningres, piercingres, slashingres, charmedimmu, frightenedimmu, paralyzedimmu, petrifiedimmu, proneimmu, restrainedimmu, stunnedimmu	Normal	Any	Strength in Numbers, Swarm, Bad Omens, Burn the Heretics, Purified by Fire																		
NPC, Crowd, Militia Riot	Gargantuan	Humanoid	10		Book of Beautiful Horrors (★★)	u/regerem	199	11	30	ANY CHAOTIC	20	10	10	10	10	10	None	None	Bludgeoningres, piercingres, slashingres, charmedimmu, frightenedimmu, paralyzedimmu, petrifiedimmu, proneimmu, restrainedimmu, stunnedimmu	Normal	Any	Strength in Numbers, Swarm, Reactive, Unruly																		
NPC, Crowd, Rebel Riot	Gargantuan	Humanoid	10		Book of Beautiful Horrors (★★)	u/regerem	199	11	30	ANY CHAOTIC	20	10	10	10	10	10	None	None	Bludgeoningres, piercingres, slashingres, charmedimmu, frightenedimmu, paralyzedimmu, petrifiedimmu, proneimmu, restrainedimmu, stunnedimmu	Normal	Any	Strength in Numbers, Swarm, Impetuous, Sworn Enemy, Destructive																		
Satyr, Amber Father	Huge	Fey	10		Book of Beautiful Horrors (★★)	u/regerem	142	14	40	CG	23	14	16	12	20	14	WIS, CHA	Perception, Performance, Stealth	Nonmagicalres, nonsilveredres	Normal	Common, Elvish, Sylvan	Bag of Amber, Magic Resistance, Speak with Beasts, Speak with Plants, Verses of Rebirth, Lair																		
Vampire, Ekimmara	Large	Undead	10		Book of Beautiful Horrors (★★)	u/regerem	137	16	40	CE	22	18	20	7	14	14	None	Perception, Stealth	Necroticres, nonmagicalimmu, frightenedimmu	Blindsight 120, darkvision 120	Common	Echolocation, Regeneration, Spider Climb, Sunlight Sensitivity, Mimicry																		
Vampire, Kiss of Darkness	Medium	Undead	10		Book of Beautiful Horrors (★★)	u/regerem	119	17	30, fly 30	LE	18	20	18	16	14	22	DEX, WIS, CHA	Deception, Perception, Persuasion, Stealth	Necroticres, nonmagicalres	Darkvision 60	Common, Elvish, Sylvan, telepathy 120	Innate Spellcasting, Regeneration, Shapechanger, Vampire Weaknesses, Blood Addiction, Sunlight Hypersensitivity																		
Vampire, Vargheist, Ancient	Large	Undead	10		Book of Beautiful Horrors (★★)	u/regerem	137	15	30, fly 70	CE	20	18	20	7	15	10	None	Perception, Stealth	Necroticres, nonmagicalres, frightenedimmu	Darkvision 120	Alive	Blood Frenzy, Dive Attack, Flyby, Sunlight Hypersensitivity, Regeneration, Frightful Presence																		
Wild Hunt, White Frost, Perma Elemental	Large	Elemental	10		Book of Beautiful Horrors (★★)	u/regerem	142	18	30	NE	20	10	18	5	10	7	None	None	Fireweak, nonmagicalres, coldimmu, poisonimmu, exhaustionimmu, paralyzedimmu, poisonedimmu, unconsciousimmu	Darkvision 60	Primordial	Detect Heat, Drain Warmth, Ice Walk																		
Wraith, Oracula	Medium	Undead	10	https://drive.google.com/drive/folders/1L_O2j38Vo_s5S8Pb55K_vH7BIa7DAy_w	Book of Beautiful Horrors (★★)	u/regerem	127	15	fly 60	NE	6	20	18	13	15	14	None	Perception, Stealth	Acidres, coldres, fireres, lightningres, thunderres, nonmagicalres, nonsilveredres, necroticimmu, poisonimmu, blindedimmu, charmedimmu, exhaustionimmu, grappledimmu, paralyzedimmu, petrifiedimmu, poisonedimmu, proneimmu, restrainedimmu	Truesight 60	Alive	Catoptric Travel, Incorporeal Movement, MIrror Bound, Lair, Legendary																		
Zombie, Shambling Lord	Medium	Undead	10		Book of Beautiful Horrors (★★)	u/regerem	128	10	30	NE	18	10	18	19	12	8	CON, INT, WIS	History, Nature, Religion	Psychicweak, poisonimmu, poisonedimmu	Darkvision 60	Telepathy 5 miles	Hive Mind, Magic Resistance, Regeneration, Well of Knowledge, Innate Spellcasting																		
Drow Archmage	Medium	Humanoid (Elf)	10		City and Wild (★★)	u/AeronDrake	99	12	30	NE	10	14	12	20	15	12	INT, WIS	Arcana, Deception, Perception, Stealth	None	Darkvision 120	Elvish, Undercommon	Fey Ancestry, Innate Spellcasting, Normal Spellcasting, Sunlight Sensitivity																		
Penetrator	Medium	Humanoid	10		Demon's Souls Compendium (★)	u/TectonicImprov	188	18	40	LE	20	17	16	12	12	12	STR, DEX	None	Frightenedimmu, nonmagicalres, poisonres	Normal	Common	Magical Blade																		
Demon, Beluat	Large	Fiend (Demon)	10.00		Demons, Lot of Demons (★★★★)	u/dgscott	127	20	40	CE	23	12	16	8	14	6	CON	Perception	Coldres, fireres, lightningres, nonmagicalres, poisonimmu, poisonedimmu	Darkvision 120	Abyssal	Trampling Charge, Magic Resistance																		
Archfey, Koliada, Winter Witch, Pillar of Ice	Large	Construct	10		Epic Monsters (★)	u/Dave2oo8	157	18	0	U	20	8	20	5	16	1	STR, CON	Athletics	Nonmagicalres, nonmagicalimmu, exhaustionimmu, fireweak, nonmagicalres, coldimmu, blindedimmu, charmedimmu, deafenedimmu, exhaustionimmu, frightenedimmu, paralyzedimmu, petrifiedimmu, poisonedimmu	Tremorsense 60	None	Ice Spikes																		
Devil, Arch, Amon, Soulfang	Large	Monstrosity	10.00		Epic Monsters (★)	u/Dave2oo8	156	17	60	LE	21	15	16	12	14	13	STR, DEX, CON, WIS	Athletics, Perception, Stealth	Nonmagicalres, coldimmu	Darkvision 120	Common, Giant, Infernal, Own	Keen Hearing, Keen SMell, Magic Resistance, Magic Weapons, Pack Tactics, Regeneration, Savage Attacker, Snow Camouflage, Unstoppable																		
Elemental, Elder, Air	Huge	Elemental	10		Epic Monsters (★)	u/Dave2oo8	152	16	fly 100	N	17	22	16	8	12	9	DEX, CON, WIS	Acrobatics, Stealth	Lightningres, thunderres, nonmagicalres, poisonimmu, exhausitonimmu, grappledimmu, paralyzedimmu, petrifiedimmu, poisonedimmu, proneimu, restrainedimmu, unconsciousimmu	Darkvision 90	Auran	Air Form, Elemental Attacks, Innate Spellcasting, Limited Magic Resistance, Untethered																		
Elemental, Elder, Fire	Huge	Elemental	10		Epic Monsters (★)	u/Dave2oo8	168	14	fly 100	N	12	18	18	8	12	13	DEX, WIS, CHA	Intimidation, Perception, Persuasion	Nonmagicalres, fireimmu, poisonimmu, exhaustionimmu, grappledimmu, paralyzedimmu, petrifiedimmu, poisonedimmu, proneimmu, restrainedimmu, unconsciousimmu	Darkvision 90	Ignan	Consume, Elemental Attacks, Fire Form, Innate Spellcasting, Fire Aura, Limited Magic Resistance, Water Susceptibility																		
Beholder, Gouger	Large	Aberration	10		Forgotten Realms Stat Blocks (★★★)	u/Drewfro666	178	20	10, fly 40	NE	20	14	16	9	9	12	STR, CON	Perception	None	Darkvision 120	Deep SPeech, Undercommon	Antimagic Cone																		
Cloaker Lord	Huge	Aberration	10		Forgotten Realms Stat Blocks (★★★)	u/Drewfro666	170	14	10, fly 50	CN	21	12	15	18	14	15	DEX, INT, WIS	Stealth	None	Darkvision 60	Deep SPeech, Undercommon	Damage Transfer, DOminate Cloakers, False Appearance, Light Sensitivity, Magic Resistance, Normal Spellcasting																		
Golem, Gemstone, Diamond	Large	Construct	10		Forgotten Realms Stat Blocks (★★★)	u/Drewfro666	210	18	30	U	23	12	20	10	12	1	None	None	Poisonimmu, psychicimmu, nonmagicalimmu, charmedimmu, exhaustionimmu, frightenedimmu, paralyzedimmu, petrifiedimmu, poisonedimmu	Normal	Common, Own	Immutable Form, Innate Spellcasting, Ki Vulnerability, Magic Resistance, Magic Weapons																		
Sharn	Large	Aberration	10		Forgotten Realms Stat Blocks (★★★)	u/Drewfro666	136	15	10, fly 40	CN	18	20	20	18	18	20	DEX, WIS, CHA	Arcana, Deception, Insight, Perception, Persuasion	Nonmagicalres, charmedimmu, frightenedimmu	Darkvision 60	Own	Independent Action, Magic Resistance, Normal SPellcasting																		
Tomb Tapper	Huge	COnstruct	10		Forgotten Realms Stat Blocks (★★★)	u/Drewfro666	150	19	40, burrow 20	N	24	10	22	14	11	16	None	Perception	Poisonimmu, nonmagicalimmu, charmedimmu, exhaustionimmu, frightenedimmu, paralyzedimmu, petrifiedimmu, poisonedimmu	Blindsight 60	Common, telepathy 120	Echolocation, Innate Spellcasting																		
Hulk of Zoretha (Female)	Huge	Aberration	10		https://drive.google.com/file/d/1YxCrJevrMZL4M4xqCkHSQ960D7PLr2R0/view	u/badooga1	172	16	40	CE	23	10	21	15	16	10																								
Hulk of Zoretha (Male)	Huge	Aberration	10		https://drive.google.com/file/d/1YxCrJevrMZL4M4xqCkHSQ960D7PLr2R0/view	u/badooga1	172	15	40, fly 40	CE	22	18	21	15	16	10																								
Leviathan, Aspect	Huge	Aberration	10.00		https://drive.google.com/file/d/1YxCrJevrMZL4M4xqCkHSQ960D7PLr2R0/view	u/badooga1	115	15	20, swim 60	CN	25	11	20	15	19	21																								
Skindancer	Large	Monstrosity	10		https://drive.google.com/file/d/1YxCrJevrMZL4M4xqCkHSQ960D7PLr2R0/view	u/badooga1	136	17	40, climb 40	CE	19	17	21	7	16	7																								
Slime Shaman	Medium	Humanoid (Any Race)	10		https://drive.google.com/file/d/1YxCrJevrMZL4M4xqCkHSQ960D7PLr2R0/view	u/badooga1	119	14	30	LE	10	13	18	14	15	14																								
Raorc	Medium	Monstrosity	10		https://i.redd.it/jiiytz24jva21.png	u/5ash	143	16	30, fly 10	CN	18	10	16	21	12	11																								
White Band, Siegrana, Terror of the Mount	Huge	Giant	10.00		https://imgur.com/gallery/wRu122h	u/kinseki	152	18	40	LN	23	9	21	12	13	12																								
Spring Heeled Jack	Medium	Fey	10		https://www.reddit.com/r/1d6Adventurers/comments/79xx85/halloween_bonus_spring_heeled_jack/	1d6Adventurers																																		
NPC, Azure Mind Sculptor	Medium	Humanoid (Any Race)	10		https://www.reddit.com/r/monsteraday/comments/3pi58x/day_65_azure_sorcerers/	StoneStrix																																		
Living Spellbook	Large	Construct	10.00		https://www.reddit.com/r/monsteraday/comments/3psbbl/day_67_living_spellbook/	StoneStrix																																		
Minotaur Blood-iron Berserker	Large	Monstrosity	10		https://www.reddit.com/r/monsteraday/comments/64lixs/day_31_minotaur_bloodiron_berserker/	1d6Adventurers																																		
Cyst, Behemoth	Large	Aberration	10		https://www.reddit.com/r/monsteraday/comments/66jv6w/day_39_behemoth_cyst/	1d6Adventurers																																		
Lynching Tree	Huge	Plant	10		https://www.reddit.com/r/monsteraday/comments/6e9bus/day_67_lynching_tree/	1d6Adventurers																																		
NPC, Druid, Circle of Dreams	Medium	Humanoid (Any Race)	10		https://www.reddit.com/r/monsteraday/comments/6h9klv/day_78_1d6_druids/	1d6Adventurers																																		
Giant, Fire, Jailer	Huge	Giant	10		https://www.reddit.com/r/monsteraday/comments/6oj001/day_104_fire_giant_jailor/	1d6Adventurers																																		
Troll, Greatmaw	Huge	Giant	10	https://homebrewery.naturalcrit.com/share/r1mTBqw3_-	https://www.reddit.com/r/monsteraday/comments/6vsyz1/day_129_greatmaw_troll/	1d6Adventurers																																		"[{'name': 'Bite', 'action_type': 'action', 'attack_type': 'melee_attack', 'hit_modifier': 9, 'range': 5, 'damage': '3d12 + 5', 'damage_type': 'piercing', 'notes': ""if it is a Large or smaller creature it is grappled (escape DC 17). Until this grapple ends, the target is restrained, and the troll can't use its bite attack on another target. ""}, {'name': 'Claw', 'action_type': 'action', 'attack_type': 'melee_attack', 'hit_modifier': 9, 'range': 5, 'damage': '2d6 + 5', 'damage_type': 'slashing'}, {'name': 'Swallow', 'notes': ""The troll makes a bite attack against a creature it is grappling. If the attack hits, the target is swallowed, and the grapple ends. The swallowed creature is blinded and restrained, it has total cover against attacks and other effects outside the troll and it takes 10 (3d6) acid damage at the start of each of the troll's turns.The troll's gullet can hold one creature at a time. If the troll takes 20 damage or more on a single turn from a creature inside it, the troll must succeed on a DC 20 Constitution saving throw at the end of that turn or regurgitate the swallowed creature, which falls prone in a space within 10 feet of the troll. If the troll dies, a swallowed creature is no longer restrained by it and can escape from the corpse using 10 feet of movement, exiting prone. ""}, {'name': 'Multiattack', 'action_type': 'passive', 'attack_type': 'utility', 'notes': 'The troll makes four attacks: two with its bite and two with its claws.'}]"
Treant Hurler	Huge	Plant	10		https://www.reddit.com/r/monsteraday/comments/71ldr1/day_149_treant_hurler/	1d6Adventurers																																		
Necrodancer	Medium	Undead	10		https://www.reddit.com/r/monsteraday/comments/75bbnp/day_161_necrodancer/	1d6Adventurers																																		
Fenrir	Huge	Giant	10		https://www.reddit.com/r/monsteraday/comments/7alwm9/day_180_fenrir/	1d6Adventurers																																		
Royal Jelly	Medium	Ooze	10		https://www.reddit.com/r/monsteraday/comments/7pacs3/day_227_royal_jelly/	1d6Adventurers																																		
Girtablilu	Huge	Monstrosity	10.00		https://www.reddit.com/r/monsteraday/comments/7zqpd6/day_260_girtablilu/	1d6Adventurers																																		
Yuan-ti, Zuma	Large	Monstrosity	10.00		https://www.reddit.com/r/monsteraday/comments/80fhgr/day_261_yuanti_zuma/	1d6Adventurers																																		
Yuan-ti, Malediction	Large	Monstrosity	10		https://www.reddit.com/r/monsteraday/comments/88dwhp/day_285_yuanti_malediction/	1d6Adventurers																																		
Sheepsquatch	Huge	Monstrosity	10		https://www.reddit.com/r/monsteraday/comments/8i7yq8/day_313_sheepsquatch/	1d6Adventurers																																		
Abominabunny	Small	Monstrosity	10		https://www.reddit.com/r/monsteraday/comments/8n0zez/day_327_abominabunny/	1d6Adventurers																																		
Spiderkin Weaver	Medium	Humanoid (Spiderkin)	10		https://www.reddit.com/r/monsteraday/comments/8pcs05/day_334_spiderkin_widowmaker/	1d6Adventurers																																		
Armalug	Huge	Monstrosity	10		Ixor's Manual of Monstrous Findings (★★)	u/thorn1993	210	10	60	U	20	10	19	3	8	10	None	None	Acidimmu, lightningimmu, charmedimmu	Normal	None	Renegeration, Slime Trail, Sticky																		
Dragon, Stone, Young	Large	Dragon	10		Ixor's Manual of Monstrous Findings (★★)	u/thorn1993	123	19	30, burrow 40, fly 50	N	21	8	19	11	14	17	STR, CON, WIS, CHA	Athletics, Perception	Nonmagicalres, nonadamantineres	Darkvision 120, tremorsense 20	Common, Draconic	Tunneler																		
Ra'Zac, Crazorac	Medium	Monstrosity	10		Ixor's Manual of Monstrous Findings (★★)	u/thorn1993	195	19	50	CE	16	20	16	8	14	14	None	Acrobatics, Athletics, Intimidation, Perception, stealth, Survival	Psychicimmu, charmedimmu	Darkvision 120	COmmon, Own	Special Equipment, Alien Mind, Keen Smell, Pounce, Sunlight Sensitivity																		
Skeleton, Cuchan	Medium	Undead	10		Ixor's Manual of Monstrous Findings (★★)	u/thorn1993	169	18	50	LE	12	19	15	10	8	5	DEX, WIS	Acrobatics, Perception	Poisonimmu, exhaustionimmu, poisonedimmu	Darkvision 60	Common	None																		
Wyvern, Brute, Radobaan	Huge	Dragon	10		Monster Hunter's Manual (★★★★)	u/Amellwind	168	15	50	U	21	14	18	5	12	6	None	Perception	Fireres, lightningres	Normal	None	Bone Armor																		
Wyvern, Fanged, Zinogre	Huge	Dragon	10		Monster Hunter's Manual (★★★★)	u/Amellwind	189	18	40	U	21	15	18	8	14	9	None	None	Lightningimmu	Normal	None	Lightning Aura																		
Wyvern, Flying, Gigginox	Large	Dragon	10		Monster Hunter's Manual (★★★★)	u/Amellwind	168	17	30, fly 20, climb 30	U	19	14	21	16	13	13	None	Perception	Poisonimmu, blindedimmu, charmedimmu, poisondimmu	Blindsight 60	None	Keen Sight, Standing Leap																		
Wyvern, Flying, Khezu	Large	Dragon	10		Monster Hunter's Manual (★★★★)	u/Amellwind	189	17	30, fly 20, climb 30	U	22	9	21	5	11	1	None	Perception	Lightningimmu, blindedimmu, paralyzedimmu, charmedimmu	Blindsight 60	None	Keen Smell, Standing Leap, Electric Barrier																		
Wyvern, Flying, Rathalos	Huge	Dragon	10		Monster Hunter's Manual (★★★★)	u/Amellwind	149	18	40, fly 80	U	21	10	21	8	13	10	None	Athletics, Perception	Fireimmu, poisonres, charmedimmu, frightenedimmu	Darkvsion 60	None	None																		
Aboleth	Large	Aberration	10		Monster Manual	Wizards of the Coast	135	17	10, swim 40	LE	21	9	15	18	15	18	CON, INT, WIS	History, Perception	None	Darkvision 120	Deep Speech, Telepathy 120	Amphibious,  Mucous Cloud, Probing Telepathy, Legendary, Lair																		
Angel, Deva	Medium	Celestial	10		Monster Manual	Wizards of the Coast	136	17	30, 90 fly	LG	18	18	18	17	20	20	WIS, CHA	Insight, Perception	Radiantres, nonmagicalres, charmedimmu, exhaustionimmu, frightenedimmu	Darkvision 120	All, Telepathy 120	Angelic Weapons, Innate Spellcasting, Magic Resistance																		
Demon, Yochlol	Medium	Fiend (Demon)	10		Monster Manual	Wizards of the Coast	136	15	30, 30 climb	CE	15	14	18	13	15	15	DEX, INT, WIS, CHA	Deception, Insight	Coldres, fireres, lightningres, nonmagicalres, poisonimmu, poisonedimmu	Darkvision 120	Abyssal, Elvish, Undercommon	Shapechanger, Magic Resistance, Spider Climb, Innate Spellcasting, Web Walker																		
Dragon, Chromatic, Red, Young	Large	Dragon	10		Monster Manual	Wizards of the Coast	178	18	30, climb 30, fly 60	CE	23	10	21	14	11	19	DEX, CON, WIS, CHA	Perception, Stealth	Fireimmu	Blindsight 10, darkvision 60	Common, Draconic	None																		
Dragon, Metallic, Gold, Young	Large	Dragon	10		Monster Manual	Wizards of the Coast	178	18	40, fly 80, swim 40	LG	23	14	21	16	13	20	DEX, CON, WIS, CHA	Insight, Perception, Persuasion, Stealth	Fireimmu	Blindsight 30, darkvision 120	Common, Draconic	Amphibious																		
Golem, Stone	Large	Construct	10		Monster Manual	Wizards of the Coast	178	17	30	U	22	9	20	3	11	1	None	None	Poisonimmu, pyschicimmu, nonadamantineimmu, charmedimmu, exhaustionimmu, frightenedimmu, paralyzedimmu, petrifiedimmu,  poisonedimmu	Darkvision 120	Creator	Immutable Form, Magic Resistance, Magic Weapons																		
Naga, Guardian	Large	Monstrosity	10		Monster Manual	Wizards of the Coast	127	18	40	LG	19	18	16	16	19	18	DEX, CON, INT, WIS, CHA	None	Poisonimmu, charmedimmu, poisonedimmu	Darkvision 60	Celestial, Common	Rejuvenation, Normal Spellcasting																		
Slaad, Death	Medium	Aberration	10		Monster Manual	Wizards of the Coast	170	18	30	CE	20	15	19	15	10	16	None	Arcana, Perception	Acidres, coldres, fireres, lightningres, thunderres	Blindsight 60, darkvision 60	Own, telepathy 60	Shapechanger, Innate Spellcasting, Magic Resistance, Magic Weapons, Regeneration																		
Aboleth Spellcaster	Large	Aberration	10		Monster Module (★★★★)	u/Jonoman3000	135	17	10, swim 40	LE	21	9	15	18	15	18	CON, INT, WIS	History, Perception	None	Darkvision 120	Deep Speech, Telepathy 120	Amphibious,  Mucous Cloud, Probing Telepathy, Legendary, Lair, Innate Spellcasting																		
Amphibious, Speak with Frogs, Speak with Toads, Standing Leap, Swam Camouflage	Medium	Celestial	10.00		Monster Module (★★★★)	u/Jonoman3000	136	17	30, 90 fly	LG	18	18	18	17	20	20	WIS, CHA	Insight, Perception	Radiantres, nonmagicalres, charmedimmu, exhaustionimmu, frightenedimmu	Darkvision 120	All, Telepathy 120	Angelic Weapons, Innate Spellcasting, Magic Resistance, Ethereal Sight, Etherealness, Divine Enemy																		
Angel, Deva, Astral	Medium	Celestial	10		Monster Module (★★★★)	u/Jonoman3000	136	17	30, 90 fly	LG	18	18	18	17	20	20	WIS, CHA	Insight, Perception	Radiantres, nonmagicalres, charmedimmu, exhaustionimmu, frightenedimmu	Darkvision 120	All, Telepathy 120	Angelic Weapons, Innate Spellcasting, Magic Resistance																		
Basilisk, Greater	Huge	Monstrosity	10.00		Monster Module (★★★★)	u/Jonoman3000	142	17	40, swim 40	U	20	13	16	6	13	8	CON, WIS	None	Poisonres, poisonedimmu	Darkvision 90	None	Petrifying Gaze																		
Cambion, Spawn of Graz'zt	Medium	Fiend	10.00		Monster Module A-C	u/Jonoman3000	119	17	30, fly 60	CE	20	14	19	16	15	21																								
Chimera, Astral	Large	Monstrosity	10		Monster Module A-C	u/Jonoman3000	170	15	40, swim 30	NG	20	15	16	11	13	18																								
Devil, Orthon	Large	Fiend (Devil)	10		Mordenkainen's Tome of Foes	Wizards of the Coast	105	17	30, climb 30	LE	22	16	21	15	15	16	DEX, CON, WIS	Perception, Stealth, Survival	COldres, nonmagicalres, nonsilveredres, fireimmu, poisonimmu, charmedimmu, exhaustionimmu, poisonedimmu	Darkvision 120, truesight 30	Common, INfernal, telepathy 120	Invisibility Field, Magic Resistance																		
Eladrin, Autumn	Medium	Fey	10		Mordenkainen's Tome of Foes	Wizards of the Coast	127	19	30	CN	12	16	16	14	17	18	None	Insight, Medicine	Nonmagicalres	Darkvision 60	Common, Elvish, Sylvan	Enchanting Presence, Fey Step, Innate Spellcasting, Magic Resistance																		
Eladrin, Spring	Medium	Fey	10		Mordenkainen's Tome of Foes	Wizards of the Coast	127	19	30	CN	14	16	16	18	11	18	None	Deception, Persuasion	Nonmagicalres	Darkvision 60	Common, Elvish, Sylvan	Fey Step, Innate Spellcasting, Joyful Presence, Magic Resistance																		
Eladrin, Summer	Medium	Fey	10		Mordenkainen's Tome of Foes	Wizards of the Coast	127	19	50	CN	19	21	16	14	12	18	None	Athletics, Intimidation	Nonmagicalres	Darkvision 60	Common, Elvish, Sylvan	Fearsome Presence, Fey Step, Magic Resistance																		
Eladrin, Winter	Medium	Fey	10.00		Mordenkainen's Tome of Foes	Wizards of the Coast	127	19	30	CN	11	10	16	18	17	13	None	None	Coldres, nonmagicalres	Darkvision 60	Common, Elvish, Sylvan	Fey Step, Innate Spellcasting, Magic Resistance, Sorrowful Presence																		
Githyanki Gish	Medium	Humanoid (Gith)	10.00		Mordenkainen's Tome of Foes	Wizards of the Coast	123	17	30	LE	17	15	14	16	15	16	CON, INT, WIS	Insight, Perception, Stealth	None	Normal	Own	Innate Spellcasting (Psionics), Normal Spellcasting, War Magic																		
Githzerai Enlightened	Medium	Humanoid (Gith)	10.00		Mordenkainen's Tome of Foes	Wizards of the Coast	112	18	30	LN	14	19	16	17	19	13	STR, DEX, INT, WIS	Arcana, Insight, Perception	None	Normal	Own	Innate Spellcasting (Psionics), Psychic Defense																		
Oblex, Elder	Huge	Ooze	10.00		Mordenkainen's Tome of Foes	Wizards of the Coast	115	16	20	LE	15	16	21	22	13	18	INT, CHA	Arcana, Deception, History, Nature, Perception, Religion	Blindedimmu, charmedimmu, deafenedimmu, exhaustionimmu, proneimmu	Blindsight 60	Common, Any	Amorphous, Aversion to Fire, Innate Spellcasting, Sulfurous Impersonation																		
Star Spawn Hulk	Large	Aberration	10.00		Mordenkainen's Tome of Foes	Wizards of the Coast	136	16	30	CE	20	8	21	7	12	9	DEX, WIS	Perception	Nonmagicalres, charmedimmu, frightenedimmu	Darkvision 60	Deep Speech	Psychic Mirror																		
Iron Knuckle	Medium	Construct	10		Plane Shift - Hyrule (★)	u/LeakyLicanthrope	168	20	25	N	22	10	20	10	10	10	None	Perception	Nonmagicalres, nonadamantineres, forceimmu, necroticimmu, poisonimmu, blindedimmu, charmedimmu, deafenedimmu, frightenedimmu, paralyzedimmu, petrifiedimmu, poisonedimmu, stunnedimmu	Blindsight 60	Creator	Magic Resistance, Magic Weapons, Spell Immunity, Weak Armor																		
Athach	Huge	Giant	10		Skip's Guide to Monsters (★★)	u/Drewfro666	161	13	50	CE	23	13	21	7	12	6	None	Perception	None	Darkvision 60	Giant	None																		
Basilisk, Greater, Abyssal	Large	Fiend	10		Skip's Guide to Monsters (★★)	u/Drewfro666	209	15	20	CE	20	8	18	6	8	7	None	None	Coldres, fireres, lightningres, nonmagicalres, poisonimmu, poisonedimmu	Darkvision 60	Abyssal	Petrifying Gaze																		
Salamander, Noble	Large	Elemental	10		Skip's Guide to Monsters (★★)	u/Drewfro666	150	18	30	NE	18	14	15	16	10	12	None	None	Coldweak, nonmagicalres, fireimmu	Darkvision 60	Ignan	Heated Body, Innate Spellcasting																		
Kraken, Malformed	Huge	Monstrosity	10		Tales from the Yawning Portal	Wizards of the Coast	172	17	20, swim 40	CE	25	11	20	11	15	15	STR, CON, INT, WIS, CHA	None	Nonmagicalres, lightningimmu, frightenedimmu, paralyzedimmu	Truesight 60	Common, telepathy 60	Amphibious, Siege Monster																		
Ooze Master	Huge	Undead	10		Tales from the Yawning Portal	Wizards of the Coast	138	9	30, climb 30	LE	16	1	20	17	10	16	INT, WIS	Arcana, Insight	Lightningres, necroticres, nonmagicalres, acidimmu, coldimmu, poisonimmu, blindedimmu, charmedimmu, deafenedimmu, exhaustionimmu, frightenedimmu, paralyzedimmu, poisonedimmu, proneimmu	Blindsight 120	Common, Primordial, Thayan	Corrosive Form, Instinctive Attack, Normal Spellcasting, Spider Climb																		
White Maw	Gargantuan	Ooze	10		Tales from the Yawning Portal	Wizards of the Coast	217	5	10	CN	18	1	20	12	10	3	None	None	Acidres, coldres, fireres, poisonimmu, blindedimmu, charmedimmu, deafenedimmu, exhuastionimmu, frightenedimmu, poisonedimmu, proneimmu	Blindsight 60	Telepathy 50	Amorphous Form, Corrode Metal, False Appearance, Killer Response																		
Mantidrake, White	Large	Monstrosity	10		Through the Ice and Snow (★)	u/LordMediocre	115	15	30, fly 50	LE	23	15	20	9	14	13	DEX, CON	Perception	Coldimmu	Darkvision 60	Common, Draconic	Flyby, Keen Smell																		
Misc. Creature, Mastodon	Huge	Beast	10		Through the Ice and Snow (★)	u/LordMediocre	184	15	40	U	30	12	20	2	13	7	DEX, CON	Perception	None	Normal	None	Keen Smell, Trampling Charge																		
Gargoyle, Giant Four-Armed	Large	Elemental	10		Tomb of Annihilation	Wizards of the Coast	147	17	30, fly 60	CE	19	11	20	6	11	9	WIS	Perception	Nonmagicalres, nonadamantineres, poisonimmu, exhaustionimmu, petrifiedimmu, poisonedimmu	Darkvision 60	Terran	False Appearance																		
Beholder, Death Kiss	Large	Aberration	10		Volo's Guide to Monsters	Wizards of the Coast	161	16	fly 30	NE	18	14	18	10	12	10	CON, WIS	Perception	Lightningimmu, proneimmu	Darkvision 120	Deep Speech, Undercommon	Lightning Blood																		
Froghemoth	Huge	Monstrosity	10		Volo's Guide to Monsters	Wizards of the Coast	184	14	30, swim 30	U	23	13	20	2	12	5	CON, WIS	Perception, Stealth	Fireres, lightningres	Darkvision 60	None	Amphibious, Shock SUsceptibility																		
Giant, Stone, Dreamwalker	Huge	Giant (Stone)	10		Volo's Guide to Monsters	Wizards of the Coast	161	18	40	CN	23	14	21	10	8	12	DEX, CON, WIS	Athletics, Perception	Charmedimmu, frightenedimmu	Darkvision 60	Common, Giant	Dreamwalker's Charm																		
Mind Flayer, Alhoon	Medium	Undead	10		Volo's Guide to Monsters	Wizards of the Coast	120	15	30	ANY EVIL	11	12	16	19	17	17	CON, INT, WIS, CHA	Arcana, Deception, History, Insight, Perception, Stealth	Coldres, lightningres, necroticres, poisonimmu, nonmagicalimmu, charmedimmu, exhaustionimmu, frightenedimmu, paralyezdimmu, poisonedimmu	Truesight 120	Deep Speech, Undercommon, telepathy 120	Magic Resistance, Innate Spellcasting (Psionics), Normal Spellcasting, Turn Resistance																		
Astral Lynx	Large	Monstrosity	11	https://www.gmbinder.com/share/-LSNMh6eX2Cm0VdsuZTr#:~:text=Astral%20Lynx	All the Lights in the Sky Are Stars	u/aeyana	161	17	50	CN	22	21	19	20	14	13																								
Dryad, Spriggan	Medium	Fey	11		Book of Beautiful Horrors (★★)	u/regerem	153	17	30	CE	16	16	18	11	16	20	DEX, WIS	Perception, Stealth	Fireweak, nonmagicalres, nonsilveredres, poisonimmu, poisonedimmu	Darkvision 60	Elvish, Sylvan	Wood Aspect, Innate Spellcasting, Hybrid Nature, Magic Resistance, Speak with Beasts, Speak with Plants, Tree Stride, Lair																		
Ghoul, Crypt Horror	Large	Undead	11		Book of Beautiful Horrors (★★)	u/regerem	162	15	40	CE	22	14	24	6	13	8	None	None	Coldres, lightningres, necroticimmu, poisonimmu, charmedimmu, exhaustionimmu, frightenedimmu, paralyzedimmu, poisonedimmu	Darkvision 60	Abyssal, Common	Crushing Might, Frightful Presence, Regeneration, Turning Defiance																		
Wraith, Shade Host	Huge	Undead	11		Book of Beautiful Horrors (★★)	u/regerem	184	13	fly 60	CE	6	16	20	7	12	13	None	None	Bludgeoningres, coldres, lightningres, piercingres, slashingres, necroticimmu, poisonimmu, charmedimmu, exhaustionimmu, frightenedimmu, grappledimmu, paralyzedimmu, petrifiedimmu, poisonedimmu, proneimmu, restrainedimmu	Darkvision 60	Alive	Incorporeal Swarm, Howling Hatred, Negative Energy Aura, Shade Host Weaknesses, Repelled by Salt, Sunlight Hypersensitivity																		
Baba Lysaga's Creeping Hut	Gargantuan	Construct	11		Curse of Strahd	Wizards of the Coast	263	16	30	U	26	7	20	1	3	3	CON, WIS, CHA	None	Poisonimmu, psychicimmu, blindedimmu, charmedimmu,  deafenedimmu, exhaustionimmu, frightenedimmu, paralyzedimmu, petrifiedimmu, proneimmu	Blindsight 120	None	False, Siege																		
Garl Vinland	Medium	Character (Human)	11		Demon's Souls Compendium (★)	u/TectonicImprov	143	18	30	NG	21	10	17	12	16	12	STR, CON, WIS	Athletics, Persuasion	Charmedimmu	Normal	Common	Dark Silver Enchantment, Astraea's Blessing, Divine Smite																		
Demon, Ghour	Huge	FIend (Demon)	11		Forgotten Realms Stat Blocks (★★★)	u/Drewfro666	230	18	40	CE	23	8	20	15	13	11	None	Perception	Coldres, fireres, lightningres, nonmagicalres, poisonimmu, poisonedimmu	Darkvision 120	Abyssal, telepathy 120	Magic Resistance																		
Phaerimm, Elder	Huge	Aberration	11		Forgotten Realms Stat Blocks (★★★)	u/Drewfro666	208	18	fly 30	NE	20	9	16	19	19	21	None	Arcana	None	Truesight 120	Common, telepathy 120	Magic Resistance, Normal Spellcasting																		
Rither	Huge	Monstrosity	11.00		https://dmdave.com/jacks-monsters-1/	u/hamrickbrands	187	9	10	N	25	9	23	5	13	8																								
Famine Spirit	Medium	Undead	11		https://drive.google.com/file/d/1YxCrJevrMZL4M4xqCkHSQ960D7PLr2R0/view	u/badooga1	127	15	fly 50	NE	1	20	16	14	15	20																								
Marcus Hape	Medium	Humanoid (Human)	11.00		https://drive.google.com/file/d/1YxCrJevrMZL4M4xqCkHSQ960D7PLr2R0/view	u/badooga1	120	19	40	CE	13	20	18	12	12	17																								
Boogie Man	Large	Aberration	11		https://www.reddit.com/r/1d6Adventurers/comments/79wizc/this_is_halloween_with_a_bonus_boogie_man/	1d6Adventurers																																		
Giant, Frost, Jarl	Huge	Giant	11.00		https://www.reddit.com/r/monsteraday/comments/3p02np/day_61_frost_giant_jarl/	StoneStrix																																		
Gift of Aldanach	Small	Fiend	11		https://www.reddit.com/r/monsteraday/comments/5x5jo1/day_4_gift_of_aldanach/	1d6Adventurers																																		
Hag, Bog	Medium	Fey	11		https://www.reddit.com/r/monsteraday/comments/642dpi/day_30_bog_hag/	1d6Adventurers																																		
Knight, Stag	Medium	Fey	11		https://www.reddit.com/r/monsteraday/comments/6bbysr/day_56_stag_knight/	1d6Adventurers																																		
Wrecker	Huge	Construct	11		https://www.reddit.com/r/monsteraday/comments/6jn4gd/day_86_wrecker/	1d6Adventurers																																		
Aven Stormcaller	Medium	Humanoid (Aven)	11		https://www.reddit.com/r/monsteraday/comments/6lvveq/day_95_aven_stormcaller/	1d6Adventurers																																		
Hellephant	Huge	Fiend	11		https://www.reddit.com/r/monsteraday/comments/6s7dk1/day_116_hellephant/	1d6Adventurers																																		
Golem, Ironwood	Large	Construct	11		https://www.reddit.com/r/monsteraday/comments/7nxd12/day_223_ironwood_golem/	1d6Adventurers																																		
Beholder, Gouger	Large	Aberration	11		https://www.reddit.com/r/monsteraday/comments/7uu1vk/day_245_beholderkin_gouger/	1d6Adventurers																																		
Mishipeshu	Large	Monstrosity	11		https://www.reddit.com/r/monsteraday/comments/80pjph/day_262_mishipeshu/	1d6Adventurers																																		
Kurdra	Huge	Monstrosity	11		https://www.reddit.com/r/monsteraday/comments/8a2b5k/day_289_kurdra/	1d6Adventurers																																		
Gitrog	Huge	Monstrosity	11		https://www.reddit.com/r/monsteraday/comments/8b9vhp/day_292_gitrog/	1d6Adventurers																																		
Oni of Wa, Hate	Large	Giant	11		https://www.reddit.com/r/monsteraday/comments/8fd8ye/day_305_oni_of_wa/	1d6Adventurers																																		
Ghour	Large	Fiend (Demon)	11.00		https://www.reddit.com/r/monsteraday/comments/8wne5v/day_355_ghour/	1d6Adventurers																																		
Giant, Frost, Shaman	Gargantuan	Giant	11		Ixor's Manual of Monstrous Findings (★★)	u/thorn1993	155	15	40	NE	23	9	21	10	20	13	CON, WIS, CHA	Athletics, Insight, Perception	Coldimmu	Normal	Giant	Normal Spellcasting																		
Giant, Frost, Witch Doctor	Gargantuan	Giant	11		Ixor's Manual of Monstrous Findings (★★)	u/thorn1993	186	15	40	NE	23	9	21	19	10	12	CON, WIS, CHA	Arcana, Athletics, Perception	Coldimmu	Normal	Common, GIant	Normal SPellcasting																		
Skeleton General	Medium	Undead	11.00		Ixor's Manual of Monstrous Findings (★★)	u/thorn1993	195	18	30	LE	20	14	15	16	14	8	None	Athletics, Perception	Poisonimmu, exhaustionimmu, poisonedimmu	Darkvision 60	Alive	Brute, Indomitable, Iron Grip																		
Dragon, Elder, Dire Miralis	Gargantuan	Dragon	11		Monster Hunter's Manual (★★★★)	u/Amellwind	186	18	30, swim 30	U	24	16	21	12	15	9	WIS, CHA	None	Fireimmu, frightenedimmu	Blindsight 120	Draconic	Legendary Resistance, Magma Armor, Siege Monster																		
Leviathan, Mizutsune	Huge	Dragon	11		Monster Hunter's Manual (★★★★)	u/Amellwind	184	17	50, swim 40	U	17	23	21	12	15	10	DEX, WIS	Acrobatics, Perception	None	Darkvision 60	None	Oiled Body																		
Neopteron, Seltas Queen	Huge	Monstrosity	11		Monster Hunter's Manual (★★★★)	u/Amellwind	142	18	40	U	15	18	17	10	12	6	None	None	None	Normal	None	Drone Slave																		
Wyvern, Bird, Qurupeco, Crimson	Large	Dragon	11		Monster Hunter's Manual (★★★★)	u/Amellwind	135	17	30, fly 30, swim 40	U	14	16	15	7	14	16	CHA	Performance	Fireres	Normal	None	Sensitive Ears, Innate SPellcasting																		
Wyvern, Flying, Nargacuga	Huge	Dragon	11		Monster Hunter's Manual (★★★★)	u/Amellwind	231	17	50, fly 30	U	22	17	18	8	12	6	None	Stealth	None	Darkvision 120	None	Shadow Stealth																		
Wyvern, Piscine, Jyuratodus	Huge	Dragon	11		Monster Hunter's Manual (★★★★)	u/Amellwind	142	16	30, swim 30	U	19	18	16	8	12	13	None	None	Coldimmu, nonmagicalimmu	Darkvision 60	None	Wallow																		
Behir	Huge	Monstrosity	11		Monster Manual	Wizards of the Coast	168	17	50, climb 40	NE	23	16	18	7	16	12	None	Perception, Stealth	Lightningimmu	Darkvision 90	Draconic	None																		
Devil, Horned	Large	Fiend (Devil)	11		Monster Manual	Wizards of the Coast	178	18	20, fly 60	LE	22	17	21	12	16	17	STR, DEX, WIS, CHA	None	Coldres, nonmagicalres, nonsilveredres, fireimmu, poisonimmu, poisonedimmu	Darkvision 120	Infernal, telepathy 120	Devil's Sight, Magic Resistance																		
Genie, Dao	Large	Elemental	11		Monster Manual	Wizards of the Coast	187	18	30, burrow 30, fly 30	NE	23	12	24	12	13	14	INT, WIS, CHA	None	Petrifiedimmu	Darkvision 120	Terran	Earth Glide, Elemental Demise, Innate Spellcasting, Sure-Footed																		
Genie, Djinni	Large	Elemental	11		Monster Manual	Wizards of the Coast	161	17	30, fly 90	CG	21	15	22	15	16	20	DEX, WIS, CHA	None	Lightningimmu, thunderimmu	Darkvision 120	Auran	Elemental Demise, Innate Spellcasting																		
Genie, Efreeti	Large	Elemental	11		Monster Manual	Wizards of the Coast	200	17	40, fly 60	LE	22	12	24	16	15	16	INT, WIS, CHA	None	Fireimmu	Darkvision 120	Ignan	Elemental Demise, Innate Spellcasting																		
Genie, Marid	Large	Elemental	11		Monster Manual	Wizards of the Coast	229	17	30, fly 60, swim 90	CN	22	12	26	18	17	18	DEX, WIS, CHA	None	Acidimmu, coldimmu, lightningimmu	Blindsight 30, darkvision 120	Aquan	Amphibious, Elemental Demise, Innate Spellcasting																		
Remorhaz	Huge	Monstrosity	11.00		Monster Manual	Wizards of the Coast	195	17	30, burrow 20	U	24	13	21	4	10	5	None	None	Coldimmu, fireimmu	Darkvision 60, tremorsense 60	None	Heated Body																		
Roc	Gargantuan	Monstrosity	11		Monster Manual	Wizards of the Coast	248	15	20, fly 120	U	28	10	20	3	10	9	DEX, CON, WIS, CHA	Perception	None	Normal	None	Keen Sight																		
Sphinx, Gyno	Large	Monstrosity	11		Monster Manual	Wizards of the Coast	136	17	40, fly 60	LN	18	15	16	18	18	18	None	Arcana, History, Perception, Religion	Nonmagicalres, psychicimmu, charmedimmu, frightenedimmu	Truesight 120	Common, Own	Inscrutable, Magic Weapons, Normal Spellcasting, Legendary, Lair																		
Balhannoth	Large	Aberration	11		Mordenkainen's Tome of Foes	Wizards of the Coast	114	17	25, climb 25	CE	17	8	18	6	15	8	CON	Perception	Blindedimmu	Blindsight 500	Deep Speech, telepathy 1 mile	Legendary, Lair																		
Demon, Alkilith	Medium	Fiend (Demon)	11		Mordenkainen's Tome of Foes	Wizards of the Coast	157	17	40	CE	12	19	22	6	11	7	DEX, CON	Stealth	Acidres, coldres, fireres, nonmagicalres, poisonimmu, charmedimmu, frightenedimmu, poisonedimmu	Darkvision 120	Abyssal	Amorphous, False Appearance, Foment Madness, Magic Resistance																		
Drow Shadowblade	Medium	Humanoid (Elf)	11		Mordenkainen's Tome of Foes	Wizards of the Coast	150	17	30	NE	14	21	16	12	14	13	DEX, CON, WIS	Perception, Stealth	None	Darkvision 120	Elvish, Undercommon	Fey Ancestry, Innate Spellcasting, Shadow Step, Sunlight Sensitivity																		
Shadar-Kai Soul Monger	Medium	Humanoid (Elf)	11		Mordenkainen's Tome of Foes	Wizards of the Coast	123	15	30	N	8	17	14	19	15	13	DEX, WIS, CHA	Perception	Necroticimmu, psychicimmu, charmedimmu, exhaustionimmu, frightenedimmu	Darkvision 60	Common, Elvish	Fey Ancestry, Innate Spellcasting, Magic Resistance, Soul Thirst, Weight of Ages																		
Sorrowsworn, The Hungry	Medium	Monstrosity	11		Mordenkainen's Tome of Foes	Wizards of the Coast	225	17	30	NE	19	10	17	6	11	6	None	None	Darknessres	Darkvision 60	Common	Life Hunger																		
Troll, Spirit	Large	Giant	11		Mordenkainen's Tome of Foes	Wizards of the Coast	97	17	30	CE	1	17	13	8	9	16	None	Perception	Acidres, coldres, fireres, lightningres, thunderres, nonmagicalimmu, exhaustionimmu, grappledimmu, paralyzedimmu, petrifiedimmu, proneimmu, restrainedimmu, unconsciousimmu	Darkvision 60	Giant	Incorporeal Movement, Regeneration																		
Yugoloth, Yagno	Large	Fiend (Yugoloth)	11		Mordenkainen's Tome of Foes	Wizards of the Coast	147	17	40	NE	19	14	21	16	15	18	DEX, INT, WIS, CHA	Deception, Insight, Perception, Persuasion	Coldres, fireres, lightningres, nonmagicalres, acidimmu, poisonimmu, poisonedimmu	Blindsight 60, darkvision 60	Abyssal, Infernal telepathy 60	Innate Spellcasting, Magic Resistance, Magic Weapons																		
Naergoth Bladelord	Medium	Undead	11		Rise of Tiamat	Wizards of the Coast	135	18	30	NE	20	12	16	12	14	16	DEX, WIS	Perception, Stealth	Necroticres, nonmagicalres, poisonimmu, exhaustionimmu, poisonedimmu	Darkvision 60	Common, Draconic	Sunlight Sensitivity																		
Black Knight, Fiendish	Medium	Fiend	11		Single (★★)	u/ULiopleurodon	178	20	25	LE	20	11	20	12	16	18	WIS, CHA	Intimidation	Radiantweak, necroticimmu, poisonimmu, exhaustionimmu, frightenedimmu, poisonedimmu, unconsciousimmu	Darkvision 60	Common, Infernal, Undercommon, Darkspeech, Own	Decaying Steel, One with the Dark, Magic Resistance																		
Aboleth Mage	Large	Aberration	11		Skip's Guide to Monsters (★★)	u/Drewfro666	135	17	10, swim 40	LE	21	9	15	18	15	18	CON, INT, WIS	History, Perception	None	Darkvision 120	Deep Speech, Telepathy 120	Amphibious,  Mucous Cloud, Probing Telepathy, Legendary, Lair, Normal Spellcasting																		
Demon, Bebilith	Huge	Fiend	11		Skip's Guide to Monsters (★★)	u/Drewfro666	195	17	40, climb 20	CE	23	12	21	11	13	13	None	Perception, Stealth	Nonmagicalres	Blindsight 30, darkvision 60	Abyssal, telepathy 120	Innate Spellcasting, Rend Armor																		
Devil, Hamatula	Medium	Fiend (Devil)	11		Skip's Guide to Monsters (★★)	u/Drewfro666	153	18	30	LE	18	18	18	12	14	16	STR, CON, WIS, CHA	Deception, Insight, Perception	Coldres, nonmagicalres, fireimmu, poisonimmu, poisonedimmu	Darkvision 120	Infernal, telepathy 120	Barbed Hide, Devil's Sight, Innate Spellcasting, Magic Resistance																		
Frost Worm	Huge	Monstrosity	11		Skip's Guide to Monsters (★★)	u/Drewfro666	172	16	30, burrow 10	U	25	10	20	2	11	11	None	None	Fireweak, coldimmu	Normal	None	Death Throes, Frigid Body																		
Hydra, Seven-Headed	Huge	Monstrosity	11		Skip's Guide to Monsters (★★)	u/Drewfro666	218	16	30, swim 30	U	22	12	20	2	10	7	None	Perception	None	Darkvision 60	None	Hold Breath, Multiple Heads, Reactive HEads, Wakeful																		
Unicorn, Celestial Charger	Large	Celestial	11		Skip's Guide to Monsters (★★)	u/Drewfro666	135	12	50	LG	18	14	15	11	20	16	None	None	Poisonimmu, charmedimmu, paralyzedimmu, poisonedimmu	Darkvision 60	Celestial, Elvish, Sylvan, telepathy 60	Legendary, Lair, Charge, Innate Spellcasting, Magic Resistance, Magic Weapons, Normal Spellcasting																		
Bowling ball monster	Gargantuan	Monstrosity	11	https://docs.google.com/document/d/1dvK7F77c64SoFjstG9rYURPBFaGzL0uagUfyFc1y24Y/edit?tab=t.0	Virasco 2000	Shwifty_meme_lord	140	22	30	chaotic evil	20	18	18	6	6	6	STR, DEX, CON	None	Bludgeoningimmu, Slashingimmu, Piercingimmu	Normal	Common	None	20.5	5	FALSE	0	FALSE	0	3	0	14	FALSE	0	0	0	2	0	0	16.5	
Giant, Cloud, Smiling One	Huge	Giant (Cloud)	11		Volo's Guide to Monsters	Wizards of the Coast	262	15	40	CN	26	12	22	15	16	17	CON, INT, CHA	Deception, Insight, Perception, Sleight of Hand	None	Normal	Common, Giant	INnate Spellcasting, Normal Spellcasting, Keen Smell																		
Morkoth	Medium	Aberration	11		Volo's Guide to Monsters	Wizards of the Coast	130	17	25, swim 50	CE	14	14	14	20	15	13	DEX, INT, WIS	Arcana, History, Perception, Stealth	Nonmagicalres	Blindsight 30, darkvision 120	Telepathy 120	Amphibious, Normal Spellcasting																		
Golem, Meteor	Large	Construct	12	https://www.gmbinder.com/share/-LSNMh6eX2Cm0VdsuZTr#:~:text=Meteor%20Golem	All the Lights in the Sky Are Stars	u/aeyana	142	18	30	U	22	11	19	3	11	1																								
Vampire, Ekimmara Scourge	Large	Undead	12		Book of Beautiful Horrors (★★)	u/regerem	137	16	40	CE	22	18	20	7	14	14	None	Perception, Stealth	Necroticres, nonmagicalimmu, frightenedimmu	Blindsight 120, darkvision 120	Common	Echolocation, Regeneration, Spider Climb, Sunlight Sensitivity, Legendary, Mimicry																		
Vampire, Garkain, Alpha	Large	Undead	12		Book of Beautiful Horrors (★★)	u/regerem	212	16	30	CE	20	16	25	8	12	14	None	Perception, Stealth	Necroticres, poisonres, nonmagicalres, frightenedimmu, poisonedimmu	Darkvision 120	Alive	Grievous Presence, Spider Climb, Stain																		
Wild Hunt, Naglfar	Gargantuan	Construct	12		Book of Beautiful Horrors (★★)	u/regerem	297	16	fly 60	CE	22	7	24	3	3	16	CON, WIS	None	Coldimmu, poisonimmu, psychicimmu, blindedimmu, charmedimmu, deafenedimmu, exhaustionimmu, frightenedimmu, paralyzedimmu, petrifiedimmu, proneimmu	Blindsight 120	None	Innate Spellcasting, Antimagic Susceptibility, Magic Resistance, Soul Choir																		
Wild Hunt, Tormentor	Medium	Fey	12.00		Book of Beautiful Horrors (★★)	u/regerem	142	18	30	NE	18	17	20	20	8	16	INT, WIS, CHA	Deception, Intimidation, Perception	Nonmagicalres, nonsilveredres, coldimmu, psychicimmu, charmedimmu, frightenedimmu	Darkvision 60	Elvish, Primordial, Sylvan, telepathy 120	Innate Spellcasting (Psionics), Psychic Absorption, Psychic Weapons																		
Wild Hunt, White Frost, Hjarthane	Large	Elemental	12.00		Book of Beautiful Horrors (★★)	u/regerem	114	16	30	NE	18	10	18	5	10	7	None	None	Fireweak, nonmagicalres, coldimmu, poisonimmu, exhaustionimmu, paralyzedimmu, poisonedimmu, unconsciousimmu	Darkvision 60	Primordial	Detect Heat, Drain Warmth, Ice Walk, Hjarthane Bound, Regeneration																		
Wild Hunt, White Frost, Jörmungandr	Huge	Elemental	12.00		Book of Beautiful Horrors (★★)	u/regerem	172	17	fly 50	CE	20	24	20	8	15	7	DEX, CON	Perception, Stealth	Fireweak, nonmagicalres, coldimmu, poisonimmu, grappledimmu, paralyzedimmu, poisonedimmu, proneimmu, restrainedimmu	Darkvision 120	Primordial	Etherealness, Evasion, Snowy Stealth																		
Cruorbeast, Hulk	Huge	Undead	12		Dark Arts Player's Companion (☪)	u/Jonoman3000	175	16	40	U	23	16	22	13	16	15	None	Athletics, Intimidation, Perception	Necroticres, nonmagicalres	Blindsight 60	None	Echolocation, Keen Hearing, Flying Leap, Regeneration																		
Black Phantom Old Monk	Medium	Humanoid	12		Demon's Souls Compendium (★)	u/TectonicImprov	165	17	30	NE	14	15	13	24	19	19	INT, WIS, CHA	Arcana, Religion, Deception	Forceres, coldres, acidres, fireres, poisonres, thunderres, lightningres, charmedimmu	Normal	Common, infernal, Abyssal, Deep SPeech, Celestial	Brilliant Battler, Legendary Resistance																		
Beast of Malar	Medium	Monstrosity	12		Forgotten Realms Stat Blocks (★★★)	u/Drewfro666	152	19	60, climb 20, fly 30	CE	23	19	20	10	15	17	STR, DEX, CON	Athletics, Perception, Stealth	Nonmagicalres, frightenedimmu	Darkvision 60	Abyssal, COmmon, Sylvan	Magic Weapons, Pounce, Regeneration, Shapechanger																		
Gulguthydra	Huge	Aberration	12		Forgotten Realms Stat Blocks (★★★)	u/Drewfro666	216	15	30, swim 30	N	22	10	24	6	9	15	CON	Perception	None	Darkvision 120	Own	Hold Breath, Nauseating Stench																		
Inevitable, Kolyarut	Medium	Construct	12		https://drive.google.com/file/d/1YxCrJevrMZL4M4xqCkHSQ960D7PLr2R0/view	u/badooga1	126	18	30	LN	18	13	22	12	17	16																								
The Worm That Walks, Leechwalker, Hideous	Huge	Monstrosity	12		https://drive.google.com/file/d/1YxCrJevrMZL4M4xqCkHSQ960D7PLr2R0/view	u/badooga1	189	19	30, burrow 20, climb 30, swim 30	U	21	7	24	2	8	4																								
Celestial Odobenus	Huge	Celestial	12.00		https://i.redd.it/jb0zvqz2epa31.jpg	u/CinderblockSally	200	15	20, fly 60	CG	19	9	23	10	14	20																								
The Luggage	Medium	Construct	12		https://i.redd.it/kohgp4rejbz11.png	u/Lu__ma	161	16	40, climb 40	CN	22	12	25	8	9	16																								
Alistar, The Minotaur	Huge	Monstrosity	12.00		https://preview.redd.it/6ampvxc5m6y21.png?width=640&crop=smart&auto=webp&s=62d1929a76cd5c97983f7365216d619573f5ff74	u/The_Wicked_DM	243	16	40	LG	23	11	25	8	16	18																								
Golem, Ash	Huge	Construct	12		https://www.reddit.com/r/monsteraday/comments/5wq2hz/day_2_ash_golem/	1d6Adventurers																																		
Carnifer	Huge	Plant	12		https://www.reddit.com/r/monsteraday/comments/63nl2m/day_28_carnifer/	1d6Adventurers																																		
Yeti Abomination	Huge	Aberration	12		https://www.reddit.com/r/monsteraday/comments/6e1y55/day_66_yeti_abomination/	1d6Adventurers																																		
NPC, Cleric, Grave Domain	Medium	Humanoid (Any Race)	12		https://www.reddit.com/r/monsteraday/comments/6fvm7c/day_73_1d6_clerics/	1d6Adventurers																																		
Ancient Temple Guardian	Large	Construct	12		https://www.reddit.com/r/monsteraday/comments/6l1u7j/day_91_ancient_temple_guardian/	1d6Adventurers																																		
Ettin Favoured of Demogorgon	Huge	Giant	12		https://www.reddit.com/r/monsteraday/comments/74a8nx/day_158_ettin_favoured_of_demogorgon/	1d6Adventurers																																		
Hellbug Hellion	Huge	Monstrosity	12		https://www.reddit.com/r/monsteraday/comments/75ytce/day_164_hellbugs_2/	1d6Adventurers																																		
Golem, Marshmallow	Huge	Construct	12		https://www.reddit.com/r/monsteraday/comments/79q8sg/day_176_marshmallow_golem/	1d6Adventurers																																		
Grinch	Medium	Fey	12.00	https://homebrewery.naturalcrit.com/share/S1BEMNtzz	https://www.reddit.com/r/monsteraday/comments/7lbxfe/day_214_grinch/	1d6Adventurers																																		
Valravn	Medium	Undead	12		https://www.reddit.com/r/monsteraday/comments/7rl8ii/day_235_valravn/	1d6Adventurers																																		
Cuegle	Medium	Monstrosity	12		https://www.reddit.com/r/monsteraday/comments/7w7prk/day_249_cuegle/	1d6Adventurers																																		
Kothar Vyth, Chosen of Semuanya	Large	CHaracter (Lizardfolk)	12.00		Ixor's Manual of Monstrous Findings (★★)	u/thorn1993	189	15	40, swim 40	N	23	15	21	8	16	13	STR, WIS, CHA	Athletics, Perception, Stealth, Survival	None	Darkvision 60	Draconic	Aggressive, Brute, Chameleon Skin, Hold Breath, Regeneration																		
WIght Knight	Medium	Undead	12		Ixor's Manual of Monstrous Findings (★★)	u/thorn1993	187	20	30	NE	20	14	18	15	15	15	None	Athletics, Perception	Necroticres, nonmagicalres, nonsilveredres, poisonimmu, charmedimmu, exhaustionimmu, poisonimmu	Darkvision 60	Alive	Reactive, Sunlight Sensitivity																		
Carapaceon, Ceanataur, Shogun	Huge	Beast	12		Monster Hunter's Manual (★★★★)	u/Amellwind	157	17	40, burrow 30, climb 30	U	19	16	18	14	14	16	DEX, CON, WIS	None	Coldres, nonmagicalres	Darkvision 60, tremorsense 60	None	Scuttle																		
Dragon, Elder, Kirin	Large	Celestial	12.00		Monster Hunter's Manual (★★★★)	u/Amellwind	152	20	60	U	21	16	16	19	20	20	None	Perception, Insight, Religion	Lightningimmu, paralyzedimmu	Blindsight 30, darkvision 120	All, telepathy 120	Legendary Resistance, Magic Resistance, Magic Weapons, Normal SPellcasting																		
Dragon, Elder, Lunastras	Huge	Dragon	12		Monster Hunter's Manual (★★★★)	u/Amellwind	150	18	50, fly 40	U	21	17	22	12	15	10	STR, WIS, CHA	Perception	Fireimmu, charmedimmu, frightenedimmu	Blindsight 60, darkvision 120	Draconic	Fire Aura, Poison Susceptibility, Charge, Legendary																		
Wyvern, Flying, Monoblos	Huge	Dragon	12		Monster Hunter's Manual (★★★★)	u/Amellwind	195	19	40, burrow 30	U	24	13	21	4	10	5	WIS	None	None	Darkvision 60, tremorsense 60	None	Underground Charge, Brute																		
Devil, Erinyes	Medium	Fiend (Devil)	12		Monster Manual	Wizards of the Coast	153	18	30, fly 60	LE	18	16	18	14	14	18	DEX, CON, WIS, CHA	None	Coldres, nonmagicalres, nonsilveredres, fireimmu, poisonimmu, poisonedimmu	Truesight 120	Infernal, telepathy 120	Hellish Weapons, Magic Resistance																		
NPC, Archmage	Medium	Humanoid	12		Monster Manual	Wizards of the Coast	99	12	30	ANY	10	14	12	20	15	16	INT, WIS	Arcana, History	Spellres, nonmagicalres	Normal	Any	Magic Resistance, Normal Spellcasting																		
Yugoloth, Arcana	Medium	Fiend	12		Monster Manual	Wizards of the Coast	104	17	30, fly 30	NE	17	12	14	20	16	17	DEX, INT, WIS, CHA	Arcana, Deception, Insight, Perception	Coldres, fireres, lightningres, nonmagicalres, acidimmu, poisonimmu, charmedimmu, poisonedimmu	Truesight 120	All, telepathy 120	Innate Spellcasting, Magic Resistance, Magic Weapons, Normal Spellcasting																		
Boneclaw	Large	Undead	12		Mordenkainen's Tome of Foes	Wizards of the Coast	127	16	40	CE	19	16	15	13	15	9	DEX, CON, WIS	Perception, Stealth	Coldres, necroticres, nonmagicalres, charmedimmu, exhaustionimmu, frightenedimmu, paralyzedimmu, poisonedimmu	Darkvision 60	Common, Any	Rejuvenation, Shadow Stealth																		
Duergar Despot	Medium	Humanoid (Dwarf)	12		Mordenkainen's Tome of Foes	Wizards of the Coast	119	21	25	LE	20	5	19	15	14	13	CON, WIS	None	Poisonimmu, charmedimmu, exhaustionimmu, frightenedimmu, paralyzedimmu, poisonedimmu	Darkvision 120	Dwarvish, Undercommon	Innate Spellcasting, Magic Resistance, Psychic Engine, Sunlight Sensitivity																		
Eidolon	Medium	Undead	12		Mordenkainen's Tome of Foes	Wizards of the Coast	63	9	fly 40	ANY	7	8	9	14	19	16	WIS	Perception	Acidres, fireres, lightningres, thunderres, nonmagicalres, coldimmu, necroticimmu, poisonimmu, charmedimmu, exhaustionimmu, frightenedimmu, grappledimmu, paralyzedimmu, petrifiedimmu, poisonedimmu, proneimmu, restrainedimmu	Darkvision 60	Any	Incorporeal Movement, Sacred Animation, Turn Resistance																		
Eidolon, Sacred Statue	Large	Construct	12		Mordenkainen's Tome of Foes	Wizards of the Coast	95	19	25	ANY	19	8	19	14	19	16	WIS	None	Acidres, fireres, lightningres, nonmagicalres, coldimmu, necroticimmu, poisonimmu, charmedimmu, exhaustionimmu, frightenedimmu, paralyzedimmu, petrifiedimmu, poisonedimmu	Darkvision 60	Any	False Appearance, Ghostly Inhabitant, Inert																		
Githyanki Kith'Rak	Medium	Humanoid (Gith)	12		Mordenkainen's Tome of Foes	Wizards of the Coast	180	18	30	LE	18	16	17	16	15	17	CON, INT, WIS	Intimidation, Perception	None	Normal	Own	Innate Spellcasting (Psionics), Rally the Troops																		
Gray Render	Large	Monstrosity	12		Mordenkainen's Tome of Foes	Wizards of the Coast	189	19	30	CN	19	13	20	3	6	8	STR, CON	Perception	None	Darkvision 60	None	None																		
Yugoloth, Oino	Medium	Fiend (Yugoloth)	12		Mordenkainen's Tome of Foes	Wizards of the Coast	126	17	40	NE	19	17	18	17	16	19	CON, WIS	Deception, Intimidation, Perception	Coldres, fireres, lightningres, nonmagicalres, acidimmu, poisonimmu, poisonedimmu	Blindsight 60, darkvision 60	Abyssal, Infernal, telepathy 60	Bringer of Plagues, Innate Spellcasting, Magic Resistance, Magic Weapons																		
Mattias, Son of Tiamat	Medium	Character (Human)	12.00		Single (★)	u/teampimp	229	18	30	LE	20	16	18	18	12	12	STR, DEX, CON	Athletics, Intimidation, Perception, Persuasion	None	Normal	Common, Draconic	Indomitable, Survivor, Normal Spellcasting																		
Glacial Stalker	Huge	Monstrosity	12		Single (★★★)	u/Rain-Junkie	210	18	60, climb 60	U	21	16	18	4	12	6	None	Perception, Stealth	Coldimmu	Darkvision 120	None	Ice Climb, Keen Smell, Nimble Hunter, Tundra Advantage																		
Displacer Beast, Pack Lord	Huge	Monstrosity	12		Skip's Guide to Monsters (★★)	u/Drewfro666	230	14	40	LE	24	13	20	6	12	8	None	None	None	Darkvision 60	None	Avoidance, Displacement																		
Lycanthrope, Werewolf, Lord	Medium	Humanoid	12		Skip's Guide to Monsters (★★)	u/Drewfro666	190	15	50	CE	21	14	20	10	12	12	None	Perception, Stealth	Nonmagicalimmu, nonsilveredimmu	Normal	Common	SHapechanger, Keen Hearing, Keen Smell																		
Misc. Creature, Scorpion, Monstrous, Garg.	Gargantuan	Beast	12		Skip's Guide to Monsters (★★)	u/Drewfro666	159	17	40	U	23	11	19	1	9	3	None	None	None	Blindsight 60	None	None																		
Ooze, Black Pudding, Elder	Huge	Ooze	12		Skip's Guide to Monsters (★★)	u/Drewfro666	230	7	20, climb 20	U	21	5	21	1	6	1	None	None	Acidimmu, coldimmu, lightningimmu, slashingimmu, blindedimmu, charmedimmu, deafenedimmu, exhaustionimmu, frightenedimmu, proneimmu	Blindsight 60	None	Amorphous, Corrosive Form																		
Stone Juggernaut	Large	Construct	12		Tomb of Annihilation	Wizards of the Coast	157	15	50	U	22	1	21	2	11	3	None	None	Poisonimmu, nonmagicalimmu, blindedimmu, charmedimmu, deafenedimmu, exhaustionimmu, frightenedimmu, paralyzedimmu, petrifiedimmu, poisonedimmu, proneimmu	Blindsight 120	None	Devastating Roll, Immutable Form, Regeneration, Siege Monster																		
Giant, Frost, Everlasting One	Huge	Giant (Frost)	12		Volo's Guide to Monsters	Wizards of the Coast	189	15	40	CE	25	9	24	9	10	12	STR, CON, WIS	Athletics, Perception	COldimmu	Darkvision 60	Giant	Extra Heads, Regeneration, Vaprak's Rage																		
Ki-Rin	Huge	Celestial	12		Volo's Guide to Monsters	Wizards of the Coast	152	20	60, fly 120	LG	21	16	16	19	20	20	None	Perception, Insight, Religion	Poisonimmu, poisonedimmu	Blindsight 30, darkvision 120	All, telepathy 120	Innate Spellcasting, Legendary Resistance, lair, Magic Resistance, Magic Weapons, Normal Spellcasting																		
NPC, Archdruid	Medium	Humanoid (Any Race)	12		Volo's Guide to Monsters	Wizards of the Coast	132	16	30	ANY	10	14	12	12	20	11	INT, WIS	Medicine, Nature, Perception	None	Normal	Druidic, Any	Normal Spellcasting																		
NPC, Warlord	Medium	Humanoid (Any Race)	12		Volo's Guide to Monsters	Wizards of the Coast	229	18	30	ANY	20	16	18	12	12	18	STR, DEX, CON	Athletics, Intimidation, Perception, Persuasion	None	Normal	Any	Indomitable, Survivor																		
Yuan-Ti Anathema	Huge	Monstrosity	12		Volo's Guide to Monsters	Wizards of the Coast	189	16	40, climb 30, swim 30	NE	23	13	19	19	17	20	None	Perception, Stealth	Acidres, fireres, lightningres, poisonimmu, poisonedimmu	Blindsight 30, darkvision 60	Abyssal, Common, Draconic	Innate Spellcasting, Magic Resistance, Ophidiophobia Aura, Shapechanger, Six Heads																		
Shambler	Huge	Aberration	13	https://homebrewery.naturalcrit.com/share/Hyb4CrHRf	Bestiary of the Ancestors (★)	u/LamiaDrake	230	20	30	CE	19	16	18	16	15	16	None	None	Charmedimmu	Darkvision 90	Abyssal, Deep Speech, Undercommon	Legendary Resistance, Shambler Spores, Move through the Void, Void Prison																		
Shuffling Horror	Huge	Aberration	13	https://homebrewery.naturalcrit.com/share/Hyb4CrHRf	Bestiary of the Ancestors (★)	u/LamiaDrake	230	20	30	CE	19	16	18	16	15	16	None	None	Charmedimmu	Darkvision 90	Abyssal, Deep Speech, Undercommon	Legendary Resistance																		
NPC, Northlander, Thane	Medium	Humanoid (Human)	13.00	https://drive.google.com/drive/folders/1L_O2j38Vo_s5S8Pb55K_vH7BIa7DAy_w	Book of Beautiful Horrors (★★)	u/regerem	212	18	30	N	20	12	18	12	14	16	STR, DEX, CON	Athletics, Intimidation, Perception	None	Normal	Common, Own	Brute, Indomitable, Mariner, Martial Superiority, Reckless																		
Satyr, Bonfire King	Large	Fey	13.00	https://drive.google.com/drive/folders/1L_O2j38Vo_s5S8Pb55K_vH7BIa7DAy_w	Book of Beautiful Horrors (★★)	u/regerem	199	15	40	CE	20	14	21	15	13	21	CON, CHA	Deception, Perception, Performance	Nonmagicalres, nonsilveredres, fireweak	Normal	Common, Elvish, Ignan, Sylvan	Lair, Legendary, Shapechanger, Innate Spellcasting, Faun Resilience, Glamoured Illusion, Legendary Resistance																		
Drow Matriarch	Medium	Humanoid (Elf)	13		City and Wild (★★)	u/AeronDrake	130	14	30	NE	12	18	14	16	16	20	DEX, INT, WIS, CHA	Arcana, Deception, Intimidation, Perception, Persuasion, Stealth	None	Darkvision 120	Elvish, Undercommon	Fey Ancestry, Magic Weapons, Normal Spellcasting, Sunlight Sensitivity																		
Blackstar Spawn	Large	Elemental	13		Epic Monsters (★)	u/Dave2oo8	239	20	40, burrow 20	NE	22	15	25	10	13	8	STR, DEX, CON	Acrobatics, Athletics, Perception	Fireres, lightningres, nonmagicalres, forceimmu, poisonimmu, charmedimmu, exhaustionimmu, frightenedimmu, petrifiedimmu, poisonedimmu	Blindsight 60, tremorsense 60	Primordial	Blackstar Resistance, Charge, Magic Weapons, Pack Tactics																		
Morgan Le Fay	Medium	Character (Half-Fey)	13		Epic Monsters (★)	u/Dave2oo8	98	19	30	CE	10	16	16	18	17	18	STR, DEX, CON, INT, WIS, CHA	Arcana, DEception, Persuasion	None	Darkvision 60	Common, Draconic, Elvish, Sylvan	Amphibious, Fey Ancestry, Illusory Reality, Innate SPellcasting, Magic Resistance, Malleable Illusions, Magic Weapons, Normal Spellcasting, Spell Sniper, War Caster																		
Githyanki Duthka'Gith	Medium	Humanoid	13		Fighting Chance (r/d100)	u/The-Unapproachable	221	19	30	LE	20	14	18	14	14	17	CON, WIS, CHA	Athletics, Perception	FIreres, psychicres	Blindsight 10, darkvision 60	Draconic, Own	Brute, Innate Spellcasting																		
Doppelganger, Greater	Medium	Monstrosity	13		Forgotten Realms Stat Blocks (★★★)	u/Drewfro666	156	15	30	NE	11	20	14	17	17	14	None	Deception, Insight	Charmedimmu, Frightenedimmu	Darkvision 60	All, telepathy 120	SHapechanger, Consume Identity, Inscrutable																		
Ghost, Doomsphere	Large	Undead	13		Forgotten Realms Stat Blocks (★★★)	u/Drewfro666	180	12	fly 40	LE	7	14	18	17	15	17	INT, WIS, CHA	Perception	Acidres, fireres, thudnerres, nonmagicalres, coldimmu, lightningimmu, necroticimmu, poisonimmu, charmedimmu, exhaustionimmu, frightenedimmu, grappledimmu, paralyzedimmu, petrifiedimmu, poisonedimmu, proneimmu, restrainedimmu	Darkvision 120	Deep Speech, Undercommon	ANtimagic Cone, Ethereal Sight, Incorporeal Movement																		
Golothoma	Huge	Fiend (Demon)	13		https://drive.google.com/file/d/1YxCrJevrMZL4M4xqCkHSQ960D7PLr2R0/view	u/badooga1	172	17	30, burrow 60, swim 80	CE	20	20	21	6	12	18																								
Gravecrawler	Small	Undead	13		https://drive.google.com/file/d/1YxCrJevrMZL4M4xqCkHSQ960D7PLr2R0/view	u/badooga1	90	17	20, burrow 20	N	1	20	12	20	17	20																								
Janwulf the Soulbiter	Huge	Giant	13.00		https://drive.google.com/file/d/1YxCrJevrMZL4M4xqCkHSQ960D7PLr2R0/view	u/badooga1	242	16	40	NE	18	16	20	16	14	20																								
Malshaper Planeswalker	Medium	Humanoid (Any Race)	13		https://drive.google.com/file/d/1YxCrJevrMZL4M4xqCkHSQ960D7PLr2R0/view	u/badooga1	136	16	30	NOT GOOD	16	18	19	16	21	12																								
Ulgurtasta	Gargantuan	Undead	13		https://drive.google.com/file/d/1YxCrJevrMZL4M4xqCkHSQ960D7PLr2R0/view	u/badooga1	248	18	50, burrow 50	CE	27	13	21	10	9	10																								
Capitribus	Huge	Giant	13.00		https://www.reddit.com/r/1d6Adventurers/comments/8p2ayc/day_333_bonus_monster_the_capitribus/	1d6Adventurers																																		
Pumpkin King	Huge	Plant	13		https://www.reddit.com/r/monsteraday/comments/3quzlc/day_75_pumpkin_king/	StoneStrix																																		
Chronowl	Medium	Fey	13.00		https://www.reddit.com/r/monsteraday/comments/64sviq/day_32_chronowl/	1d6Adventurers																																		
NPC, Barbarian, Zealot	Medium	Humanoid (Any Race)	13		https://www.reddit.com/r/monsteraday/comments/6d46lb/day_63_1d6_barbarians/	1d6Adventurers																																		
Knight, Sleepless	Medium	Fey	13		https://www.reddit.com/r/monsteraday/comments/6gaf5u/day_75_sleepless_knight/	1d6Adventurers																																		
NPC, Fighter, Samurai	Medium	Humanoid (Any Race)	13		https://www.reddit.com/r/monsteraday/comments/6inwbn/day_83_1d6_fighters/	1d6Adventurers																																		
Cleavergaunt	Large	Undead	13		https://www.reddit.com/r/monsteraday/comments/7c3ge5/day_185_cleavergaunt/	1d6Adventurers																																		
Shepherd of the Veil	Large	Celestial	13.00		https://www.reddit.com/r/monsteraday/comments/7dezgl/day_189_shepherd_of_the_veil/	1d6Adventurers																																		
Ningen	Gargantuan	Celestial	13		https://www.reddit.com/r/monsteraday/comments/7gg9ew/day_198_ningen/	1d6Adventurers																																		
Tarspawn Demodand	Medium	Fiend	13.00		https://www.reddit.com/r/monsteraday/comments/7y1j8f/day_255_tarspawn_demodand/	1d6Adventurers																																		
Cat Sith	Small	Fey	13		https://www.reddit.com/r/monsteraday/comments/8sui2c/day_344_cat_sith/	1d6Adventurers																																		
Dinosaur, Tyragarok	Gargantuan	Beast	13		Ixor's Manual of Monstrous Findings (★★)	u/thorn1993	198	18	30	U	27	10	23	5	13	8	None	Athletics, Perception	None	Normal	None	Keen Smell																		
Ra'Zac, Lethrblaka	Huge	Monstrosity	13		Ixor's Manual of Monstrous Findings (★★)	u/thorn1993	230	15	40, fly 80	CE	22	13	20	18	15	17	None	Athletics, Intimidation, Perception, Stealth	Psychicimmu, charmedimmu	Darkvision 120	Own, telepathy 30	Alien Mind, Charge, Legendary Resistance																		
Snare	Large	Monstrosity	13		Ixor's Manual of Monstrous Findings (★★)	u/thorn1993	241	17	40, climb 40	CE	15	23	21	2	14	13	DEX, INT, WIS	Acrobatics, Perception	None	Blindsight 30, tremorsense 60	None	Limb Versatility, Rush, Spider Climb, Web Sense, Web Walker																		
Dragon, Elder, Teostra	Huge	Dragon	13		Monster Hunter's Manual (★★★★)	u/Amellwind	175	18	50, fly 40	U	23	17	25	14	15	10	STR, WIS, CHA	Perception	FIreimmu, charmedimmu, frightenedimmu, poisonedimmu	Blindsight 60, darkvision 120	Draconic	Fire Aura, Explosive Cloud, Standing Leap, Legendary, Lair																		
Wyvern, Brute, Glavenus	Huge	Dragon	13		Monster Hunter's Manual (★★★★)	u/Amellwind	195	18	50	U	25	10	21	16	12	10	None	Perception	FIreres	Normal	None	Sharpening																		
Wyvern, Flying, Legiana	Huge	Dragon	13		Monster Hunter's Manual (★★★★)	u/Amellwind	187	17	40, fly 80	U	22	12	22	8	12	12	DEX, CON, WIS, CHA	Acrobatics, Perception	Coldimmu	Darkvision 60	None	FLyby, Frost, Legendary Resistance																		
Wyvern, Piscine, Lavasioth	Huge	Dragon	13		Monster Hunter's Manual (★★★★)	u/Amellwind	149	15	30, swim 40	U	21	18	20	16	14	12	None	None	Fireimmu, nonmagicalimmu	Darkvision 60	None	Lava Armor																		
Beholder	Large	Aberration	13		Monster Manual	Wizards of the Coast	180	18	30	LE	10	14	18	17	15	17	STR, CON, WIS	None	Coldres, nonmagicalres, nonsilveredimmu, fireimmu, poisonimmu, poisonedimmu	Darkvision 120	Infernal, telepathy 120	Devil's Sight,  Magic Resistance, Steadfast																		
Demon, Nalfeshnee	Large	Fiend (Demon)	13		Monster Manual	Wizards of the Coast	184	18	20, fly 30	LE	21	10	22	19	12	15	CON, INT, WIS, CHA	None	Coldres, fireres, lightningres, nonmagicalres, poisonimmu, poisonedimmu	Truesight 120	Abyssal, telepathy 120	Magic Resistance																		
Dragon, Chromatic, White, Adult	Huge	Dragon	13		Monster Manual	Wizards of the Coast	200	18	40, burrow 30, fly 80,  swim 40	CE	22	10	22	8	12	12	DEX, CON, WIS, CHA	Perception, Stealth	Coldimmu	Blindsight 60, darkvision 120	Common, Draconic	Ice Walk, Legendary Resistance, Legendary, Lair																		
Dragon, Metallic, Brass, Adult	Huge	Dragon	13.00		Monster Manual	Wizards of the Coast	172	18	40, burrow 30, fly 80	CG	23	10	21	14	13	17	DEX, CON, WIS, CHA	History, Perception, Persuasion, Stealth	Fireimmu	Blindsight 60, darkvision 120,	Common, Draconic	Legendary, Legendary Resistance, Lair																		
Giant, Storm	Huge	Giant	13		Monster Manual	Wizards of the Coast	230	16	50, swim 50	CG	29	14	20	16	18	18	STR, CON, WIS, CHA	Arcana, Athletics, History, Perception	Coldres, lightningimmu, thunderimmu	Normal	Common, Giant	Amphibious, Innate Spellcasting																		
Rakshasa	Medium	Fiend	13		Monster Manual	Wizards of the Coast	110	16	40	LE	14	17	18	13	16	20	None	Deception, Insight	Magicalpiercingweak, nonmagicalres	Darkvision 60	Common, Infernal	Limited Magic Immunity, Innate Spellcasting																		
Shadow Dragon Template	VARIES	Dragon	13		Monster Manual	Wizards of the Coast	TEMP	18	TEMP	CE	23	10	21	14	11	19	TEMP	TEMP	TEMP	TEMp	TEMp	TEMP																		
Vampire	Medium	Undead	13		Monster Manual	Wizards of the Coast	144	16	30	LE	18	18	18	17	15	18	DEX, WIS, CHA	Perception, Stealth	Necroticres, nonmagicalres	Darkvision 120	Any	Shapechanger, Legendary, Lair, Misty Escape, Regeneration, Spider Climb, Vampire Weaknesses, Forbiddance, Harmed by Running Water, Sunlight Hypersensitivity, Stake to the Heart																		
Yugoloth, Ultro	Medium	Fiend	13		Monster Manual	Wizards of the Coast	153	19	30, fly 60	NE	16	16	18	18	15	19	None	Intimidation, Perception, Stealth	Coldres, fireres, lightningres, nonmagicalres, acidimmu, poisonimmu, charmedimmu, frightenedimmu, poisonedimmu	Truesight 120	Abyssal, Infernal, telepathy 120	Innate Spellcasting, Magic Resistance, Magic Weapons																		
Demon, Wastrilith	Large	Fiend (Demon)	13		Mordenkainen's Tome of Foes	Wizards of the Coast	157	18	30, swim 80	CE	19	18	21	19	12	14	STR, CON	None	Coldres, fireres, lightningres, nonmagicalres, poisonres, poisonedres	Darkvision 120	Abyssal, telepathy 120	Amphibious, Corrupt Water, Magic Resistance, Undertow																		
Devil, Narzugon	Medium	Fiend (Devil)	13		Mordenkainen's Tome of Foes	Wizards of the Coast	112	20	30	LE	20	10	17	16	14	19	DEX, CON, CHA	Perception	Acidres, coldres, nonmagicalres, nonsilveredres, fireimmu, poisonimmu, charmedimmu, frightenedimmu, poisonedimmu	Darkvision 120	Common, Infernal, telepathy 120	Diabolical Sense, Infernal Tack, Magic Resistance																		
Drow Arachnomancer	Medium	Humanoid (Elf)	13		Mordenkainen's Tome of Foes	Wizards of the Coast	162	15	30, climb 30	CE	11	17	14	19	14	16	CON, INT, CHA	Arcana, Nature, Perception, Stealth	Poisonres	Blindsight 10, darkvision 120	Elvish, Undercommon, spiders	Change Shape, Fey Ancestry, Innate Spellcasting, Normal Spellcasting, Spider Climb, Sunlight Sensitivity																		
Sorrowsworn, The Angry	Medium	Monstrosity	13		Mordenkainen's Tome of Foes	Wizards of the Coast	255	18	30	NE	17	10	19	8	13	6	None	Perception	Darknessres	Darkvision 60	Common	Two Heads, Rising Anger																		
Star Spawn Seer	Medium	Aberration	13		Mordenkainen's Tome of Foes	Wizards of the Coast	153	17	30	NE	14	12	18	22	19	16	DEX, INT, WIS, CHA	Perception	Coldres, nonmagicalres, psychicimmu, charmedimmu, frightenedimmu	Darkvision 60	Common, Deep Speech, Undercommon	Out-of-Phase Movement																		
Troll, Dire	Huge	Giant	13		Mordenkainen's Tome of Foes	Wizards of the Coast	172	15	40	CE	22	15	21	9	11	5	WIS, CHA	Perception	Nonmagicalres, frightenedimmu, poisonedimmu	Darkvision 60	Giant	Keen Smell, Keen Sight, Regeneration																		
Archon, Trumpet	Medium	Celestial	13		Skip's Guide to Monsters (★★)	u/Drewfro666	142	16	40, fly 90	LG	20	17	20	16	16	16	None	Perception, Performance	Lightningres, radiantres, nonmagicalres	Darkvision 60	All	Magic Resistance, Normal Spellcasting, Trumpet																		
Demon, Nalfeshnee, Spellcaster	Large	Fiend (Demon)	13		Skip's Guide to Monsters (★★)	u/Drewfro666	184	18	20, fly 30	LE	21	10	22	19	12	15	CON, INT, WIS, CHA	None	Coldres, fireres, lightningres, nonmagicalres, poisonimmu, poisonedimmu	Truesight 120	Abyssal, telepathy 120	Magic Resistance, Innate Spellcasting																		
Eladrin, Ghaele	Medium	Celestial	13		Skip's Guide to Monsters (★★)	u/Drewfro666	112	17	50, fly 100	CG	23	14	17	16	16	16	DEX, WIS, CHA	Insight, Perception, Stealth	Coldres, fireres, radiantres, nonmagicalres, lightningimmu, petrificationimmu	Darkvision 60	All	Shapechanger, Doom Gaze, Innate Spellcasting, Magic Resistance, Protective Aura, Normal Spellcasting																		
Elemental, Greater, Air	Huge	Elemental	13		Skip's Guide to Monsters (★★)	u/Drewfro666	210	17	fly 90	U	18	24	18	6	10	6	None	None	Lightningres, thunderres, poisonimmu, exhaustionimmu, grappledimmu, paralyzedimmu, petrifiedimmu, poisonedimmu, proneimmu, restraineidmmu, unconsciousimmu	Darkvision 60	Auran	Air FOrm																		
Elemental, Greater, Earth	Huge	Elemental	13		Skip's Guide to Monsters (★★)	u/Drewfro666	270	20	30, burrow 30	U	24	8	24	5	10	5	None	None	Thunderweak, poisonimmu, exhaustionimmu, paralyzedimmu, petrifiedimmu, poisonedimmu, unconsciousimmu	Darkvision 60, tremorsense 60	Terran	Earth Glide, Siege Monster																		
Elemental, Greater, Fire	Huge	Elemental	13		Skip's Guide to Monsters (★★)	u/Drewfro666	230	15	50	U	14	21	20	6	10	7	None	None	FIreimmu, poisonimmu, exhaustionimmu, grappledimmu, paralyzedimmu, petrifiedimmu, poisonedimmu, proneimmu, restrainedimmu, unconsciousimmu	Darkvision 60	Ignan	FIre Form, Illumination, Water Susceptibility																		
Elemental, Greater, Water	Huge	Elemental	13		Skip's Guide to Monsters (★★)	u/Drewfro666	250	16	30, swim 90	U	22	18	22	5	10	8	None	None	Acidires, poisonimmu, exhausitonimmu, grappledimmu, paralyzedimmu, petrifiedimmu, poisonedimmu, proneimmu, restrainedimmu, unconsciousimmu	Darkvision 60	Aquan	Water Form, Freeze																		
Hydra, Eight-Headed	Huge	Monstrosity	13		Skip's Guide to Monsters (★★)	u/Drewfro666	241	16	30, swim 30	U	23	12	20	2	10	7	None	Perception	None	Darkvision 60	None	Hold Breath, Multiple Heads, Reactive HEads, Wakeful																		
Lich Mage	Medium	Undead	13.00		Skip's Guide to Monsters (★★)	u/Drewfro666	82	16	30	ANY EVIL	11	16	16	19	14	16	CON, INT, WIS	Arcana, History, Insight, Perception	Coldres, lightningres,necroticres, nonmagicalres, poisonimmu, charmedimmu, exhaustionimmu, frightenedimmu, paralyzedimmu, poisonedimmu	Darkvision 60	Common	Legendary Resistance, Rejuvenation, Normal Spellcasting, Turn Resistance																		
Rakshasa Spellcaster	Medium	Fiend	13		Skip's Guide to Monsters (★★)	u/Drewfro666	110	16	40	LE	14	17	18	13	16	20	None	Deception, Insight	Magicalpiercingweak, nonmagicalres	Darkvision 60	Common, Infernal	Limited Magic Immunity, Innate Spellcasting, Normal Spellcasting																		
Umber Hulk, Truly Horrid	Huge	Monstrosity	13		Skip's Guide to Monsters (★★)	u/Drewfro666	253	18	30, burrow 20	CE	24	13	20	9	10	10	None	None	None	Darkvision 120	Own	Confusing Gaze, Tunneler																		
Irlgaunt	Large	Aberration	13.00		Through the Ice and Snow (★)	u/LordMediocre	168	18	40, climb 40	NE	26	28	20	16	18	19	WIS	Acrobatics, Athletics, DIsguise Kit, Perception, Stealth	Acidimmu, coldimmu	Darkvision 60, blindsight 30	Abyssal, Common, Giant	Stone Step																		
Atropal	Huge	Undead (Titan)	13		Tomb of Annihilation	Wizards of the Coast	225	7	fly 50	NE	19	5	22	25	19	24	CON, WIS	None	Radiantweak, coldimmu, necroticimmu, nonmagicalimmu, exhaustionimmu, frightenedimmu, paralyzedimmu, poisonedimmu, proneimmu	Darkvision 120, truesight 120	Celestial	Magic Resistance, Negative Energy Aura, Turn Resistance Aura, Legendary																		
Bebop the Warthog	Large	Humanoid	13	https://docs.google.com/document/d/171-aVHUp2x3htJ6aUFIJFjLwYbhBQadRz_mwmVXSOcU/edit?tab=t.0	Virasco 2000	Shwifty_meme_lord	250	15	35	chaotic evil	18	16	16	4	10	10	STR, DEX, CON, CHA	None	proneimmune, frightenedimmune	Normal	Common	None	19	6	FALSE	0	FALSE	0	2	0	17	FALSE	0	0	3	2	0	0	16	
Devourer	Large	Fiend	13		Volo's Guide to Monsters	Wizards of the Coast	178	16	30	CE	20	12	20	13	10	16	None	None	Coldres, fireres, lightningres, poisonimmu, poisonedimmu	Darkvision 120	Abyssal, telepathy 120	None																		
Neothelid	Gargantuan	Aberration	13		Volo's Guide to Monsters	Wizards of the Coast	325	16	30	CE	27	7	21	3	16	12	INT, WIS, CHA	None	None	Blindsight 120	None	Creature Sense, Innate Spellcasting (Psionics), Magic Resistance																		
Dryad, Green Enchantress	Medium	Fey	14.00	https://drive.google.com/drive/folders/1L_O2j38Vo_s5S8Pb55K_vH7BIa7DAy_w	Book of Beautiful Horrors (★★)	u/regerem	130	19	30, fly 30	N	10	18	15	17	20	20	WIS, CHA	Nature, Perception, Religion	None	Truesight 60	Elvish, Sylvan	Innate Spellcasting, Magic Resistance, Speak with Beasts, Speak with Plants, Tree Stride, Verdant Blessing																		
Dryad, Verdant Sorceress	Medium	Fey	14.00	https://drive.google.com/drive/folders/1L_O2j38Vo_s5S8Pb55K_vH7BIa7DAy_w	Book of Beautiful Horrors (★★)	u/regerem	22	19	30, fly 30	N	10	18	15	17	20	15	WIS, CHA	Nature, Perception, Religion	None	Truesight 60	Elvish, Sylvan	Innate Spellcasting, Magic Resistance, Speak with Beasts, Speak with Plants, Tree Stride, Verdant Blessing, Verdant Sorcery																		
Griffin, Royal	Huge	Monstrosity	14.00	https://drive.google.com/drive/folders/1L_O2j38Vo_s5S8Pb55K_vH7BIa7DAy_w	Book of Beautiful Horrors (★★)	u/regerem	230	17	30, fly 90	U	25	17	20	6	16	8	DEX, CON	Perception	Coldimmu, fireimmu, frightenedimmu	Darkvision 60	None	Flyby, Keen Sight, Magic Weapons																		
Leshen	Large	Fey	14	https://drive.google.com/drive/folders/1L_O2j38Vo_s5S8Pb55K_vH7BIa7DAy_w	Book of Beautiful Horrors (★★)	u/regerem	210	17	30	N	24	9	20	13	16	10	STR, CON, WIS	Perception	Poisonimmu, nonmagicalimmu, fireweak, frightenedimmu, paralyzedimmu, poisonedimmu	Darkvision 120	Druidic, Sylvan	Innate Spellcasting, Magic Weapons, Magic Resistance, Totem Stride, Lair																		
Morvudd	Large	Monstrosity	14	https://drive.google.com/drive/folders/1L_O2j38Vo_s5S8Pb55K_vH7BIa7DAy_w	Book of Beautiful Horrors (★★)	u/regerem	172	16	50	CE	24	10	22	7	13	9	None	Athletics, Perception, Stealth	Fireres, lightningres, nonmagicalres	Darkvision 120	Abyssal	Blinding Gaze, Devastating CHarge, Regeneration																		
Vampire, Katakan	Large	Undead	14	https://drive.google.com/drive/folders/1L_O2j38Vo_s5S8Pb55K_vH7BIa7DAy_w	Book of Beautiful Horrors (★★)	u/regerem	184	19	40	LE	26	20	22	16	16	14	STR, CON, WIS	Deception, Perception, Stealth	Necroticres, nonmagicalimmu, frightenedimmu	Blindsight 120, darkvision 120	Common, Any	Shapechanger, Blood Scent, Regeneration, Vampire Weaknesses, Blood Addiction, Garlic Aversion, Sunlight Hypersensitivity																		
Vampire, Mula	Medium	Undead	14	https://drive.google.com/drive/folders/1L_O2j38Vo_s5S8Pb55K_vH7BIa7DAy_w	Book of Beautiful Horrors (★★)	u/regerem	178	16	40	LE	22	18	22	14	16	12	STR, CON, WIS	Athletics, Insight, Intimidation, Perception, Stealth	Necroticres, nonmagicalimmu	Darkvision 60	Alive	Shapechanger, Regeneration, Rejuvenation, Vampire Weaknesses, Blood Addiction, Fear of the Sacred, Hallowed Ground																		
Warp Touched, Balewing	Huge	Aberration	14	https://drive.google.com/drive/folders/1L_O2j38Vo_s5S8Pb55K_vH7BIa7DAy_w	Book of Beautiful Horrors (★★)	u/regerem	250	17	40, fly 60	CE	25	14	23	5	10	14	STR, CON	Perception	Fireres, lightningres, acidimmu, poisonimmu, nonmagicalimmu, charmedimmu, frightenedimmu, paralyzedimmu, poisonedimmu	Blindsight 120	Deep Speech	Otherworldly Presence, Magic Weapons, Magic Resistance																		
Wraith, Hym	Large	Undead	14	https://drive.google.com/drive/folders/1L_O2j38Vo_s5S8Pb55K_vH7BIa7DAy_w	Book of Beautiful Horrors (★★)	u/regerem	158	16	30	NE	6	22	20	20	14	19	DEX, CON	Stealth	Acidres, coldres, fireres, lightningres, thunderres, nonmagicalres, nonsilveredres, necroticimmu, poisonimmu, charmedimmu, exhaustionimmu, grappledimmu, paralyzedimmu, petrifiedimmu, poisonedimmu, proneimmu, restrainedimmu	Truesight 120	All, telepathy 120	Innate Spellcasting, Etherealness, Incorporeal Movement, Shadow Being																		
Storm King	Gargantuan	Beast	14		Demon's Souls Compendium (★)	u/TectonicImprov	276	16	fly 80	U	22	19	18	6	18	10	STR, CON, WIS	Perception	Radiantres, necroticres, nonmagicalres, proneimmu	Normal	None	Legendary Resistance																		
Dragon, Metallic, Electrum, Adult	Medium	Dragon	14		Electrum Dragons (★)	u/ZowJr	133	18	50, fly 130	NG	10	23	20	13	16	21	STR, CON, WIS, CHA	Acrobatics, Perception, Performance, Stealth	Forceimmu	Normal	Common, Draconic	Flyby, Legendary Resistance, lair																		
Yugoloth, Hellseeker	Huge	Fiend (Yugoloth)	14.00		Fighting Chance (r/d100)	u/The-Unapproachable	161	18	60	NE	21	14	20	4	11	3	DEX, WIS, CHA	Perception	Coldres, fireres, lightningres, nonmagicalres, acidimmu, poisonimmu, poisonedimmu, exhaustedimmu	Truesight 90	Abyssal, Infernal	Regeneration, Magic Weapons, Unerring Tracker																		
Beholder Mage	Large	Aberration	14	https://homebrewery.naturalcrit.com/share/S1XjggDT7M	Forgotten Realms Stat Blocks (★★★)	u/Drewfro666	180	18	30	LE	10	14	19	17	15	17	STR, CON, WIS	None	Coldres, nonmagicalres, nonsilveredimmu, fireimmu, poisonimmu, poisonedimmu	Darkvision 120	Infernal, telepathy 120	Devil's Sight,  Magic Resistance, Steadfast, Normal Spellcasting																		
Dorn	Medium	Humanoid (Human)	14		https://drive.google.com/file/d/1YxCrJevrMZL4M4xqCkHSQ960D7PLr2R0/view	u/badooga1	153	17	30	CE	15	19	18	16	13	10																								
Vanessa Mackelroy	Medium	Humanoid (Tiefling)	14		https://drive.google.com/file/d/1YxCrJevrMZL4M4xqCkHSQ960D7PLr2R0/view	u/badooga1	156	12	30	LE	10	14	15	19	14	16																								
Dark Sage	Medium	Humanoid (Any Race)	14		https://i.redd.it/qqcjf24aml131.jpg	u/Grimlore	143	14	30	NOT GOOD	8	18	12	20	12	11																								
Timeless Chronomancer	Medium	Construct	14		https://www.reddit.com/r/monsteraday/comments/3rdrry/day_79_chronomancers/	StoneStrix																																		
Banderhobb, Grander	Huge	Monstrosity	14.00		https://www.reddit.com/r/monsteraday/comments/6eosyh/day_69_granderhobb/	1d6Adventurers																																		
Hawk, Prism	Huge	Elemental	14.00		https://www.reddit.com/r/monsteraday/comments/6fngqh/day_72_prismhawk/	1d6Adventurers																																		
Golem, Obsidian	Large	Construct	14.00		https://www.reddit.com/r/monsteraday/comments/6i8g0u/day_81_obsidian_golem/	1d6Adventurers																																		
Elemental, Sandstorm	Huge	Elemental	14		https://www.reddit.com/r/monsteraday/comments/6uc3dd/day_124_sandstorm_elemental/	1d6Adventurers																																		
Orc Horderaiser	Medium	Humanoid (Orc)	14		https://www.reddit.com/r/monsteraday/comments/7jltgk/day_208_orc_horderaiser/	1d6Adventurers																																		
Cheating Dungeon Master	Gargantuan	Humanoid (Human)	14		https://www.reddit.com/r/monsteraday/comments/8969xm/day_286_the_cheating_dungeon_master/	1d6Adventurers																																		
Fliezund	Gargantuan	Plant	14		Ixor's Manual of Monstrous Findings (★★)	u/thorn1993	310	15	20	CN	26	8	20	10	14	8	CON	None	Bludgeoningres, piercingres, acidimmu	Blindsight 60	None	Necrotic Vulnerability																		
Freybug, Young	Huge	Monstrosity	14		Ixor's Manual of Monstrous Findings (★★)	u/thorn1993	207	18	50	CE	22	16	20	17	9	16	DEX, CON, WIS	Perception, Stealth	Nonmagicalres, fireimmu	Blindsight 60, darkvision 120	Abyssal, Common, Infernal	Enduring, Keen Hearing, Keen Smell, Mist Stalker																		
Skeleton, Graveyard Walker, Combined	Large	Undead	14.00		Ixor's Manual of Monstrous Findings (★★)	u/thorn1993	300	13	30	LE	22	12	15	6	8	5	None	None	Poisonimmu, charmedimmu, exhausitonimmu, poisonedimmu	Darkvision 60	All	None																		
Skeleton, Graveyard Walker, Swarm	Gargantuan	Undead	14		Ixor's Manual of Monstrous Findings (★★)	u/thorn1993	300	11	10	LE	22	10	15	6	8	5	None	None	Bludgeoningres, piercingres, slashingres, poisonimmu, exhaustionimmu, grappledimmu, petrifiedimmu, poisonedimmu, proneimmu, restrainedimmu, stunnedimmu	Darkvision 60	All	Swarm, Unhallowed Terrain																		
Dragon, Elder, Chameleos	Huge	Dragon	14		Monster Hunter's Manual (★★★★)	u/Amellwind	178	16	40, fly 80	U	21	14	18	16	15	14	DEX, CON, WIS, CHA	Perception	Poisonimmu, poisonedimmu	Blindsight 60, darkvision 120	Draconic	Elder Sight, Silent Step, Chameleon Skin, Lair																		
Leviathan, Lagiacrus	Huge	Dragon	14		Monster Hunter's Manual (★★★★)	u/Amellwind	204	18	30, swim 50	U	16	18	14	10	11	7	WIS, CHA	None	Lightningimmu	Normal	None	Lightning Aura, Legendary Resistance																		
Beholder, Death Tyrant	Large	Undead	14		Monster Manual	Wizards of the Coast	187	19	50, 40 climb	LE	10	14	14	19	15	19	None	Perception, Stealth	Lightningimmu	Darkvision 90	Draconic	None																		
Devil, Ice	Large	Fiend (Devil)	14		Monster Manual	Wizards of the Coast	180	18	40	LE	21	14	18	18	15	18	DEX, CON, WIS, CHA	None	Nonmagicalres, nonsilveredres, coldimmu, fireimmu, poisonimmu, poisonedimmu	Blindsight 60, darkvision 120	Infernal, telepathy 120	Devil's Sight, Magic Resistance																		
Dragon, Chromatic, Black, Adult	Huge	Dragon	14		Monster Manual	Wizards of the Coast	195	19	40, 80 fly, swim 40	CE	23	14	21	14	13	17	DEX, CON, WIS, CHA	Perception, Stealth	Acidimmu	Blindsight 60, darkvision 120	Common, Draconic	Amphibious, Legendary Resistance, Legendary, Lair																		
Dragon, Metallic, Copper, Adult	Huge	Dragon	14		Monster Manual	Wizards of the Coast	184	18	40, climb 40, fly 80	CG	23	12	21	18	15	17	DEX, CON, WIS, CHA	Deception, Perception, Stealth	Acidimmu	Blindsight 60, darkvision 120	Common, Draconic	Legendary Resistance, Legendary, Lair																		
Cerynitis	Large	Celestial	14		Monster Module A-C	u/Jonoman3000	150	19	150	CG	16	25	15	9	16	10																								
Couatl, Quetazalcouatl	Huge	Celestial	14		Monster Module A-C	u/Jonoman3000	168	20	30, fly 90	LG	18	22	19	19	23	20																								
Cadaver Collector	Large	Construct	14.00		Mordenkainen's Tome of Foes	Wizards of the Coast	189	17	30	LE	21	14	20	5	11	8	None	None	Necroticimmu, poisonimmu, psychicimmu, nonmagicalimmu, nonadamantineimmu, charmedimmu, exhaustionimmu, frightenedimmu, paralyzedimmu, petrifiedimmu, poisonedimmu	Darkvision 60	All	Magic Resistance, Summon Specters																		
Drow Inquisitor	Medium	Humanoid (Elf)	14.00		Mordenkainen's Tome of Foes	Wizards of the Coast	143	16	30	NE	11	15	14	16	21	20	CON, WIS, CHA	Insight, Perception, Religion, Stealth	Frightenedimmu	Darkvision 120	Elivhs, Undercommon	Discern Lie, Fey Ancestry, Innate Spellcasting, Magic Resistance, Spellcasting, Sunlight Sensitivity																		
Githyanki Supreme Commander	Medium	Humanoid (Gith)	14		Mordenkainen's Tome of Foes	Wizards of the Coast	187	18	30	LE	19	17	18	16	16	18	CON, INT, WIS	Insight, Intimidation, Perception	None	Normal	Own	Innate Spellcasting (Psionics), Legendary																		
Retriever	Large	Construct	14		Mordenkainen's Tome of Foes	Wizards of the Coast	210	19	40, climb 40	LE	22	16	20	3	11	4	DEX, CON, WIS	Perception, Stealth	Necroticimmu, poisonimmu, nonmagicalimmu, nonadamantineimmu, charmedimmu, exhaustionimmu, frightenedimmu, paralyzedimmu, poisonedimmu	Blindsight 30, darkvision 60	Abyssal, Elvish, Undercommon	Faultless Tracker, Innate Spellcasting																		
Vengeance, Black Spider	Medium	Character (Human)	14		Single (★★★★)	u/TheRainyDaze	107	18	30	LN	16	20	15	18	20	20	DEX, CON, INT	Acrobatics, Deception, Perception, Stealth	Charmedimmu	Normal	Common, Draconic, Dwarvish, Elvish, Giant, Gnomish, Goblin, Halfling, Orcish, Undercommon	Assassin, Backstab, Disabling Strikes, Stealth Expert																		
Vengeance, Captain Americana	Medium	Character (Human)	14		Single (★★★★)	u/TheRainyDaze	144	23	30	LG	20	20	18	12	16	20	STR, DEX, CON	Athletics, Acrobatics, Perception, Persuasion	Frightenedimmu	Normal	Common	Vibranium Shield, Inspiring Presence, Teamwork, Champion's Presence																		
Vengeance, Eagle Eye	Medium	Character (Human)	14		Single (★★★★)	u/TheRainyDaze	142	18	30	NG	18	20	18	12	20	16	DEX, WIS	Acrobatics, Athletics, Perception, Stealth	None	Normal	Common, Elvish	Deadshot, Sniper, Keen Eyesight																		
Vengeance, Odinson	Medium	Celestial	14		Single (★★★★)	u/TheRainyDaze	157	17	30, fly 60	CG	24	18	20	13	14	20	STR, CON, WIS	Athletics, Intimidation, Religion	Lightningimmu, thunderimmu, nonmagicalimmu, frightenedimmu	Normal	Common, Elven, Giant, Celestial	Magic Resistance, Magic Weapons, Innate Spellcasting																		
Vengeance, The Man of Iron	Medium	Character (Human)	14		Single (★★★★)	u/TheRainyDaze	128	21	30, fly 60	NG	15	15	16	20	14	20	INT, CHA	Arcana, Athletics, Deception, Persuasion	None	Normal	Common, Elvish, Gnomish	The Iron Plate, Power Up, Auto-Repair																		
Devil, Ice, Fear Aura	Large	Fiend (Devil)	14		Skip's Guide to Monsters (★★)	u/Drewfro666	180	18	40	LE	21	14	18	18	15	18	DEX, CON, WIS, CHA	None	Nonmagicalres, nonsilveredres, coldimmu, fireimmu, poisonimmu, poisonedimmu	Blindsight 60, darkvision 120	Infernal, telepathy 120	Devil's Sight, Magic Resistance, Fear Aura																		
Devil, Ice, Spellcaster	Large	Fiend (Devil)	14		Skip's Guide to Monsters (★★)	u/Drewfro666	180	18	40	LE	21	14	18	18	15	18	DEX, CON, WIS, CHA	None	Nonmagicalres, nonsilveredres, coldimmu, fireimmu, poisonimmu, poisonedimmu	Blindsight 60, darkvision 120	Infernal, telepathy 120	Devil's Sight, Magic Resistance, Innate Spellcasting																		
Rocksteady the Rhinovirus	Large	Humanoid	14	https://docs.google.com/document/d/1GskM8HKwEcAaCkhubPxJcZCxOgKxmU89CyeR9z07Kiw/edit?tab=t.0	Virasco 2000	Shwifty_meme_lord	200	15	35	chaotic evil	18	16	16	4	10	10	STR, DEX, CON, CHA	None	proneimmune, frightenedimmune	Normal	Common	None	55	6	FALSE	0	FALSE	0	2	0	19	FALSE	0	0	3	2	0	0	0	
Giant, Fire, Dreadnought	Huge	Giant (Fire)	14		Volo's Guide to Monsters	Wizards of the Coast	187	21	30	LE	27	9	23	8	10	11	DEX, CON, CHA	Athletics, Perception	Fireimmu	Normal	Giant	Dual Shields																		
Mind Flayer, Elder Brain	Large	Aberration	14		Volo's Guide to Monsters	Wizards of the Coast	210	10	5, swim 10	LE	15	10	20	21	19	24	INT, WIS, CHA	Arcana, Deception, Insight, Intimidation, Persuasion	None	Blindsight 120	Common, Deep SPeech, Undercommon, telepathy 5 miles	Creature Sense, Innate Spellcasting (Psionics), Lair, Legendary Resistance, magic Resistance, Telepathic Hub																		
Krenelisk Queen	Huge	Monstrosity	15.00	https://www.gmbinder.com/share/-LSNMh6eX2Cm0VdsuZTr#:~:text=Krenelisk%20Queen	All the Lights in the Sky Are Stars	u/aeyana	310	19	30, burrow 10	U	25	10	29	19	13	8																								
Mammoth Cyst	Huge	Aberration	15.00	https://homebrewery.naturalcrit.com/share/Hyb4CrHRf	Bestiary of the Ancestors (★)	u/LamiaDrake	212	15	0	CE	24	5	25	16	20	4	None	None	None	Truesight 100	Deep Speech	White Cell Stalk																		
The Crimson Court, Garden Guardian	Colossal	Construct	15	https://homebrewery.naturalcrit.com/share/Hyb4CrHRf	Bestiary of the Ancestors (★)	u/LamiaDrake	247	10	0	U	20	10	30	7	9	1	None	None	Fireimmu, poisonimmu, psychicimmu, nonmagicalimmu, nonadamantineimmu, charmedimmu, exhaustionimmu, frightenedimmu, paralyzedimmu, petrifiedimmu, poisonedimmu	Tremorsense 100	None	Hate Beyond Time, Three Sections, False Appearance, Reorient																		
Crone	Medium	Monstrosity	15.00	https://drive.google.com/drive/folders/1L_O2j38Vo_s5S8Pb55K_vH7BIa7DAy_w	Book of Beautiful Horrors (★★)	u/regerem	171	15	30	LE	20	10	20	20	17	13	CON, INT, WIS, CHA	Arcana, Nature, Religion	Acidres, coldres, fireres, lightningres, nonmagicalres	Truesight 60	Abyssal, Common, Draconic, Dwarvish, Giant	Shapechanger, Limited Magic Immunity, Magic Weapons, Legendary, Lair																		
Crone, Death	Medium	Monstrosity	15	https://drive.google.com/drive/folders/1L_O2j38Vo_s5S8Pb55K_vH7BIa7DAy_w	Book of Beautiful Horrors (★★)	u/regerem	171	15	30	LE	20	10	20	20	17	13	CON, INT, WIS, CHA	Arcana, Nature, Religion	Acidres, coldres, fireres, lightningres, nonmagicalres	Truesight 60	Abyssal, Common, Draconic, Dwarvish, Giant	Shapechanger, Limited Magic Immunity, Magic Weapons, Legendary, Lair, Innate Spellcasting																		
Crone, Flesh	Medium	Monstrosity	15	https://drive.google.com/drive/folders/1L_O2j38Vo_s5S8Pb55K_vH7BIa7DAy_w	Book of Beautiful Horrors (★★)	u/regerem	171	15	30	LE	20	10	20	20	17	13	CON, INT, WIS, CHA	Arcana, Nature, Religion	Acidres, coldres, fireres, lightningres, nonmagicalres	Truesight 60	Abyssal, Common, Draconic, Dwarvish, Giant	Shapechanger, Limited Magic Immunity, Magic Weapons, Legendary, Lair, Regeneration, Uncanny Strength																		
Crone, Norn	Medium	Monstrosity	15	https://drive.google.com/drive/folders/1L_O2j38Vo_s5S8Pb55K_vH7BIa7DAy_w	Book of Beautiful Horrors (★★)	u/regerem	171	15	30	LE	20	10	20	20	17	13	CON, INT, WIS, CHA	Arcana, Nature, Religion	Acidres, coldres, fireres, lightningres, nonmagicalres	Truesight 60	Abyssal, Common, Draconic, Dwarvish, Giant	Shapechanger, Limited Magic Immunity, Magic Weapons, Legendary, Lair, Innate Spellcasting																		
Crone, Primeval	Medium	Monstrosity	15	https://drive.google.com/drive/folders/1L_O2j38Vo_s5S8Pb55K_vH7BIa7DAy_w	Book of Beautiful Horrors (★★)	u/regerem	171	15	30	LE	20	10	20	20	17	13	CON, INT, WIS, CHA	Arcana, Nature, Religion	Acidres, coldres, fireres, lightningres, nonmagicalres	Truesight 60	Abyssal, Common, Draconic, Dwarvish, Giant	Shapechanger, Limited Magic Immunity, Magic Weapons, Legendary, Lair, Innate Spellcasting																		
Minotaur Chosen of Baphomet	Large	Fiend	15	https://drive.google.com/drive/folders/1L_O2j38Vo_s5S8Pb55K_vH7BIa7DAy_w	Book of Beautiful Horrors (★★)	u/regerem	218	18	40	CE	22	11	23	7	16	14	STR, CON, WIS	Perception	Coldres, fireres, lightningres, nonmagicalres	Darkvision 60	Abyssal, Common	Charge, Labyrinthine Recall																		
NPC, Crowd, Cultist Uprising	Gargantuan	Humanoid	15	https://drive.google.com/drive/folders/1L_O2j38Vo_s5S8Pb55K_vH7BIa7DAy_w	Book of Beautiful Horrors (★★)	u/regerem	315	11	30	ANY CHAOTIC	24	10	10	10	10	10	None	None	Bludgeoningres, piercingres, slashingres, charmedimmu, frightenedimmu, paralyzedimmu, petrifiedimmu, proneimmu, restrainedimmu, stunnedimmu	Normal	Any	Strength in Numbers, Swarm, Frenzied, Sacrifice																		
NPC, Crowd, Fanatic Uprising	Gargantuan	Humanoid	15.00	https://drive.google.com/drive/folders/1L_O2j38Vo_s5S8Pb55K_vH7BIa7DAy_w	Book of Beautiful Horrors (★★)	u/regerem	315	11	30	ANY CHAOTIC	24	10	10	10	10	10	None	None	Bludgeoningres, piercingres, slashingres, charmedimmu, frightenedimmu, paralyzedimmu, petrifiedimmu, proneimmu, restrainedimmu, stunnedimmu	Normal	Any	Strength in Numbers, Swarm, Bad Omens, Burn the Heretics, Purified by Fire																		
NPC, Crowd, Militia Uprising	Gargantuan	Humanoid	15	https://drive.google.com/drive/folders/1L_O2j38Vo_s5S8Pb55K_vH7BIa7DAy_w	Book of Beautiful Horrors (★★)	u/regerem	315	11	30	ANY CHAOTIC	24	10	10	10	10	10	None	None	Bludgeoningres, piercingres, slashingres, charmedimmu, frightenedimmu, paralyzedimmu, petrifiedimmu, proneimmu, restrainedimmu, stunnedimmu	Normal	Any	Strength in Numbers, Swarm, Reactive, Unruly																		
NPC, Crowd, Rebel Uprising	Gargantuan	Humanoid	15	https://drive.google.com/drive/folders/1L_O2j38Vo_s5S8Pb55K_vH7BIa7DAy_w	Book of Beautiful Horrors (★★)	u/regerem	315	11	30	ANY CHAOTIC	24	10	10	10	10	10	None	None	Bludgeoningres, piercingres, slashingres, charmedimmu, frightenedimmu, paralyzedimmu, petrifiedimmu, proneimmu, restrainedimmu, stunnedimmu	Normal	Any	Strength in Numbers, Swarm, Impetuous, Sworn Enemy, Destructive																		
NPC, Northlander, Jarl	Medium	Humanoid (Human)	15	https://drive.google.com/drive/folders/1L_O2j38Vo_s5S8Pb55K_vH7BIa7DAy_w	Book of Beautiful Horrors (★★)	u/regerem	256	18	30	N	20	14	20	12	14	18	STR, CON, WIS	Athletics, Intimidation, Perception	None	Normal	Common, Own	First Axe, Mariner, Survivor																		
Vampire, Children of the Night	Medium	Undead	15	https://drive.google.com/drive/folders/1L_O2j38Vo_s5S8Pb55K_vH7BIa7DAy_w	Book of Beautiful Horrors (★★)	u/regerem	144	16	30	LE	18	18	18	17	15	18	DEX, WIS, CHA	Perception, Stealth	Necroticres, nonmagicalres	Darkvision 120	Any	Shapechanger, Legendary, Lair, Misty Escape, Regeneration, Spider Climb, Vampire Weaknesses, Forbiddance, Harmed by Running Water, Sunlight Hypersensitivity, Stake to the Heart																		
Warp Touched, Dolgotha	Huge	Aberration	15	https://drive.google.com/drive/folders/1L_O2j38Vo_s5S8Pb55K_vH7BIa7DAy_w	Book of Beautiful Horrors (★★)	u/regerem	290	20	50, swim 50	CE	28	18	26	6	16	5	STR, DEX, CON	Stealth	Nonmagicalres, acidimmu, poisonimmu, poisonedimmu	Tremorsense 60	Deep Speech	Acid Blood, Acid Fog, Amphibious, Fog Crawler																		
Wild Hunt, Honor Guard	Medium	Fey	15	https://drive.google.com/drive/folders/1L_O2j38Vo_s5S8Pb55K_vH7BIa7DAy_w	Book of Beautiful Horrors (★★)	u/regerem	172	18	30	LE	15	19	17	18	14	22	CON, INT, WIS, CHA	Arcana, History, Insight, Perception	Nonmagicalres, nonsilveredres, coldimmu, charmedimmu, frightenedimmu	Truesight 120	Elvish, Primordial, Sylvan	Innate Spellcasting, Sorcery Points, Frost Weapons, Shared Spellcasting, War Magic																		
Wild Hunt, Navigator	Medium	Fey	15	https://drive.google.com/drive/folders/1L_O2j38Vo_s5S8Pb55K_vH7BIa7DAy_w	Book of Beautiful Horrors (★★)	u/regerem	172	18	30	LE	15	19	17	18	14	22	CON, INT, WIS, CHA	Arcana, History, Insight, Perception	Nonmagicalres, nonsilveredres, coldimmu, charmedimmu, frightenedimmu	Truesight 120	Elvish, Primordial, Sylvan	Innate Spellcasting, Sorcery Points, Frost Weapons																		
Wraith, Pesta	Medium	Undead	15	https://drive.google.com/drive/folders/1L_O2j38Vo_s5S8Pb55K_vH7BIa7DAy_w	Book of Beautiful Horrors (★★)	u/regerem	211	16	fly 60	NE	6	22	26	20	14	17	CON, INT	Deception, Stealth	Acidres, coldres, fireres, lightningres, thunderres, nonmagicalres, nonsilveredres, necroticimmu, poisonimmu, charmedimmu, exhaustionimmu, grappledimmu, paralyzedimmu, petrifiedimmu, poisonedimmu, proneimmu, restrainedimmu	Darkvision 60	Alive	Deceitful Mask, Incorporeal Movement, Legendary, Regeneration, Supernatural Plague, Lair																		
Iggwilv	Medium	Character (Human)	15		Epic Monsters (★)	u/Dave2oo8	102	24	30, fly 30	CE	8	12	12	20	16	16	STR, DEX, CON, INT, WIS, CHA	Arcana, History, Insight, Persuasion, Religion	Acidres, coldres, lightningres, nonmagicalres, fireimmu, poisonimmu, poisonedimmu	Darkvision 120	Abyssal, Celestial, Common, Draconic, Infernal,	Discorporation, Innate Spellcasting, Magic Resistance, Normal Spellcasting, Signature Spells, Spell MAstery, Spell Sniper, War Caster																		
Demon, Belberith	Huge	Fiend (Demon)	15		Fighting Chance (r/d100)	u/The-Unapproachable	216	21	40, climb 20	CE	23	12	24	11	13	13	DEX, CON, WIS, CHA	Perception, Stealth, Survival	Coldres, lightningres, nonmagicalres, fireimmu, poisonimmu, poisonedimmu	Blindsight 30, darkvision 120	Abyssal, telepathy 120	Chameleon, Keen Smell, Magic Resistance, Magic Weapons, Piercing Claws, Innate Spellcasting																		
Dragon, Chromatic, Fang, Adult	Huge	Dragon	15		Forgotten Realms Stat Blocks (★★★)	u/Drewfro666	207	19	40, fly 80	CN	23	10	21	14	13	17	DEX, CON, WIS, CHA	Perception, Stealth	None	Blindsight 60, darkvision 120	Common, Draconic	Sense Magic, Legendary Resistance, Mimicry																		
Dragon, Metallic, Song, Adult	Huge	Dragon	15		Forgotten Realms Stat Blocks (★★★)	u/Drewfro666	207	19	40, fly 80	CG	23	10	21	18	15	19	DEX, CON, WIS, CHA	Insight, Perception, Persuasion, Stealth	Lightningimmu, poisonimmu, poisonedimmu	Blindsight 60, darkvision 120, truesight 15	Common, Draconic	Shapechanger, Legendary Resistance																		
Haunted Book	Tiny	Undead	15.00		https://dmdave.com/jacks-monsters-1/	u/hamrickbrands	99	15	fly 40	CE	1	20	16	20	20	20																								
Gorguth	Medium	Undead	15.00		https://drive.google.com/file/d/1YxCrJevrMZL4M4xqCkHSQ960D7PLr2R0/view	u/badooga1	152	18	30	CE	20	20	20	8	16	20																								
Grisgol	Large	Construct	15		https://drive.google.com/file/d/1YxCrJevrMZL4M4xqCkHSQ960D7PLr2R0/view	u/badooga1	189	17	30	U	20	12	20	5	13	20																								
Skyshadow	Large	Construct	15		https://drive.google.com/file/d/1YxCrJevrMZL4M4xqCkHSQ960D7PLr2R0/view	u/badooga1	168	19	30, fly 100	U	22	20	20	4	16	18																								
The Worm That Walks, Century Worm	Gargantuan	Monstrosity	15		https://drive.google.com/file/d/1YxCrJevrMZL4M4xqCkHSQ960D7PLr2R0/view	u/badooga1	247	18	50, burrow 30, swim 30	U	28	7	22	1	8	4																								
The Worm That Walks, Herald of Kyuss	Large	Aberration	15		https://drive.google.com/file/d/1YxCrJevrMZL4M4xqCkHSQ960D7PLr2R0/view	u/badooga1	119	16	30, swim 40	NE	19	16	17	19	22	20																								
Bowsette	Medium	Humanoid	15		https://i.redd.it/zrqi98mk3ip11.png	u/GenuineBelieverer	221	17	30, climb 30	CN	24	14	20	14	14	22																								
White Band, Melor the Undying	Medium	Humanoid	15		https://imgur.com/gallery/wRu122h	u/kinseki	0	12	40	LN	14	14	29	19	12	21																								
Amalthalda, the Exorcist	Medium	Character (Half-Orc)	15		https://www.reddit.com/r/monsteraday/comments/68nvtg/day_46_amalthalda_the_exorcist/	1d6Adventurers																																		
Dreyfus, the Historian	Medium	Character (Undead)	15		https://www.reddit.com/r/monsteraday/comments/68v1nd/day_47_dreyfus_the_historian/	1d6Adventurers																																		
Sir Hunter Von Huntington III	Medium	Character (Gnome)	15		https://www.reddit.com/r/monsteraday/comments/6927w0/day_48_sir_hunter_von_huntington_iii_the_hunter/	1d6Adventurers																																		
Pietr the Bloodless	Medium	Undead	15.00		https://www.reddit.com/r/monsteraday/comments/699hvw/day_49_pietr_the_bloodless/	1d6Adventurers																																		
Nergalee, the Guild Master	Medium	Character (Half-Elf)	15		https://www.reddit.com/r/monsteraday/comments/69ghan/day_50_nergalee_the_guild_leader/	1d6Adventurers																																		
Giant Space Hamster, Tyrannohamsterus Rex	Huge	Beast	15.00		https://www.reddit.com/r/monsteraday/comments/6nb2cs/day_100_bonanza/	1d6Adventurers																																		
Metal-Head Mummy Lord	Medium	Undead	15		https://www.reddit.com/r/monsteraday/comments/6nb2cs/day_100_bonanza/	1d6Adventurers																																		
Dragon, Frog	Huge	Dragon	15.00		https://www.reddit.com/r/monsteraday/comments/70bzok/day_145_frog_dragon/	1d6Adventurers																																		
Golem, Scrap Metal	Large	Construct	15		https://www.reddit.com/r/monsteraday/comments/71t6r4/day_150_scrap_metal_golem/	1d6Adventurers																																		
Cadaver Collector	Large	Construct	15		https://www.reddit.com/r/monsteraday/comments/7hsa12/day_202_cadaver_collector/	1d6Adventurers																																		
Hyde the Goblin	Small	Character (Goblin)	15		https://www.reddit.com/r/monsteraday/comments/7tv3km/day_241_hyde_the_goblin/	1d6Adventurers																																		
Experiment 626	Small	Monstrosity	15		https://www.reddit.com/r/monsteraday/comments/8iqxs6/day_315_experiment_626/	1d6Adventurers																																		
Umber Hulk Prime	Huge	Monstrosity	15		Ixor's Manual of Monstrous Findings (★★)	u/thorn1993	189	19	40, burrow 30	CE	23	14	18	9	12	10	None	Perception	None	Darkvision 120, tremorsense 60	Deep Speech, Umber Hulk, Own	Confusing Gaze, Legendary Resistance, Tunneler																		
Dragon, Elder, Kushala Daora	Huge	Dragon	15		Monster Hunter's Manual (★★★★)	u/Amellwind	189	19	40, fly 80	U	23	18	19	18	15	12	STR, DEX, WIS, CHA	Perception, Stealth	Poisonweak	Blindsight 60, darkvision 120	Draconic	Wind Barrier, Poison Susceptibility, Flyby, Legendary																		
Fanged Beast, Rajang	Huge	Beast	15		Monster Hunter's Manual (★★★★)	u/Amellwind	200	17	40, climb 40	U	25	12	23	12	16	10	STR, DEX, WIS	Athletics, Perception	Lightningres	Normal	None	Charge, Standing Leap, Legendary																		
Wyvern, Flying, Barioth	Huge	Dragon	15		Monster Hunter's Manual (★★★★)	u/Amellwind	207	16	50, fly 40	U	15	23	20	10	14	8	DEX, WIS, CHA	None	Coldimmu, nonmagicalres	Darkvision 60	None	Legendary																		
Wyvern, Flying, Gravios	Gargantuan	Dragon	15		Monster Hunter's Manual (★★★★)	u/Amellwind	175	22	40, burrow 30	U	26	11	24	11	12	9	CON, WIS	None	Fireimmu, nonmagicalimmu, lightningres	Normal	None	Trampling Charge, Legendary																		
Dragon, Chromatic, Green, Adult	Huge	Dragon	15		Monster Manual	Wizards of the Coast	207	19	40, 80 fly, swim 40	LE	23	12	21	18	15	17	DEX, CON, WIS, CHA	Deception, Insight, Perception, Persuasion, Stealth	Poisonimmu, poisonedimmu	Blindsight 60, darkvision 120	Common, Draconic	Amphibious, Legendary Resistance, Legendary, Lair																		
Dragon, Metallic, Bronze, Adult	Huge	Dragon	15		Monster Manual	Wizards of the Coast	212	19	40, 80 fly, swim 40	LG	25	10	23	16	15	19	DEX, CON, WIS, CHA	Insight, Perception, Stealth	Lightningimmu	Blindsight 60, darkvision 120	Common, Draconic	Amphibious, Legendary Resistance, Legendary, Lair																		
Mummy Lord	Medium	Undead	15		Monster Manual	Wizards of the Coast	97	17	20	LE	18	10	17	11	18	16	CON, INT, WIS, CHA	History, Religion	Fireweak, necroticimmu, poisonimmu, nonmagicalimmu, charmedimmu, exhaustionimmu, frightenedimmu, paralyzedimmu, poisonedimmu	Darkvision 60	Any	Magic Resistance, Rejuvenation, Normal Spellcasting, Legendary, Lair																		
Purple Worm	Gargantuan	Monstrosity	15		Monster Manual	Wizards of the Coast	247	18	50, burrow 30	U	28	7	22	1	8	4	CON, WIS	None	None	Blindsight 30, tremorsense 60	None	Tunneler																		
Cambion, Spawn of Orcus	Large	Fiend	15		Monster Module A-C	u/Jonoman3000	189	19	30, fly 40	CE	23	13	21	18	16	19																								
Cyclops, Infernal	Huge	Giant	15		Monster Module A-C	u/Jonoman3000	264	16	30	LE	25	12	21	10	12	14																								
Demon, Nabassu	Medium	Fiend (Demon)	15		Mordenkainen's Tome of Foes	Wizards of the Coast	190	18	40, fly 60	CE	22	14	21	14	15	17	STR, DEX	Perception	Coldres, fireres, lightningres, nonmagicalres, poisonimmu, poisonedimmu	Darkvision 60	Abyssal, telepathy 120	Demonic Shadows, Devour Soul, Magic Resistance, Magic Weapons																		
Devil, Abishai, Green	Medium	Fiend (Devil)	15		Mordenkainen's Tome of Foes	Wizards of the Coast	187	18	30, fly 40	LE	12	17	16	17	12	19	INT, CHA	Deception, Insight, Perception, Persuasion	Coldres, nonmagicalres, nonsilveredres, fireimmu, poisonedimmu	Darkvision 120	Draconic, Infernal, telepathy 120	Devil's Sight, Innate Spellcasting, Magic Resistance, Magic Weapons																		
Skull Lord	Medium	Undead	15		Mordenkainen's Tome of Foes	Wizards of the Coast	105	18	30	LE	14	16	17	16	15	21	None	Athletics, History, Perception, Stealth	Coldres, necroticres, nonmagicalres, poisonimmu, blindedimmu, charmedimmu, deafenedimmu, exhuastionimmu, frightenedimmu, poisonedimmu, stunnedimmu, unconsciousimmu	Legendary Resistance, Master of the Grave, Evasion, Normal Spellcasting	Any	Legendary Resistance, Master of the Grave, Evasion, Normal Spellcasting																		
Chasmfiend	Gargantuan	Monstrosity	15.00		Single (★)	u/myanrueller	247	18	60, climb 45	U	23	13	22	8	3	11	STR, CON	Athletics, Perception	Fireimmu, necroticimmu, nonmagicalres	Tremorsense 100	None	None																		
Jabberwock	Huge	Fey	15		Single (★)	u/lemongrovelovers	195	19	40, fly 80, swim 40	N	23	14	21	14	13	17	DEX, CON, CHA	Perception, Stealth	Nonmagicalres, forceimmu	Blindsight 60, darkvision 120	Common, Elvish, Primordial, Sylvan	Amphibious, Keen Senses, Legendary Resistance, Magic Resistance, Lair																		
General Grievous	Large	Construct	15		Single (★★★)	u/AnOldWomansTears	190	18	50, climb 50	NE	18	22	18	18	14	12	STR, DEX, INT	Athetics, Acrobatics, Stealth, Intimidation	Poisonimmu, nonmagicalres, charmedimmu, exhaustionimmu, poisonedimmu	Blindsight 60, darkvision 120	Common	Haste, Magic Resistance, Magic Weapons, Reactive, Spiderclimb																		
Devil, Cornugon	Large	Fiend (Devil)	15		Skip's Guide to Monsters (★★)	u/Drewfro666	199	20	20, fly 60	LE	25	21	21	12	16	19	STR, DEX, WIS, CHA	Deception, Insight, Intimidation, Perception, Stealth	Coldres, nonmagicalres, fireimmu, poisonimmu, poisonedimmu	Darkvision 120	Infernal, telepathy 120	Devil's Sight, Fear Aura, Innate Spellcasting, Magic Resistance, Regeneration																		
Devil, Ice, Regeneration	Large	Fiend (Devil)	15		Skip's Guide to Monsters (★★)	u/Drewfro666	180	18	40	LE	21	14	18	18	15	18	DEX, CON, WIS, CHA	None	Nonmagicalres, nonsilveredres, coldimmu, fireimmu, poisonimmu, poisonedimmu	Blindsight 60, darkvision 120	Infernal, telepathy 120	Devil's Sight, Magic Resistance, Regeneration																		
Hydra, Nine-Headed	Huge	Monstrosity	15		Skip's Guide to Monsters (★★)	u/Drewfro666	264	17	30, swim 30	U	24	12	20	2	10	7	None	Perception	None	Darkvision 60	None	Hold Breath, Multiple Heads, Reactive HEads, Wakeful																		
Nightshade, Wing	Huge	Undead	15		Skip's Guide to Monsters (★★)	u/Drewfro666	162	16	20, fly 60	CE	24	18	24	18	20	18	DEX, WIS, CHA	None	Coldimmu, poisonimmu, necroticimmu, nonmagicalimmu, nonsilveredimmu, exhausitonimmu, charmedimmu, frightenedimmu, paralyzedimmu, petrifiedimmu, poisonedimmu	Darkvision 120	All, telepathy 120	Desecrating Aura, Innate Spellcasting, Sunlight Weakness, Legendary																		
Vampire, Shadowdancer	Medium	Undead	15		Skip's Guide to Monsters (★★)	u/Drewfro666	144	16	30	LE	18	18	18	17	15	18	DEX, WIS, CHA	Perception, Stealth	Necroticres, nonmagicalres	Darkvision 120	ALive	Shapechanger, Legendary, Lair, Misty Escape, Regeneration, Spider Climb, Vampire Weaknesses, Forbiddance, Harmed by Running Water, Sunlight Hypersensitivity, Stake to the Heart																		
Dragon, Spider	Large	Dragon	15		Spiderdragon (☪★)	u/HumansWillComeForYou	189	19	50, climb 50	CE	18	24	20	14	12	18	DEX, CON, WIS, CHA	Deception, Perception, Stealth	Poisonedimmu, poisonimmu	Blindsight 30, darkvision 120	Common, Draconic, Undercommon	Legendary Resistance, SPider Climb, Web Sense, Web Walker																		
Dragon, Forest, Adult	Huge	Plant	15		Sprouting Chaos Player's Companion (★★)	u/Jonoman3000	210	19	40, fly 80, swim 40	NG	23	10	22	16	15	14	DEX, CON, WIS	Insight, Perception, Stealth	Poisonimmu	Blindsight 60, darkvision 120	Common, Draconic	Amphibious, Legendary Resistance																		
Linnorm, Crag	Gargantuan	Dragon	15		Through the Ice and Snow (★)	u/LordMediocre	210	20	40, fly 100, swim 60	CE	30	18	24	5	18	20	DEX, CON, WIS	Perception	Fireimmu, poisonimmu	Darkvision 120, blindsight 30	Abyssal, Draconic, Sylvan	Death Curse, Freedom of Movement, Keen Smell, Legendary Resistance																		
Leshen, Black Root	Large	Fey	16		Book of Beautiful Horrors (★★)	u/regerem	210	18	30	NE	24	9	20	13	10	18	STR, CON, WIS	Perception	Necroticimmu, poisonimmu, nonmagicalimmu, radiantweak, frightenedimmu, paralyzedimmu, poisonedimmu	Darkvision 120	Abyssal, Sylvan	Innate Spellcasting, Magic Weapons, Magic Resistance, Rejuvenation, Lair																		
Lycanthrope, Werewolf, Ulfhedinn	Large	Monstrosity	16		Book of Beautiful Horrors (★★)	u/regerem	242	16	50	CE	24	16	20	8	16	8	STR, DEX, CON, WIS	Perception, Stealth, Survival	Coldimmu, nonmagicalimmu, nonsilveredimmu,	Darkvision 60	Common	Fury, Keen Hearing, Keen Smell, Legendary Resistance, Magic Weapons																		
Warp Touched, Dolgotha Pale One	Huge	Aberration	16		Book of Beautiful Horrors (★★)	u/regerem	290	20	50, swim 50	CE	28	18	26	14	16	5	STR, DEX, CON	Stealth	Nonmagicalres, acidimmu, poisonimmu, poisonedimmu	Tremorsense 60	Deep Speech, telepathy 120	Acid Blood, Acid Fog, Amphibious, Fog Crawler																		
Wraith, Cenokian	Large	Undead	16		Book of Beautiful Horrors (★★)	u/regerem	221	16	fly 60	NE	6	23	20	19	14	15	None	Perception, Stealth	Acidres, coldres, fireres, lightningres, thunderres, necroticimmu, poisonimmu, nonmagicalimmu, charmedimmu, exhaustionimmu, frightenedimmu, grappledimmu, paralyzedimmu, petrifiedimmu, poisonedimmu, proneimmu, restrainedimmu	Darkvision 60	Alive	Faces of Terror, Forbiddance, Incorporeal Movement, Legendary Resistance																		
Silt Horror, White	Gargantuan	ABerration	16		Dark Sun Stat Blocks (★)	u/Auquid	245	12	10, burrow 10	U	24	8	24	1	14	10	STR, CON	Stealth	None	Tremorsense 600	None	None																		
Dragon God	Gargantuan	Dragon	16		Demon's Souls Compendium (★)	u/TectonicImprov	350	20	30, climb 30	CE	27	10	24	14	14	14	STR, DEX, CON	Perception, Intimidation	Fireimmu	Normal	Draconic	Legendary Resistance, Weakened Hide																		
Mordenkainen	Medium	Character (Human)	16		Epic Monsters (★)	u/Dave2oo8	162	22	30	N	10	17	18	20	15	16	STR, DEX, CON, INT, WIS, CHA	Arcana, History, Investigation, Perception	Fireres	Normal	Abyssal, Celestial, Common, Elvish, GNomish, Infernal	Arcane Scholar, Boon of Quick Casting, Elemental Adept, Greater Portent, Magic Resistance, Normal Spellcasting, Signature Spells, Spell Mastery, Third Eye, War Caster																		
Treant, Elder	Gargantuan	Plant	16		Epic Monsters (★)	u/Dave2oo8	231	18	60	N	26	8	22	14	19	14	STR, CON, WIS	History, Medicine, Nature, Survival	Fireweak, nonmagicalres, deafenedimmu, petrifiedimmu	Darkvision 120, tremorsense 30	Common, Celestial, Druidic, Elvish, Sylvan	False Appearance, Innate Spellcasting, Limited Magic Resistance, Trample, Siege Monster																		
Dragon, Chromatic, Brown, Adult	Huge	Dragon	16		Forgotten Realms Stat Blocks (★★★)	u/Drewfro666	225	18	40, burrow 40	NE	25	10	23	16	15	19	DEX, CON, WIS, CHA	Perception, Stealth	Acidimmu	Blindsight 60, tremorsense 480, darkvision 120	Common, Draconic	Legendary Resistance																		
Dragon, Chromatic, Deep, Adult	Huge	Dragon	16		Forgotten Realms Stat Blocks (★★★)	u/Drewfro666	225	19	40, burrow 20, fly 80, swim 30	CE	25	10	23	20	17	19	DEX, CON, WIS, CHA	Perception, Stealth	Coldres, fireres, charmedimmu	Blindsight 60, truesight 120	Draconic, Undercommon	Sense Magic, Shapechanger, Legendary Resistance																		
Aboleth Sarcoma	Huge	Aberration	16		https://drive.google.com/file/d/1YxCrJevrMZL4M4xqCkHSQ960D7PLr2R0/view	u/badooga1	256	17	40, climb 40, swim 40	LE	23	9	24	18	18	19																								
Inevitable, Obligatum VII	Medium	Construct	16		https://drive.google.com/file/d/1YxCrJevrMZL4M4xqCkHSQ960D7PLr2R0/view	u/badooga1	149	20	30	LN	19	13	24	15	18	18																								
War Titan	Huge	Fiend (Titan)	16		https://www.reddit.com/r/monsteraday/comments/3px4wr/day_68_war_titan/	StoneStrix																																		
Orc Cyst Herald of Yurtrus	Medium	Humanoid (Orc)	16		https://www.reddit.com/r/monsteraday/comments/66qcw5/day_40_orc_cyst_herald_of_yurtrus/	1d6Adventurers																																		
Gashadokuro	Gargantuan	Undead	16		https://www.reddit.com/r/monsteraday/comments/67xzjc/day_44_gashadokuro/	1d6Adventurers																																		
Giant, Storm, Water-Bearer	Huge	Giant	16.00		https://www.reddit.com/r/monsteraday/comments/6disuw/day_65_storm_giant_waterbearer/	1d6Adventurers																																		
Giant Cat	Gargantuan	Beast	16		https://www.reddit.com/r/monsteraday/comments/8skjho/day_343_giant_cat/	1d6Adventurers																																		
Soul Eater	Large	Fiend	16		https://www.reddit.com/r/monsteraday/comments/8w3019/day_353_soul_eater/	1d6Adventurers																																		
Dragon, Elder, Valphalk	Huge	Dragon	16		Monster Hunter's Manual (★★★★)	u/Amellwind	157	17	40, fly 90	U	19	16	18	12	10	10	None	Acrobatics	None	Normal	None	Brutal Wings, Dive Attack																		
Fanged Beast, Gammoth	Gargantuan	Beast	16		Monster Hunter's Manual (★★★★)	u/Amellwind	198	18	40	U	22	10	23	8	12	6	STR, CON, WIS, CHA	Nonmagicalimmu, coldres, nonmagicalres	None	Normal	None	Trampling CHarge, Ice Walk, Legendary																		
Wyvern, Flying, Tigrex	Huge	Dragon	16		Monster Hunter's Manual (★★★★)	u/Amellwind	189	18	50, fly 40	U	25	16	19	8	12	10	DEX, WIS	Athletics	None	Darkvision 60	None	Enrage, Legendary Resistance																		
Angel, Planetar	Large	Celestial	16		Monster Manual	Wizards of the Coast	200	19	40, 120 fly	LG	24	20	24	19	22	25	CON, WIS, CHA	Perception	Radiantres, nonmagicalres, charmedimmu, exhaustionimmu, frightenedimmu	Truesight 120	All, telepathy 120	Angelic Weapons, Divine Awareness, Innate Spellcasting, Magic Resistance																		
Demon, Marilith	Large	Fiend (Demon)	16		Monster Manual	Wizards of the Coast	189	18	40	CE	18	20	20	18	16	20	STR, CON, WIS, CHA	None	Coldres, fireres, lightningres, nonmagicalres, poisonimmu, poisonedimmu	Truesight 120	Abyssal, telepathy 120	Magic Resistance, Magic Weapons, Reactive																		
Dragon, Chromatic, Blue, Adult	Huge	Dragon	16		Monster Manual	Wizards of the Coast	225	19	40, 40 burrow, 80 fly	LE	25	10	23	16	15	19	DEX, CON, WIS, CHA	Perception, Stealth	Lightningimmu	Blindsight 60, darkvision 120	Common, Draconic	Legendary, Legendary Resistance, Lair																		
Dragon, Metallic, Silver, Adult	Huge	Dragon	16		Monster Manual	Wizards of the Coast	243	19	40, fly 80	LG	27	10	25	16	13	21	DEX, CON, WIS, CHA	Arcana, History, Perception, Stealth	Coldimmu	Blindsight 60, darkvision 120	Common, Draconic	Legendary Resistance, Legendary, Lair																		
Golem, Iron	Large	Construct	16		Monster Manual	Wizards of the Coast	210	20	30	U	24	9	20	3	11	1	None	None	Fireimmu, poisonimmu, psychicimmu, nonadamantineimmu, charmedimmu, exhaustionimmu, frightenedimmu, paralyzedimmu, petrifiedimmu, poisonedimmu	Darkvision 120	Creator	Fire Absorption, Immutable Form, Magic Resistance, Magic Weapons																		
Aboleth Sovereign	Huge	Aberration	16		Monster Module (★★★★)	u/Jonoman3000	199	19	15, swim 60	LE	25	12	18	20	17	21	CON, INT, WIS	History, Insight, Perception	None	Darkvision 120	Deep Speech, telepathy 120	Amphibious, Mucous Cloud, Probing Telepath, Legendary, Lair																		
Aboleth Sovereign Spellcaster	Huge	Aberration	16		Monster Module (★★★★)	u/Jonoman3000	199	19	15, swim 60	LE	25	12	18	20	17	21	CON, INT, WIS	History, Insight, Perception	None	Darkvision 120	Deep Speech, telepathy 120	Amphibious, Mucous Cloud, Probing Telepath, Legendary, Lair, Innate Spellcasting																		
Chimera, Maeragorgon	Huge	Fiend	16		Monster Module A-C	u/Jonoman3000	195	17	40, fly 90	CE	23	14	20	8	16	11																								
Devil, Arch, Titivilus	Medium	Fiend (Devil)	16		Mordenkainen's Tome of Foes	Wizards of the Coast	127	20	40, fly 60	LE	19	22	17	24	22	26	DEX, CON, WIS, CHA	Deception, Insight, Intimidation, Persuasion	Coldres, nonmagicalres, nonsilveredres, fireimmu, poisonimmu, charmedimmmu, exhaustionimmu, frightenedimmu, poisonedimmu	Darkvision 120	All, telepathy 120	Innate Spellcasting, Legendary, Lair, Magic Resistance, Magic Weapons, Regeneration, Ventriloquism																		
Devil, Hellfire Engine	Huge	Construct	16		Mordenkainen's Tome of Foes	Wizards of the Coast	216	18	40	LE	20	16	24	2	10	1	DEX, WIS, CHA	None	Coldres, psychicres, nonmagicalres, nonsilveredres, fireimmu, poisonimmu, charmedimmu, deafenedimmu, exhaustionimmu, frightenedimmu, paralyzedimmu, poisonedimmu, unconsciousimmu	Darkvision 120	Infernal	Immutable Form, Magic Resistance																		
Elder Elemental, Phoenix	Gargantuan	Elemental	16		Mordenkainen's Tome of Foes	Wizards of the Coast	175	18	20, fly 120	N	19	26	25	2	21	18	WIS, CHA	None	Nonmagicalres, fireimmu, poisonimmu, exhaustionimmu, grappledimmu, paralyzedimmu, petrifiedimmu, poisonedimmu, proneimmu, restrainedimmu, stunnedimmu	Darkvision 60	None	Fiery Death and Rebirth, Fire Form, Flyby, Illumination, Legendary, Siege Monster																		
Githzerai Anarch	Medium	Humanoid (Gith)	16		Mordenkainen's Tome of Foes	Wizards of the Coast	144	20	30	LN	16	21	18	18	20	14	STR, DEX, INT, WIS	Arcana, Insight, Perception	None	Normal	Own	Innate Spellcasting (Psionics), Psychic Defense, Lair, Legendary																		
Star Spawn Larva Mage	Medium	Aberration	16		Mordenkainen's Tome of Foes	Wizards of the Coast	168	16	30	CE	17	12	23	18	12	16	DEX, WIS, CHA	Perception	Coldres, nonmagicalres, psychicimmu, charmedimmu, frightenedimmu, paralyzedimmu, petrifiedimmu, poisonedimmu, restrainedimmu	Darkvision 60	Deep Speech	Innate Spellcasting, Return to Worms, Legendary																		
Steel Predator	Large	Construct	16		Mordenkainen's Tome of Foes	Wizards of the Coast	207	20	40	LE	24	17	22	4	14	6	None	Perception, Stealth, Survival	Coldres, lightningres, necroticres, thunderres, poisonimmu, psychicimmu, nonmagicalimmu, charmedimmu, exhaustionimmu, frightenedimmu, paralyzedimmu, petrifiedimmu, poisonedimmu, stunnedimmu	Blindsight 30, darkvision 60	Modron, Any	Innate Spellcasting, Magic Resistance, Magic Weapons																		
Demon, Marilith, Spellcaster	Large	Fiend (Demon)	16		Skip's Guide to Monsters (★★)	u/Drewfro666	189	18	40	CE	18	20	20	18	16	20	STR, CON, WIS, CHA	None	Coldres, fireres, lightningres, nonmagicalres, poisonimmu, poisonedimmu	Truesight 120	Abyssal, telepathy 120	Magic Resistance, Magic Weapons, Reactive, Innate Spellcasting, Change Shape																		
Golem, Stone, Greater	Huge	COnstruct	16		Skip's Guide to Monsters (★★)	u/Drewfro666	310	19	30	U	16	9	24	3	11	1	None	None	Poisonimmu, psychicimmu, nonmagicalimmu, nonadamantineimmu, charmedimmu, exhausitonimmu, frightenedimmu, apralyzedimmu, petrifiedimmu, poisonedimmu	Darkvision 120	Creator	Immutable Form, Magic Resistance, Magic Weapons																		
Giant, Storm, Quintessent	Huge	Giant (Giant, Storm)	16		Volo's Guide to Monsters	Wizards of the Coast	230	12	50, fly 50, swim 50	CG	29	14	20	17	20	19	STR, CON, WIS, CHA	Arcana, History, Perception	Coldres, nonmagicalres, lightningimmu, thunderimmu	Truesight 60	Common, Giant	Amphibious, Legendary																		
Dragon, Nebula, Adult	Huge	Dragon	17	https://www.gmbinder.com/share/-LSNMh6eX2Cm0VdsuZTr#:~:text=Adult%20Nebula%20Dragon	All the Lights in the Sky Are Stars	u/aeyana	256	19	40, fly 80	CN	27	14	25	16	15	24																								
NPC, Northlander, Heir of Valkur	Medium	Humanoid (Human)	17	https://drive.google.com/drive/folders/1L_O2j38Vo_s5S8Pb55K_vH7BIa7DAy_w	Book of Beautiful Horrors (★★)	u/regerem	287	19	40	N	24	14	24	8	15	7	STR, DEX, CON	Athletics, Perception, Survival	Coldres, lightningres, charmedimmu, frightenedimmu	Normal	Common, Own	Aggressive, Ancestor's Protection, Brute, Magic Weapons, Mariner, Unarmored Defense, Unbridled Rage																		
Vampire, Nekurat	Large	Undead	17	https://drive.google.com/drive/folders/1L_O2j38Vo_s5S8Pb55K_vH7BIa7DAy_w	Book of Beautiful Horrors (★★)	u/regerem	184	19	40	LE	26	20	22	16	16	14	STR, CON, WIS	Deception, Perception, Stealth	Necroticres, nonmagicalimmu, frightenedimmu	Blindsight 120, darkvision 120	Common, Any	Shapechanger, Blood Scent, Regeneration, Vampire Weaknesses, Blood Addiction, Garlic Aversion, Sunlight Hypersensitivity, Normal Spellcasting, Nether Bite, Legendary, Lair																		
Wild Hunt, General	Medium	Fey	17	https://drive.google.com/drive/folders/1L_O2j38Vo_s5S8Pb55K_vH7BIa7DAy_w	Book of Beautiful Horrors (★★)	u/regerem	187	21	30	LE	25	19	17	13	13	18	STR, CON, WIS, CHA	Athletics, Intimidation, Perception	Coldimmu, nonmagicalimmu, nonsilveredimmu, charmedimmu, frightenedimmu	Darkvision 60	Elvish, Primordial, Sylvan	Innate Spellcasting, Frost Weapons, Juggernaut, Pain Indifference																		
Silt Horror, Gray	Huge	ABerration	17		Dark Sun Stat Blocks (★)	u/Auquid	250	13	20, burrow 20	U	22	10	22	3	14	12	STR, CON, WIS	Stealth	None	Blindsight 120, tremorsense 50	None	Unwavering Eye																		
Demon, Arch, Old King Allant	Medium	Fiend (Demon)	17		Demon's Souls Compendium (★)	u/TectonicImprov	255	17	40	CE	22	18	18	15	14	16	STR, DEX, CHA	Athletics, Deception, Acrobatics, Arcana	Necroticimmu, nonmagicalres, acidres, coldres, thunderres, lightningres, poisonres, fireres, charmedimmu, frightenedimmu, poisonimmu, proneimmu	Normal	Common, Abyssal	Magical Resistance, Soulbrandt, Legendary Resistance																		
Arthur Pendragon	Medium	Character (Human)	17		Epic Monsters (★)	u/Dave2oo8	185	23	30	LG	18	16	18	15	17	18	DEX, WIS, CHA	Athletics, History, Insight, Persuasion, Perception	Nonmagicalres	Normal	Common, Elvish, Sylvan	Aura of Courage, Jack of All Trades, King's Inspiration, Improved Divine Smite, Divine Health, Mage Slayer, Magic Weapons, Shield Master, Divine Sense, Normal Spellcasting																		
Axihuatl	Large	Aberration	17.00	https://drive.google.com/file/d/1YxCrJevrMZL4M4xqCkHSQ960D7PLr2R0/view	https://drive.google.com/file/d/1YxCrJevrMZL4M4xqCkHSQ960D7PLr2R0/view	u/badooga1	170	16	swim 30	CE	14	21	22	20	23	18																								
Caira Xasten	Medium	Humanoid (Human)	17	https://drive.google.com/file/d/1YxCrJevrMZL4M4xqCkHSQ960D7PLr2R0/view	https://drive.google.com/file/d/1YxCrJevrMZL4M4xqCkHSQ960D7PLr2R0/view	u/badooga1	165	15	35	NE	13	20	16	15	20	16																								
Evolved Atropal Scion	Huge	Undead (Titan)	17	https://drive.google.com/file/d/1YxCrJevrMZL4M4xqCkHSQ960D7PLr2R0/view	https://drive.google.com/file/d/1YxCrJevrMZL4M4xqCkHSQ960D7PLr2R0/view	u/badooga1	225	7	fly 50	LE	19	5	22	25	19	24																								
Irthicax Vane	Medium	Humanoid	17	https://drive.google.com/file/d/1YxCrJevrMZL4M4xqCkHSQ960D7PLr2R0/view	https://drive.google.com/file/d/1YxCrJevrMZL4M4xqCkHSQ960D7PLr2R0/view	u/badooga1	137	24	60	LE	11	24	13	14	21	14																								
Lucather Majii	Medium	Undead	17	https://drive.google.com/file/d/1YxCrJevrMZL4M4xqCkHSQ960D7PLr2R0/view	https://drive.google.com/file/d/1YxCrJevrMZL4M4xqCkHSQ960D7PLr2R0/view	u/badooga1	170	20	fly 60	LE	1	19	18	22	16	17																								
Seghulerak	Large	Monstrosity	17	https://drive.google.com/file/d/1YxCrJevrMZL4M4xqCkHSQ960D7PLr2R0/view	https://drive.google.com/file/d/1YxCrJevrMZL4M4xqCkHSQ960D7PLr2R0/view	u/badooga1	157	19	40	CE	25	16	20	17	20	19																								
The Worm That Walks, Edwin Tolstoff	Medium	Aberration	17	https://drive.google.com/file/d/1YxCrJevrMZL4M4xqCkHSQ960D7PLr2R0/view	https://drive.google.com/file/d/1YxCrJevrMZL4M4xqCkHSQ960D7PLr2R0/view	u/badooga1	168	16	30, burrow 30	NE	17	12	23	18	20	16																								
Zuvexus	Large	Fiend (Demon)	17	https://drive.google.com/file/d/1YxCrJevrMZL4M4xqCkHSQ960D7PLr2R0/view	https://drive.google.com/file/d/1YxCrJevrMZL4M4xqCkHSQ960D7PLr2R0/view	u/badooga1	189	18	40, fly 60	CE	18	20	20	18	16	20																								
Blackwing	Medium	Humanoid (Kenku)	17.00		https://imgur.com/N073qH6	u/hunter_of_necrows	135	20	50	LN	10	20	16	11	16	14																								
Dire Bombardier Beetle	Gargantuan	Beast	17		https://www.reddit.com/r/monsteraday/comments/67q7yj/day_43_dire_bombardier_beetle/	1d6Adventurers																																		
Dragon, Stone, Adult	Huge	Dragon	17		Ixor's Manual of Monstrous Findings (★★)	u/thorn1993	184	20	30, burrow 40, fly 50	N	25	8	21	12	16	18	STR, CON, WIS, CHA	Athletics, Perception	Nonmagicalres, nonadamantineres	Darkvision 120, tremorsense 40	Common, Draconic	Legendary Resistance, Tunneler, Lair																		
Feninor, the Inderno's Swell	Gargantuan	Elemental	17		Ixor's Manual of Monstrous Findings (★★)	u/thorn1993	261	14	40	N	21	18	19	8	13	12	STR, WIS, CHA	Nonmagicalres, fireimmu, poisonimmu, exhaustionimmu, grappledimmu, paralyzedimmu, petrifiedimmu, poisonedimmu, proneimmu, restrainedimmu, unconsciousimmu	None	Darkvision 120	Ignan	Illumination, Legendary Resistance, Purgatory																		
The Frozen, Monarch	Large	Undead	17		Ixor's Manual of Monstrous Findings (★★)	u/thorn1993	199	19	40	CE	23	12	21	15	12	8	STR, WIS, CHA	Athletics, Perception	Nonmagicalres, poisonimmu, coldimmu, exhaustionimmu, poisonedimmu	Darkvision 60	Common	Glacial Body, Icy Grip, Legendary Resistance, Magic Resistance, Three HEads, Shard WHirlwind																		
Viktor Mazan	Medium	Character (Human)	17		Ixor's Manual of Monstrous Findings (★★)	u/thorn1993	171	17	40	CE	23	19	20	14	16	18	STR, CON, WIS	Athletics, Deception, Insight, Perception, Persuasion	Nonmagicalimmu, nonsilveredimmu	Normal	Common	Shapechanger, Aggressive, Keen Hearing, Keen SMell, Legendary Resistance, Pack Leader																		
Dragon, Elder, Amatsumagatsuchi	Gargantuan	Dragon	17		Monster Hunter's Manual (★★★★)	u/Amellwind	198	17	fly 60	U	23	10	23	16	15	17	DEX, CON, WIS, CHA	Acrobatics, Perception	Radiantimmu, charmedimmu, exhaustionimmu, frightenedimmu, prnoeimmu	Blindsight 60, darkvision 120	Draconic, Primordial	Legendary Resistance, Wind Barrier, Supressed Power																		
Wyvern, Brute, Brachydios	Huge	Dragon	17		Monster Hunter's Manual (★★★★)	u/Amellwind	253	19	40	U	24	14	20	8	9	9	STR, WIS	None	Fireimmu, slashinres, piercingres	Normal	None	Legendary																		
Wyvern, Flying, Bazelgeuse	Huge	Dragon	17		Monster Hunter's Manual (★★★★)	u/Amellwind	276	20	40, fly 80	U	23	10	21	10	13	12	DEX, CON, WIS, CHA	None	Fireimmu, coldres, nonmagicalres	Normal	None	Explosive Scales, Shed, Carpet Bomb, Wounded Fury, Dive Attack																		
Death Knight	Medium	Undead	17		Monster Manual	Wizards of the Coast	180	20	30	CE	20	11	20	12	16	18	DEX, WIS, CHA	None	Necroticimmu, poisonimmu, exhaustionimmu, frightenedimmu, poisonedimmu	Darkvision 120	Abyssal, Common	Magic Resistance, Marshal Undead, Spellcasting																		
Demon, Goristro	Huge	Fiend (Demon)	17.00		Monster Manual	Wizards of the Coast	310	19	40	CE	25	11	25	6	13	14	STR, DEX, CON, WIS	Perception	Coldres, fireres, lightningres, nonmagicalres, poisonimmu, poisonedimmu	Darkvision 120	Abyssal	Charge, Labyrinthine Recall, Magic Resistance, Siege																		
Dragon, Chromatic, Red, Adult	Huge	Dragon	17	http://dndroll.wikidot.com/creatures:adult-red-dragon	Monster Manual	Wizards of the Coast	256	19	40, climb 40, fly 80	CE	27	10	25	16	13	21	DEX, CON, WIS, CHA	Perception, Stealth	Fireimmu	Blindsight 60, darkvision 120	Common, Draconic	Legendary Resistance, Legendary, Lair																		
Dragon, Metallic, Gold, Adult	Huge	Dragon	17		Monster Manual	Wizards of the Coast	256	19	40, fly 80, swim 40	LG	27	14	25	16	15	24	DEX, CON, WIS, CHA	Insight, Perception, Persuasion, Stealth	Fireimmu	Blindsight 60, darkvision 120	Common, Draconic	Amphibious, Legendary Resistance, Legendary, Lair																		
Dragon, Turtle	Gargantuan	Dragon	17		Monster Manual	Wizards of the Coast	341	20	20, swim 40	N	25	10	20	10	12	12	DEX, CON, WIS	None	Fireres	Darkvision 120	Aquan, Draconic	Amphibious																		
Sphinx, Andro	Large	Monstrosity	17		Monster Manual	Wizards of the Coast	199	17	40, fly 60	LN	22	10	20	16	18	23	DEX, CON, INT, WIS	Arcana, Perception, Religion	Psychicimmu, nonmagicalimmu, charmedimmu, frightenedimmu	Truesight 120	Common, Own	Inscrutable, Magic Weapons, Normal Spellcasting, Lair, Legendary																		
Devil, Abishai, Blue	Medium	Fiend (Devil)	17		Mordenkainen's Tome of Foes	Wizards of the Coast	195	19	30, fly 50	LE	15	14	17	22	23	18	INT, WIS	Arcana	Coldres, nonmagicalres, nonsilveredres, fireimmu, lightiningimmu, poisonimmu, poisonedimmu	Darkvision 120	Draconic, Infernal, telepathy 120	Devil's Sight, Magic Resistance, Magic Weapons, Normal Spellcasting																		
Nagpa	Medium	Humanoid (Nagpa)	17		Mordenkainen's Tome of Foes	Wizards of the Coast	187	19	30	NE	9	15	12	23	18	21	INT, WIS, CHA	Arcana, Deception, History, Insight, Perception	None	Truesight 120	Common, Any	Corruption, Paralysis, Normal Spellcasting																		
Necromera	Huge	Undead	17		Single (★★)	u/docnox	225	17	50, burrow 30, fly 80	LE	25	13	23	8	15	12	DEX, CON, WIS	Perception, Stealth	Necroticres, poisonimmu, charmedimmu, exhaustionimmu, frightenedimmu, paralyzedimmu, poisonedimmu	Blindsight 60, darkvision 120	Common, Worg	Legendary Resistance, Magic Resistance, Keen Hearing, Keen Smell, Miasma, Regeneration																		
Vengeance, The Hulking One	Large	Monstrosity	17.00		Single (★★★★)	u/TheRainyDaze	202	18	40, climb 40	CN	24	14	24	8	18	6	STR, DEX, CON	Athletics, Perception	Frightenedimmu	Darkvision 60	Common	Furious Leap, Enrage																		
Angel, Planetar, Spellcaster	Large	Celestial	17		Skip's Guide to Monsters (★★)	u/Drewfro666	200	19	40, 120 fly	LG	24	20	24	19	22	25	CON, WIS, CHA	Perception	Radiantres, nonmagicalres, charmedimmu, exhaustionimmu, frightenedimmu	Truesight 120	All, telepathy 120	Angelic Weapons, Divine Awareness, Innate Spellcasting, Magic Resistance, Normal Spellcasting																		
Elemental, Elder, Air	Huge	Elemental	17		Skip's Guide to Monsters (★★)	u/Drewfro666	276	18	fly 90	U	20	26	20	6	10	6	None	None	Lightningres, thunderres, poisonimmu, exhaustionimmu, grappledimmu, paralyzedimmu, petrifiedimmu, poisonedimmu, proneimmu, restraineidmmu, unconsciousimmu	Darkvision 60	Auran	Air Form																		
Elemental, Elder, Earth	Huge	Elemental	17		Skip's Guide to Monsters (★★)	u/Drewfro666	348	21	30, burrow 30	U	26	8	26	5	10	5	None	None	Thunderweak, poisonimmu, exhaustionimmu, paralyzedimmu, petrifiedimmu, poisonedimmu, unconsciousimmu	Darkvision 60, tremorsense 60	Terran	Earth Glide, Siege Monster																		
Elemental, Elder, Fire	Huge	Elemental	17		Skip's Guide to Monsters (★★)	u/Drewfro666	300	16	50	U	16	23	22	6	10	7	None	None	FIreimmu, poisonimmu, exhaustionimmu, grappledimmu, paralyzedimmu, petrifiedimmu, poisonedimmu, proneimmu, restrainedimmu, unconsciousimmu	Darkvision 60	Ignan	FIre Form, Illumination, Water Susceptibility																		
Elemental, Elder, Water	Huge	Elemental	17		Skip's Guide to Monsters (★★)	u/Drewfro666	324	17	30, swim 90	U	24	20	24	5	10	8	None	None	Acidires, poisonimmu, exhausitonimmu, grappledimmu, paralyzedimmu, petrifiedimmu, poisonedimmu, proneimmu, restrainedimmu, unconsciousimmu	Darkvision 60	Aquan	Water Form, Freeze																		
Formian Queen	Large	Monstrosity	17		Skip's Guide to Monsters (★★)	u/Drewfro666	252	18	0	LN	1	1	20	20	20	20	None	None	Fireres, lightningres, thunderres, coldimmu, poisonimmu, petrifiedimmu, poisonedimu	Truesight 60	Common, Formian, Own, telepathy 50 miles	Hived Mind, Innate Spellcasting, Normal Spellcasting																		
Giant, Frost, Jarl	Huge	Giant	17		Skip's Guide to Monsters (★★)	u/Drewfro666	250	18	40	CE	25	9	23	13	10	18	CON, WIS, CHA	Athletics, Perception	Coldimmu	Normal	Abyssal, Giant	Normal Spellcasting																		
Hydra, Ten-Headed	Huge	Monstrosity	17		Skip's Guide to Monsters (★★)	u/Drewfro666	287	17	30, swim 30	U	25	12	20	2	10	7	None	Perception	None	Darkvision 60	None	Hold Breath, Multiple Heads, Reactive HEads, Wakeful																		
Nightshade, Walker	Huge	Undead	17		Skip's Guide to Monsters (★★)	u/Drewfro666	189	17	40, fly 20	CE	26	14	24	20	20	18	DEX, WIS, CHA	None	Coldimmu, poisonimmu, necroticimmu, nonmagicalimmu, nonsilveredimmu, exhausitonimmu, charmedimmu, frightenedimmu, paralyzedimmu, petrifiedimmu, poisonedimmu	Darkvision 120	All, telepathy 120	Desecrating Aura, Evil Gaze, Innate Spellcasting, Sunlight Weakness, Legendary																		
Khala	Large	Dragon	17		Through the Ice and Snow (★)	u/LordMediocre	270	22	30, fly 90	CE	29	21	26	21	20	24	DEX, CON, WIS	Acrobatics, Deception, History, Insight, Intimidation, nature, Perception, Persuasion, Stealth, Survival	Paralyzedimmu, acidres, lightningres, coldimmu, fireweak	Darkvision 60	Abyssal, Aquan, Common, Draconic, Giant, Goblin	Flyby, Legendary Resistance																		
Wendigo	Large	Monstrosity	17		Through the Ice and Snow (★)	u/LordMediocre	310	17	fly 120	CE	28	28	30	25	20	23	DEX, CON	None	Fireres, lightningres, thunderres, acidres, poisonres, coldimmu, fireweak	Blindsight 60, darkvision 60	Abyssal, Common, Giant, telepathy 1 mile	Flyby, Howl Wind Walk, Wendigo Psychosis, Innate Spellcasting																		
Duergar King	Medium	Humanoid (Dwarf)	18		City and Wild (★★)	u/AeronDrake	190	20	25	LE	20	15	20	15	14	18	STR, DEX, CON, WIS	Athletics, Insight, Intimidation, Persuasion	Poisonres	Darkvision 120	Dwarvish, Undercommon	Adamantine Armor, Magic Weapons, Duergar Resilience, Sunlight Sensitivity, Legendary																		
Megapede	Gargantuan	Beast	18		Dark Sun Stat Blocks (★)	u/Auquid	222	18	40, burrow 30, climb 40	U	25	11	26	1	14	6	STR, CON, INT, WIS	Athletics, Survival	Psychicres, nonmagicalres, frightenedimmu, paralyzedimmu	Blindsight 120, tremorsense 120	None	Legendary Resistance, Freedom of Movement, Lair																		
Archfey, Fionnghuala	Medium	Fey	18		Epic Monsters (★)	u/Dave2oo8	288	20	40	NG	17	20	18	18	20	18	DEX, CON, WIS, CHA	Acrobatics, Athletics, Perception, Stealth	Nonmagicalres, nonmagicalimmu, exhaustionimmu, coldres, fireres, paralyzedimmu, petrifidimmu	Truesight 60	Common, Elvish, Sylvan	Banishment, Fey Lords, Innate Spellcasting, Unstoppable, Limited Magic Immunity, Magic Weapons, Regeneration, Favored Enemy, Favored Terrain, Fey Touched, Fionnghuala's Talents, Fighting Styles, Mobile, Sharpshooter, Summons, Legendary																		
Soelma Nilaenish	Medium	Humanoid (Elf)	18		https://drive.google.com/file/d/1YxCrJevrMZL4M4xqCkHSQ960D7PLr2R0/view	u/badooga1	153	16	30	NE	8	18	15	23	16	17																								
Dragon, Crystalline	Huge	Dragon	18		https://www.reddit.com/r/monsteraday/comments/3tlb1z/day_96_crystalline_dragon/	StoneStrix																																		
Geriviar	Huge	Giant	18		https://www.reddit.com/r/monsteraday/comments/7dni9m/day_190_geriviar/	1d6Adventurers																																		
Dragon, Two-Headed Brainstealer	Huge	Dragon	18		https://www.reddit.com/r/monsteraday/comments/7i0azz/day_203_twoheaded_brainstealer_dragon/	1d6Adventurers																																		
Golem, Sarcophagus	Huge	Construct	18		https://www.reddit.com/r/monsteraday/comments/83xxs4/day_271_sarcophagolem/	1d6Adventurers																																		
Atchoum the Cat	Small	Beast	18		https://www.reddit.com/r/monsteraday/comments/8t3j12/day_345_atchoum/	1d6Adventurers																																		
Bulette, Magma, Adult	Huge	Monstrosity	18		Ixor's Manual of Monstrous Findings (★★)	u/thorn1993	322	19	40, burrow 40	U	24	12	21	2	11	6	STR, CON, WIS	Perception	Fireimmu	Darkvision 60, tremorsense 60	None	Standing Leap, Stifling Heat, Tunneler																		
Dragon, Elder, Dalamadur	Gargantuan	Dragon	18		Monster Hunter's Manual (★★★★)	u/Amellwind	232	18	60, burrow 60, climb 60	U	18	24	21	18	14	14	WIS, CHA	Perception, Stealth	Fireres, poisonres, charmedimmu, frightenedimmu, paralyzedimmu	Truesight 120	Common, Draconic, Sylvan, telepathy 120	Legendary Resistance, magic Resistance, Siege Monster																		
Dragon, Elder, Yama Tsukami	Gargantuan	Monstrosity	18		Monster Hunter's Manual (★★★★)	u/Amellwind	200	17	10, fly 60	U	28	10	23	15	16	10	STR, DEX, CON, WIS	None	Lightningimmu, nonmagicalimmu, charmedimmu, frightenedimmu, paralysisimmu, proneimmu	Truesight 120	Primordial, telepathy 120	Freedom of Movement, Siege MOnster, Legendary																		
Wyvern, Brute, Deviljho	Gargantuan	Dragon	18		Monster Hunter's Manual (★★★★)	u/Amellwind	231	19	50	U	27	18	23	10	15	8	STR, WIS, CON	Athletics, Intimidation, Perception	CHarmedimmu, frightenedimmu, stunnedimmu	Normal	None	Charge, Legendary Resistance																		
Wyvern, Flying, Diablos	Huge	Dragon	18		Monster Hunter's Manual (★★★★)	u/Amellwind	225	20	40, burrow 30	U	25	13	23	6	14	9	WIS	None	Frightenedimmu	Darkvision 60, tremorsense 60	None	Underground CHarge, Brute, Legendary Resistance, Legendary																		
Demilich	Tiny	Undead	18		Monster Manual	Wizards of the Coast	80	20	fly 30	NE	1	20	10	20	17	20	CON, INT, WIS, CHA	None	Magicalres, necroticimmu, poisonimmu, psychicimmu, nonmagicalimmu, charmedimmu, deafenedimmu, exhaustionimmu, frightenedimmu, paralyzedimmu, petrifiedimmu, poisonedimmu, proneimmu, stunnedimmu	Truesight 120	None	Avoidance, Legendary Resistance, Turn Immunity, Legendary, Lair																		
Demon, Sibriex	Huge	Fiend (Demon)	18		Mordenkainen's Tome of Foes	Wizards of the Coast	150	19	fly 20	CE	10	3	23	25	24	25	INT, CHA	Arcana, History, Perception	Coldres, fireres, lightningres, nonmagicalres, poisonimmu, poisonedimmu	Truesight 120	All, telepathy 120	Contamination, Innate Spellcasting, Legendary, Magic Resistance																		
Devil, Amnizu	Medium	Fiend (Devil)	18.00		Mordenkainen's Tome of Foes	Wizards of the Coast	202	21	30, fly 40	LE	11	13	16	20	12	18	DEX, CON, WIS, CHA	Perception	COldres, nonmagicalres, nonsilveredres, fireimmu, poisonimmu, charmedimmu, poisonedimmu	Darkvision 120	Common, Infernal, telepathy 1000	Devil's Sight, Innate Spellcasting, Magic Resistance																		
Drow Favored Consort	Medium	Humanoid (Elf)	18.00		Mordenkainen's Tome of Foes	Wizards of the Coast	225	15	30	NE	15	20	16	18	15	18	DEX, CON, CHA	Acrobatics, Athletics, Perception, Stealth	None	Darkvision 120	Elvish, Undercommon	Fey Ancestry, Innate Spellcasting, Normal Spellcasting, Sunlight Sensitivity, War Magic																		
Prince of Apocalypse, Olhydra	Huge	Elemental	18		Princes of the Apocalypse	Wizards of the Coast	324	18	50, swim 100	NE	21	22	24	17	18	23	STR, CON, WIS	None	Lightningres, nonmagicalres, acidimmu, coldimmu, poisonimmu, charmedimmu, frightenedimmu, paralyzedimmu, petrifiedimmu, poisonedimmu, proneimmu, restrainedimmu	Blindsight 120	Aquan	Empowered Attacks, Innate Spellcasting, Legendary Resistance, Water Form, Lair																		
Prince of Apocalypse, Yan-C-BIn	Huge	Elemental	18		Princes of the Apocalypse	Wizards of the Coast	283	22	50, fly 150	NE	18	24	24	16	21	23	DEX, WIS, CHA	None	Coldres, fireres, nonmagicalres, lightningimmu, poisonimmu, thunderimmu, charmedimmu, frightenedimmu, paralyzedimmu, petrifiedimmu, poisonedimmu, proneimmu, restrainedimmu	Blindsight 120	Auran	Air Form, Empowered Attacks, Innate Spellcasting, Legendary Resistance, Magic Resistance, Lair																		
Cannaraxx, the Broodmother	Gargantuan	Monstrosity	18		Single (★)	u/Glorac	280	19	60, burrow 10, climb 40	N	18	22	22	14	18	12	STR, DEX, CON, WIS	Acrobatics, Insight, Intimidation, Perception, Stealth	Acidres, nonmagicalres, poisonimmu, blindedimmu, charmedimmu, frightenedimmu, grappledimmu, poisonedimmu, proneimmu, restrainedimmu	Blindsight 20, darkvision 120, tremorsense 120	Common, Primordial, Sylvan, Undercommon	Legendary Resistance, Assassinate, Broodmother's Grasp, Spider Climb, Web Sense, Web Walker, Lair																		
Reaper	Large	Celestial	18		Single (★)	u/jetluaith	200	19	40, fly 120	LN	24	20	24	19	22	25	CON, WIS, CHA	Perception, Persuasion	Radiantres, nonmagicalres, necroticimmu, poisonimmu, charmedimmu, exhaustionimmu, frightenedimmu, poisonedimmu	Truesight 120	All, telepathy 120	Angelic Weapons, Shapechanger, Innate Spellcasting, Magic Resistance, Incorporeal Movement, Legendary																		
Dragon, Lunar, Adult	Huge	Dragon	18		Through the Ice and Snow (★)	u/LordMediocre	218	17	40, burrow 20, fly 200	CN	26	9	20	20	21	20	DEX, CON, WIS	Acrobatics, Arcana, Insight, intimidation, Perception, Persuasion	Blindedimmu, coldimmu	Blindsight 60, darkvision 120	Abyssal, Aquan, Auran, Common, Draconic, Ignan	Alien Presence, Flyby, Moonsilver, No Breath, Normal Spellcasting																		
Durlzor, Decayed	Gargantuan	Undead	19		4 Legendary Dragons (★)	u/FelipeH92	385	20	40, swim 40	NE	27	12	25	3	8	5	CON	None	Poisonimmu, frightenedimmu, poisonedimmu	Darkvision 120	Common, Draconic	Undead Fortitude, Legendary																		
Ghoul Regent	Medium	Undead	19		Book of Beautiful Horrors (★★)	u/regerem	238	18	30	CE	20	20	18	12	16	18	CON, INT, WIS	None	Nonmagicalres, necroticimmu, poisonimmu, charmedimmu, exhaustionimmu, paralyzedimmu, poisonedimmu	Darkvision 60	Abyssal, Common, Elvish	Innate Spellcasting, Foul Regeneration, Legendary Resistance																		
Nightmare Beast	Huge	Beast	19		Dark Sun Stat Blocks (★)	u/Auquid	270	20	40	CE	24	13	25	10	14	10	STR, DEX, CON, WIS, CHA	Athletics	Nonmagicalimmu, psychicres, frightenedimmu, paralyzedimmu, charmedimmu	Darkvision 120	None	Legendary Resistance, Siege Monster, Lair																		
Archfey, Cat Lord (Humanoid)	Medium	Fey	19		Epic Monsters (★)	u/Dave2oo8	260	22	60, climb 50, swim 40	N	22	34	20	18	24	24	STR, DEX, CON, INT, WIS, CHA	Acrobatics, Athletics, Perception, Stealth	Nonmagicalres, nonmagicalimmu, exhaustionimmu, coldres, poisonimmu, psychicimmu, frightenedimmu, poisonedimmu, proneimmu	Darkvision 480, truesight 120	All, telepathy 1200	Banishment, Fey Lords, Innate Spellcasting, Unstoppable, Limited Magic Immunity, Magic Weapons, Regeneration, Change Form, Deflect Missiles, Elusive, Evasion, Feline Reflexes, Flurry of Blows, Keen Senses, Open Hand, Pack Tactics, Sneak Attack, Running Leap, Uncanny Dodge, Legendary																		
Cyan Bloodbane	Gargantuan	Dragon	19		Epic Monsters (★)	u/Dave2oo8	363	20	40, fly 100, swim 40	LE	25	12	23	20	16	20	STR, DEX, CON, INT, WIS, CHA	Arcana, Deception, Insight, Perception, Stealth	Psychicres, nonmagicalres, poisonimmu, charmedimmu, poisonedimmu	Blindsight 60, darkvision 120	Common, Draconic, Elvish	Amphibious, Dominating Presence, Innate Spellcasting, Magic Resistance, Magic Weapons, Master Schemer, Unstoppable																		
Dinosaur, Prismasaurus	Huge	Monstrosity	19		Epic Monsters (★)	u/Dave2oo8	412	20	30, swim 30	U	23	10	22	4	15	10	STR, CON, WIS	Athletics, Nature, Perception	Nonmagicalres, poisonimmu, blindedimmu, charmedimmu, petrifiedimmu, poisonedimmu	Blindsight 240, darkvision 120	Elvish, Druidic, Sylvan, telepathy 60	Crushing Jaws, Keen Sense, Primitive Mind, Prismatic Blur, Prismatic Emanations, Magic Weapons, Unstoppable																		
Durin's Bane	Huge	Fiend	19		https://i.redd.it/4wbkylrn5ya31.png	u/MisterQue77	281	19	40, fly 50	LE	28	15	22	19	17	18																								
Megalodon	Gargantuan	Beast	19		https://www.reddit.com/r/monsteraday/comments/6pa9ws/day_106_shark_week_megalodon/	1d6Adventurers																																		
Dragon, Spirit	Huge	Celestial	19		https://www.reddit.com/r/monsteraday/comments/6rmlhn/day_115_spirit_dragon/	1d6Adventurers																																		
Golem, Marshmallow, Humongous	Gargantuan	Construct	19		https://www.reddit.com/r/monsteraday/comments/79q8sg/day_176_marshmallow_golem/	1d6Adventurers																																		
Pandemonium Rex	Huge	Monstrosity	19		https://www.reddit.com/r/monsteraday/comments/8le6gp/day_322_pandemonium_rex/	1d6Adventurers																																		
The Judgement	Medium	Undead	19		https://www.reddit.com/r/monsteraday/comments/8ttc8a/day_346_the_judgement/	1d6Adventurers																																		
Avatar of the Xammux	Large	Celestial	19		https://www.reddit.com/r/monsteraday/comments/8y2af9/day_358_avatar_of_xammux/	1d6Adventurers																																		
Dragon, Elder, Gogmazios	Gargantuan	Dragon	19		Monster Hunter's Manual (★★★★)	u/Amellwind	264	22	40, fly 80	U	24	10	22	10	16	14	DEX, WIS, CHA	None	Fireres	Darkvision 120	None	Legendary Resistance, Pitch, Combustible																		
Demon, Balor	Huge	Fiend (Demon)	19		Monster Manual	Wizards of the Coast	262	19	40, 80 fly	CE	26	15	22	20	16	22	STR, CON, WIS, CHA	None	coldres, lightningres, nonmagicalres, fireimmu, poisonimmu, poisonedimmu	Truesight 120	Abyssal, telepathy 120	Death Throes, Fire Aura, Magic Resistance, Magic Weapons																		
Devil, Abishai, Red	Medium	Fiend (Devil)	19		Mordenkainen's Tome of Foes	Wizards of the Coast	255	22	30, fly 50	LE	23	16	19	14	15	19	STR, CON, WIS	Intimidation, Perception	COldres, nonmagicalres, nonsilveredres, fireimmu, poisonimmu, poisonedimmu	Darkvision 120	Draconic, Infernal, telepathy 120	Devil's SIght, Magic Resistance, Magic Weapons																		
Devil, Arch, Bael	Large	Fiend (Devil)	19		Mordenkainen's Tome of Foes	Wizards of the Coast	189	18	30	LE	24	17	20	21	24	24	DEX, CON, INT, CHA	Intimidation, Perception, Persuasion	Coldres, nonmagicalres, nonsilveredres, fireimmu, poisonimmu, charmedimmu, exhaustionimmu, frightenedimmu, poisonedimmu	Truesight 120	All, telepathy 120	Dreadful, Innate Spellcasting, Legendary Resistance, Magic Resistance, Magic Weapons, Regeneration, Lair																		
Prince of Apocalypse, Imix	Huge	Elemental	19		Princes of the Apocalypse	Wizards of the Coast	325	17	50, fly 50	NE	19	24	22	15	16	23	DEX, CON, CHA	None	Nonmagicalres, fireimmu, poisonimmu, charmedimmu, frightenedimmu, paralyzedimmu, petrifiedimmu, poisonedimmu, proneimmu, restrainedimmu	Blindsight 120	Common, Ignan	Empowered Attacks, Fire Aura, Fire Form, Illumination, Legendary Resistance, Innate Spellcasting, Magic Resistance, Lair																		
Demon, Balor, Spellcaster	Huge	Fiend (Demon)	19		Skip's Guide to Monsters (★★)	u/Drewfro666	262	19	40, 80 fly	CE	26	15	22	20	16	22	STR, CON, WIS, CHA	None	coldres, lightningres, nonmagicalres, fireimmu, poisonimmu, poisonedimmu	Truesight 120	Abyssal, telepathy 120	Death Throes, Fire Aura, Magic Resistance, Magic Weapons, Innate Spellcasting																		
Giant, Frost, Jarl, Legendary	Huge	Giant	19		Skip's Guide to Monsters (★★)	u/Drewfro666	250	18	40	CE	25	9	23	13	10	18	CON, WIS, CHA	Athletics, Perception	Coldimmu	Normal	Abyssal, Giant	Normal Spellcasting, Legendary Resistance																		
Hydra, Eleven-Headed	Huge	Monstrosity	19		Skip's Guide to Monsters (★★)	u/Drewfro666	310	18	30, swim 30	U	26	12	20	2	10	7	None	Perception	None	Darkvision 60	None	Hold Breath, Multiple Heads, Reactive HEads, Wakeful																		
Linnorm, Ice	Gargantuan	Dragon	19		Through the Ice and Snow (★)	u/LordMediocre	390	21	40, climb 40, fly 100, swim 40	CE	30	21	28	5	20	22	DEX, CON, WIS	Acrobatics, Athletics, Perception	Coldimmu, poisonimmu	Darkvision 120, blindsight 30	Abyssal, Draconic, Sylvan	Death Curse, Freedom of Movement, Keen Smell, Legendary Resistance, True Seeing																		
Leshen, Ancient	Large	Fey	20		Book of Beautiful Horrors (★★)	u/regerem	311	20	30	N	26	9	22	13	18	14	STR, CON, WIS, CHA	Perception	Poisonimmu, nonmagicalimmu, fireweak, frightenedimmu, paralyzedimmu, poisonedimmu	Darkvision 120	Druidic, Sylvan	Innate Spellcasting, Magic Weapons, Magic Resistance, Totem Stride, Legendary Resistance, Lair																		
Morvudd, Relic	Huge	Monstrosity	20		Book of Beautiful Horrors (★★)	u/regerem	270	16	60	CE	28	8	24	8	15	9	STR, CON, CHA	Athletics, Perception, Stealth	Fireres, lightningres, nonmagicalres	Darkvision 120	Abyssal	Blinding Gazer, Devastating Charge, Legendary Resistance, Regeneration																		
Wild Hunt, Spectral War Host	Gargantuan	Fey	20		Book of Beautiful Horrors (★★)	u/regerem	345	15	50, fly 50	LE	6	20	12	10	22	19	DEX, WIS	None	Fireweak, forceweak, lightningres, nonmagicalres, coldimmu, poisonimmu, charmedimmu, frightenedimmu, paralyzedimmu, petrifiedimmu, poisonedimmu, proneimmu, restrainedimmu, stunnedimmu	Darkvision 60	Elvish, Primordial, Sylvan	Force Disruption, Herald of the Void, Incorporeal Swarm																		
Plaguebringer	Gargantuan	Monstrosity	20		Dark Arts Player's Companion (☪)	u/Jonoman3000	247	18	40	CE	26	16	23	13	18	11	STR, DEX, CON, WIS	Athletics, Perception	Poisonimmu, necroticres, nonmagicalres, poisonedimmu	Blindsight 60, darkvision 120	Common, Terran	Legendary Resistance, Plague Aura, Shapechanger, Innate Spellcasting																		
Dragon, Metallic, Electrum, Ancient	Large	Dragon	20		Electrum Dragons (★)	u/ZowJr	225	20	60, fly 160	NG	10	28	26	15	18	22	STR, CON, WIS, CHA	Acrobatics, Perception, Performance, Stealth	Forceimmu	Normal	Common, Draconic	Flyby, Legendary Resistance, lair																		
Aboleth, Eldrazi Eldest	Gargantuan	Aberration	20		Epic Monsters (★)	u/Dave2oo8	403	20	10, swim 40	LE	26	9	20	26	23	26	STR, CON, INT, WIS, CHA	History, Insight, Perception, Stealth	Acidres, psychicres, bludgeoningres, piercingres, slashingres, poisonimmu, poisonedimmu	Darkvision 120	Deep SPeech, telepathy 120	Legendary, Amphibious, Aquatic, Infectious Touch, Limited Magic Immunity, Magic Weapons, Mucous Cloud, Potent Psionic, Probing Telepathy, Psionic Mastery, Unstoppable																		
Abomination, Chichimec	Medium	Monstrosity	20		Epic Monsters (★)	u/Dave2oo8	252	21	5, fly 120	NE	20	23	22	12	14	25	DEX, CON, WIS, CHA	Acrobatics, Arcana, Insight, Perception	Coldres, fireres, nonmagicalres, lightningimmu, necroticimmu, charmedimmu, exhaustionimmu, eptrifiedimmu	Blindsight 500, truesight 120	Auran, Celestial, telepathy 1000	Brute, Deific Resistance, Epic Speed, Immutable Form, Innate Spellcasting, Limited Magic Immunity, Magic Weapons, Regeneration																		
Angel, Aire	Huge	Celestial	20		Epic Monsters (★)	u/Dave2oo8	270	20	40, fly 120	CG	24	20	24	18	19	26	DEX, WIS, CHA	Acrobatics, Insight, Perception	Lighningres, radiantres, nonmagicalres, thunderimmu, nonmagicalimmu, charmedimmu, frightenedimmu, petrifiedimmu	Normal	All, telepathy 1200	Banishment, Celestial Weapons, Dive, Innate Spellcasting																		
Brachyurus	Huge	Monstrosity	20		Epic Monsters (★)	u/Dave2oo8	378	21	80, climb 60	N	28	16	24	12	18	16	STR, DEX, CON, WIS	Athletics, Nature, Perception	Acidres, coldres, firere, lightningres, thunderres, nonmagicalres, frightenedimmu, paralyzedimmu	Blindsight 240, darkvision 120	Elvish, Druidic, Sylvan, telepathy 60	Keen Hearing, Keen Smell, Pack Tactics, Pounce, Relentless Pursuer, Frightening Speed, Savage Attacker, Limited Magic Resistance, Magic Weapons, Unstoppable																		
Demon Lord, Type VI	Huge	Fiend	20		Epic Monsters (★)	u/Dave2oo8	377	19	40, fly 80	CE	26	16	26	20	18	22	STR, DEX, CON, WIS	Athletics, Intimidation, Perception	Coldres, nonmagicalres, fireimmu, poisonimmu	Truesight 180	Abyssal, telepathy 120	Brute, Death Throes, Fire Aura, Innate Spellcasting, Magic Resistance																		
Eclavdra	Medium	Character (Elf)	20		Epic Monsters (★)	u/Dave2oo8	202	24	30	CE	13	18	14	17	20	18	STR, DEX, CON, INT, WIS, CHA	Arcana, DEception, Insight, Perception, Persuasion, Religion, Stealth	Darkvision 120	Necroticres, poisonimmu	Abyssal, Celestial, Common, Elvish, Undercommon	Blessing of Lolth, Boon of Fortitude, Boon of Immortality, Boon of Recovery, Channel Divinity, Divine Emissary, Divine Strike, Fey Ancestry, Innate Spellcasting, Magic Resistance, Magic Weapons, Poison Master, Normal Spellcasting, Spell Sniper, War Caster																		
Hoary Hunter	Medium	Fey	20		Epic Monsters (★)	u/Dave2oo8	273	22	30	NE	23	20	22	19	16	17	DEX, CON, WIS, CHA	Acrobatics, Athletics, Perception, Stealth	Acidres, nonmagicalres, coldimmu, poisonimmu, petrifiedimmu	Darkvision 120	Common, Elvish, Sylvan	Action Surge, Banishment, Favored Enemy, hunter's Stunts, Indomitable, Innate Spellcasting, Limited Magic Immunity, Longsword of Binding, Magic Weapons, Regenerate																		
Merlin	Medium	Fiend	20		Epic Monsters (★)	u/Dave2oo8	232	22	30	N	15	18	18	25	24	16	STR, DEX, CON, INT, WIS, CHA	Arcana, Deception, History, Insight. Perception, Persuasion	Coldres, fireres, lightningres, nonmagicalres, poisonimmu	Darkvision 60	Abyssal, Common, Elvish, Infernal, Sylvan	Boon of SPell Reccal, Fiendish Blessing, Land Stride, Immortal, Innate Spellcasting, Nature's Ward, Portent, Normal Spellcasting, Boon of Spell Mastery, Spell Sniper, War Caster																		
Ruin Swarm	Gargantuan	Beast	20		Epic Monsters (★)	u/Dave2oo8	500	13	10, climb 10, fly 20	U	3	16	10	1	7	1	DEX, CON	None	Bludgeoningres, piercingres, slashingres, charmedimmu, frightenedimmu, grappledimmu, proneimmu	Blindsight 20, darkvision 60	None	Colossal, Swarm, Swarm Tactics, Swarm Resistance																		
Sirrush	Large	Fey	20		Epic Monsters (★)	u/Dave2oo8	324	22	60	CN	26	28	26	18	20	22	STR, DEX, CON, CHA	Acrobatics, Athletics, Perception, Stealth	Acidres, coldres, fireres, lightningres, thunderres, nonmagicalres, frightenedimmu	Blindsight 300, darkvision 60	Draconic, Sylvan	Keen Senses, Magic Resistance, Magic Weapons, Pack Tactics, Pounce, Rake																		
Dragon, Chromatic, Fang, Ancient	Gargantuan	Dragon	20		Forgotten Realms Stat Blocks (★★★)	u/Drewfro666	333	20	40, fly 80	CN	26	10	26	16	15	19	DEX, CON, WIS, CHA	Perception, Stealth	None	Blindsight 60, darkvision 120	Common, Draconic	Sense Magic, Legendary Resistance, Mimicry																		
Avamerin	Large	Celestial	20		https://drive.google.com/file/d/1YxCrJevrMZL4M4xqCkHSQ960D7PLr2R0/view	u/badooga1	250	21	40, fly 120	CE	24	20	24	28	28	28																								
Dread Boneyard	Gargantuan	Undead	20		https://drive.google.com/file/d/1YxCrJevrMZL4M4xqCkHSQ960D7PLr2R0/view	u/badooga1	296	18	50, burrow 50, fly 50	CE	22	17	26	6	9	20																								
The Worm That Walks, Scion of Kyuss	Gargantuan	Undead	20		https://drive.google.com/file/d/1YxCrJevrMZL4M4xqCkHSQ960D7PLr2R0/view	u/badooga1	280	20	50, climb 50	CE	27	15	25	14	12	20																								
Behir, Elder	Gargantuan	Monstrosity	20		https://i.redd.it/bvpfccqlri331.png	u/TheArenaGuy	310	20	80, climb 60	NE	26	20	21	10	17	14																								
Lava Worm	Gargantuan	Elemental	20		https://www.reddit.com/r/monsteraday/comments/8igv1u/day_314_lava_worm/	1d6Adventurers																																		
Dragon, Elder, Nakarkos	Huge	Dragon	20		Monster Hunter's Manual (★★★★)	u/Amellwind	262	22	40, burrow 30	CE	24	14	23	12	18	16	DEX, WIS, CHA	None	Nonmagicalres	Blindsight 60, darkvision 120, tremorsense 120	Draconic	Legendary Resistance, Poison Aura, Bone Tentacles, Broken Tentacles, True Face																		
Wyvern, Flying, Akantor	Gargantuan	Dragon	20		Monster Hunter's Manual (★★★★)	u/Amellwind	245	18	40, burrow 30	U	27	10	25	16	15	19	DEX, CON, WIS	None	Fireimmu, nonmagicalimmu, charmedimmu, frightenedimmu, paralyzedimmu	Darkvision 120, tremorsense 120	None	Magic Resistance, Legendary Resistance																		
Wyvern, Flying, Ukanlos	Gargantuan	Dragon	20		Monster Hunter's Manual (★★★★)	u/Amellwind	277	20	40, burrow 30	U	24	14	26	10	13	10	DEX, CON, WIS	None	Coldimmu, nonmagicalimmu, charmedimmu, frightenedimmu, paralyzedimmu	Darkvision 120, tremorsense 120	None	Ice Walk, Magic Resistance, Legendary Resistance																		
Devil, Pit Fiend	Large	Fiend (Devil)	20		Monster Manual	Wizards of the Coast	300	19	30, fly 60	LE	26	14	24	22	18	24	DEX, CON, WIS	None	Coldres, nonmagicalres, nonsilveredres, fireres, poisonres, poisonedres	Truesight 120	Infernal, telepathy 120	Fear Aura, Magic Resistance, Magic Weapon, Innate Spellcasting																		
Dragon, Chromatic, White, Ancient	Gargantuan	Dragon	20		Monster Manual	Wizards of the Coast	333	20	40, burrow 40, fly 80, swim 40	CE	26	10	26	10	13	14	DEX, CON, WIS, CHA	Perception, Stealth	Coldimmu	Blindsight 60, darkvision 120	Common, Draconic	Ice Walk, Legendary Resistance, Legendary, Lair																		
Dragon, Metallic, Brass, Ancient	Gargantuan	Dragon	20		Monster Manual	Wizards of the Coast	297	20	40, burrow 40, fly 80	CG	27	10	25	16	15	19	DEX, CON, WIS, CHA	History, Perception, Persuasion, Stealth	Fireimmu	Blindsight 60, darkvision 120,	Common, Draconic	Legendary, Legendary Resistance, Lair																		
Drow Matron Mother	Medium	Humanoid (Elf)	20		Mordenkainen's Tome of Foes	Wizards of the Coast	262	17	30	NE	12	18	16	17	21	22	CON, WIS, CHA	Insight, Perception, Religion, Stealth	Charmedimmu, frightenedimmu, poisonedimmu	Darkvision 120	Elvish, Undercommon	Fey Ancestry, Innate Spellcasting, Lolth's Fickle Favor, Magic Resistance, Normal Spellcasting, Sunlight Sensitivity																		
Elder Elemental, Leviathan	Gargantuan	Elemental	20		Mordenkainen's Tome of Foes	Wizards of the Coast	328	17	40, swim 120	N	30	24	30	2	18	17	WIS, CHA	None	Nonmagicalres, acidimmu, poisonimmu, exhaustionimmu, grappledimmu, paralyzedimmu, petrifiedimmu, poisonedimmu, proneimmu, restrainedimmu, stunnedimmu	Darkvision 60	None	Legendary, Partial Freeze, Siege Monster, Water Form																		
Nightwalker	Huge	Undead	20		Mordenkainen's Tome of Foes	Wizards of the Coast	297	14	40, fly 40	CE	22	19	24	6	9	8	CON	None	Acidres, coldres, fireres, lightningres, thunderres, nonmagicalres, necroticimmu, poisonimmu, charmedimmu, exhaustionimmu, grappledimmu, paralyzedimmu, petrifiedimmu, poisonedimmu, proneimmu, restrainedimmu	Darkvision 120	None	Annihilating Aura, Life Eater																		
Lord Delian	Medium	Character (Undead)	20.00		Ounzair (★)	u/Blacklight85	266	23	30	LE	20	14	20	22	20	22	DEX, WIS, CHA	Perception	Nonmagicalres, fireimmu, necroticimmu, poisonimmu, exhaustionimmu, frightenedimmu, poisonedimmu	Darkvision 120	Abyssal, Common	Magic Resistance, Magic Weapons, Marshal Undead, Normal Spellcasting, Undead Nature, Legendary																		
Lord Gavros	Medium	Character (Undead)	20		Ounzair (★)	u/Blacklight85	294	21	30	CE	20	11	22	18	18	21	DEX, WIS, CHA	Perception	FIreres, nonmagicalres, necroticimmu, poisonimmu, exhaustionimmu, frightenedimmu, poisonedimmu	Darkvision 120	Abyssal, Common	Magic Resistance, Magic Weapons, Marshal Undead, Normal Spellcasting, Undead Nature, Legendary																		
Lord Maceze	Medium	Character (Undead)	20		Ounzair (★)	u/Blacklight85	266	21	30	CN	20	20	20	16	16	16	DEX, WIS, CHA	Perception	Fireres, necroticimmu, nonmagicalres, poisonimmu, exhaustionimmu, frightenedimmu, poisonedimmu	Darkvision 120	Abyssal, Common	Magic Resistance, Magic Weapons, Marshal Undead, Normal SPellcasting, Undead Nature, Legendary																		
Prince of Apocalypse, Ogremoch	Gargantuan	Elemental	20		Princes of the Apocalypse	Wizards of the Coast	526	20	50, burrow 50	NE	26	11	28	11	15	22	STR, CON, WIS	None	Nonmagicalres, poisonimmu, charmedimmu, frightenedimmu, paralyzedimmu, petrifiedimmu, poisonedimmu, proneimmu	Blindsight 120, tremorsense 120	Common, Terran	Empowered Attacks, Innate Spellcasting, Legendary Resistance, Magic Resistance, Siege Monster, Lair																		
Devil, Pit Fiend, Regeneration	Large	Fiend (Devil)	20		Skip's Guide to Monsters (★★)	u/Drewfro666	300	19	30, fly 60	LE	26	14	24	22	18	24	DEX, CON, WIS	None	Coldres, nonmagicalres, nonsilveredres, fireres, poisonres, poisonedres	Truesight 120	Infernal, telepathy 120	Fear Aura, Magic Resistance, Magic Weapon, Innate Spellcasting, Regeneration																		
Nightshade, Crawler	Gargantuan	Undead	20		Skip's Guide to Monsters (★★)	u/Drewfro666	280	18	30, burrow 60	CE	28	10	24	20	20	18	DEX, WIS, CHA	None	Coldimmu, poisonimmu, necroticimmu, nonmagicalimmu, nonsilveredimmu, exhausitonimmu, charmedimmu, frightenedimmu, paralyzedimmu, petrifiedimmu, poisonedimmu	Darkvision 120, tremorsense 60	All, telepathy 120	Desecrating Aura, Innate Spellcasting, Sunlight Weakness, Legendary																		
Khannierv the White Wrath	Gargantuan	Dragon	21		4 Legendary Dragons (★)	u/FelipeH92	682	20	40, burrow 40, fly 80, swim 40	CE	28	10	26	10	13	14	STR, DEX, CON, WIS	Intimidation, Perception, Stealth	Coldimmu, frightenedimmu	Blindsight 60, darkvision 120	Common, Draconic	Bloodthirst, Ice Walk, Frenzy, Legendary Resistance																		
Wild Hunt, Spectral King	Large	Fey	21		Book of Beautiful Horrors (★★)	u/regerem	285	17	30, fly 50	LE	6	24	18	25	25	28	DEX, INT, WIS, CHA	None	Fireweak, forceweak, lightningres, nonmagicalres, coldimmu, poisonimmu, charmedimmu, frightenedimmu, paralyzedimmu, petrifiedimmu, poisonedimmu, proneimmu, restrainedimmu, stunnedimmu	Truesight 120	Elvish, Primordial, Sylvan	Force Disruption, Incorporeal Movement, Legendary Resistance																		
Cloud Ray	Gargantuan	Beast	21.00		Dark Sun Stat Blocks (★)	u/Auquid	330	20	15, fly 60	U	26	16	22	2	18	18	STR, DEX, CON, INT, WIS	Perception	Lightningimmu, thunderimmu, nonmagicalres, psychicres, stunnedres	Darkvision 300	None	Innate Spellcasting																		
Abomination, Phane	Large	Monstrosity	21		Epic Monsters (★)	u/Dave2oo8	324	17	80, fly 120	CE	0	24	26	22	16	28	DEX, CON, WIS	Acrobatics, Arcana, Perception, Stealth	Acidres, coldres, fireres, lightningres, thunderres, bludgeoningres, piercingres, slashingres, necroticimmu poisonimmu, nonmagicalimmu, charmedimmu, exhaustionimmu, frightenedimmu, grappledimmu, apralyzedimmu, petrifiedimmu, poisonedimmu, proneimmu, restrainedimmu	Blindsight 240, truesight 120	All, telepathy 480	Deific Resistance, Legendary, Incorporeal Movemente, Innate Spellcasting, Limited Magic Immunity, Magic Weapons, Null Time Field, Regeneration, Shadow Form, Time Leech																		
Acererak	Tiny	Undead	21		Epic Monsters (★)	u/Dave2oo8	100	20	fly 30	ANY EVIL	1	20	12	20	17	20	DEX, CON, INT, WIS, CHA	Arcana, History, Perception	Coldres, nonmagicalres, necroticimmu, poisonimmu, psychicimmu, nonmagicalimmu, charmedimmu, deafenedimmu, exhaustionimmu, frightenedimmu, apralyzedimmu, eptrifiedimmu, poisonedimu, proneimmu, stunnedimmu	Truesight 120	Common, Abyssal, Draconic, Infernal, Terran, telepathy 120	Avoidance, Legendary Resistance, Turn Immunity																		
Anaxim	Large	Construct	21		Epic Monsters (★)	u/Dave2oo8	300	22	40	U	24	18	24	3	12	2	DEX, CON	None	Fireimmu, poisonimmu, psychicimmu, nonmagicalimmu, charmedimmu, exhausitonimmu, frightenedimmu, paralyzedimmu, petrifiedimmu, poisonedimmu	Darkvision 120	Creator	Immutable Form, Magic Resistance, Magic Weapons, Pseudo-Consciousness, Reactive																		
Archfey, Loralae, Soulsorrow	Medium	Fey	21		Epic Monsters (★)	u/Dave2oo8	300	18	fly 60	CE	1	26	24	17	20	20	DEX, CON, WIS, CHA	Acrobatics, Perception, Stealth	Nonmagicalres, nonmagicalimmu, exhaustionimmu, acidres, fireres, lightningres, psychictres, thunderres, coldimmu, poisonimmu, exgaustionimmu, grappledimmu, paralyzedimmu, eptrifiedimmu, poisonedimmu, proneimmu, restrainedimmu	Darkvision 120	Common, Elvish, Sylvan, telepathy 120	Banishment, Fey Lords, Innate Spellcasting, Unstoppable, Limited Magic Immunity, Magic Weapons, Regeneration, Incorporeal, Legendary																		
Archfey, Velayn, Mournwind	Medium	Fey	21		Epic Monsters (★)	u/Dave2oo8	280	17	fly 60	CE	1	24	22	20	18	24	DEX, CON, WIS, CHA	Acrobatics, Arcana, History, Stealth	Nonmagicalres, nonmagicalimmu, exhaustionimmu, acidres, fireres, lightningres, psychicres, thunderres, coldimmu, poisonimmu, exhaustionimmu, grappledimmu, apralyzedimmu, eptrifiedimmu, poisonedimmu, proneimmu, restrainedimmu	Darkvision 120	Common, Elvish, Sylvan, telpathy 120	Banishment, Fey Lords, Innate Spellcasting, Unstoppable, Limited Magic Immunity, Magic Weapons, Regeneration, Incorporeal, Legendary																		
Eldrazi Hive Mother	Huge	Aberration	21		Epic Monsters (★)	u/Dave2oo8	299	20	fly 30	LE	20	12	21	20	17	18	STR, CON, INT, WIS, CHA	Arcana, Intimidation, Perception	Forceres, psychicres, charmedimmu, frightenedimmu, proneimmu	Darkvision 120	Deep Speech, Undercommon, telepathy 120	Anti-Magic Cone, Aberrant Resistance, Legendary, Hive Mother, Limited Magic Immunity, Reactive																		
Elminster	Medium	CHaracter (Human)	21		Epic Monsters (★)	u/Dave2oo8	273	22	30	N	13	18	22	20	18	15	STR, DEX, CON, INT, WIS, CHA	Acrobatics, Animal Handling, Arcana, Athletics, History, Insight, Persuasion, Religion, Sleight of Hand, Stealth	None	Normal	Abyssal, Celestial, COmmon, Elvish, Gnomish, Infernal	Arcane Scholar, Boon of High Magic, Boon of Quick CAsting, Boon of Spell Recall, Chosen of Mystra, Cunning Action, Dueler, Elemental Master, Empowered Evocation, Mage Slayer, Magic Resistance, Mastery of Elements, Overchannel, Potent Cantrip, Sculpt Spells, Scond Wind, Signature Spells, Sneak Attack, Normal Spellcasting, Spell SNiper, Epic Spell Mastery, War Caster																		
Golem, Adamantine	Huge	Construct	21		Epic Monsters (★)	u/Dave2oo8	462	24	40	U	26	10	26	3	12	2	STR, CON	None	Acidres, coldres, lightningres, fireimmu, poisonimmu, psychicimmu, nonmagicalimmu, charmedimmu, exhaustionimmu, frightenedimmu, paralyzedimmu, petrifiedimmu, poisonedimmu	Darkvision 120	Creator	Adamantine Resistance, Destructive Strike, Immutable Form, Magic Resistance, Magic Weapons, Siege MOnster																		
Mu Spore	Gargantuan	Plant	21		Epic Monsters (★)	u/Dave2oo8	429	16	60	CN	30	10	28	12	20	20	STR, WIS, CHA	Athletics	Acidres, lightningres, blindedimmu, deafenedimmu, poisonedimmu, paralyzedimmu, stunnedimmu, unconsciousimmu	Blindsight 240, tremorsense 60	Common, Terran	Colossal, Divine Fungus, Limited Magic Resistance, Magic Weapons, Regenerate,Sticky Tendrils, Legendary																		
Tayellah	Gargantuan	Monstrosity	21		Epic Monsters (★)	u/Dave2oo8	420	20	90	U	26	26	24	12	18	17	STR, DEX, CON, WIS	Acrobatics, Athletics, Perception, Stealth	Coldres, nonmagicalres, poisonimmu, charmedimmu, poisonedimmu,	Darkvision 240	None	Keen Senses, Limited Magic Resistance, Magic Weapons, Multiple Heads, Pounce, Rake, Sudden Charge																		
Winterwight	Medium	Undead	21		Epic Monsters (★)	u/Dave2oo8	252	21	60	CE	24	23	22	12	18	22	DEX, CON, WIS, CHA	Perception, Stealth	Coldimmu, necroticimmu, poisonimmu, nonmagicalimmu, fireweak, charmedimmu, exhaustionimmu, frightenedimmu, apralyzedimmu, poisonedimmu, stunnedimmu	Truesight 120	Common, Infernal	Cold Aura, Innate Spellcasting, Limited Spell Immunity, magic Weapons																		
Lich, Baelnorn	Medium	Undead	21		Forgotten Realms Stat Blocks (★★★)	u/Drewfro666	135	17	30	ANY GOOD	11	16	16	20	14	16	CON, INT, WIS	Arcana, History, Insight, Perception, Religion	Coldres, lightningres, necroticres, poisonimmu, nonmagicalimmu, charmedimmu, exhaustionimmu, frightenedimmu, paralyzedimmu, poisonedimmu	Truesight 120	Common, Any	Legendary Resistance, Normal SPellcasting, Turn Immunity, Fey Ancestry																		
Lich, Bane	Medium	Undead	21		Forgotten Realms Stat Blocks (★★★)	u/Drewfro666	135	17	30	NE	14	16	16	18	20	16	CON, WIS, CHA	Arcana, History, Insight, Perception, Religion	Coldres, lightningres, necroticres, poisonimmu, nonmagicalimmu, charmedimmu, exhaustionimmu, frightenedimmu, paralyezdimmu, poisonedimmu	Truesight 120	Common, Any	Legendary Resistance, Magic Resistance, Rejuvenation, Normal Spellcasting, TUrn Resistance																		
Lich, Forgotten Arch	Medium	Undead	21		Forgotten Realms Stat Blocks (★★★)	u/Drewfro666	135	17	30	ANY GOOD	11	16	16	20	14	16	CON, INT, WIS	Arcana, History, Insight, Perception, Religion	Coldres, lightningres, necroticres, poisonimmu, nonmagicalimmu, charmedimmu, exhaustionimmu, frightenedimmu, paralyzedimmu, poisonedimmu	Truesight 120	Common, Any	Legendary Resistance, Rejuvenation, Normal SPellcasting, Swift Animation, Turn Immunity, Water Walking																		
Lekmind	Gargantuan	Plant	21		https://homebrewery.naturalcrit.com/share/SJZnys8tdm	u/DominatorV4	387	17	0	U	27	4	20	24	15	3																								
Moder	Large	Monstrosity	21.00		https://i.redd.it/5djm0hstpna31.jpg	u/Jesse_noBata	164	21	40	CE	26	22	26	25	25	30																								
Behir, Lich	Gargantuan	Undead	21		https://i.redd.it/bvpfccqlri331.png	u/TheArenaGuy	310	20	80, climb 60	NE	26	20	21	10	17	14																								
Oberon	Medium	Fey	21		https://i.redd.it/lo48tu6hfxw21.png	u/gaylordqueen69	190	16	30, fly 50	CN	12	23	20	21	24	25																								
Giant Space Hamster, Woolly Rupert of Ill Omen	Gargantuan	Beast	21.00		https://www.reddit.com/r/monsteraday/comments/6nb2cs/day_100_bonanza/	1d6Adventurers																																		
Clockwork Reliquary	Large	Construct	21		https://www.reddit.com/r/monsteraday/comments/7957sy/day_175_clockwork_reliquary/	1d6Adventurers																																		
Lich, Baelnorn	Medium	Undead	21		https://www.reddit.com/r/monsteraday/comments/7ue3qp/day_243_baelnorn_lich/	1d6Adventurers																																		
Dragon, Elder, Alatreon	Huge	Dragon	21		Monster Hunter's Manual (★★★★)	u/Amellwind	261	20	60, fly 60	U	27	11	26	10	15	14	DEX, CON, WIS, CHA	Perception	Charmedimmu, frightenedimmu	Blindsight 60, darkvision 120	Draconic	Legendary Resistance																		
Wyvern, Unknown, Magala, GOre	Huge	Monstrosity	21		Monster Hunter's Manual (★★★★)	u/Amellwind	270	21	40, fly 80	CE	27	18	25	12	15	19	STR, WIS, CHA	Perception, Stealth	Necroticimmu, nonmagicalimmu, blindedimmu, charmedimmu, frightenedimmu, stunnedimmu	Blindsight 120	None	Frenzy, Legendary Resistance																		
Angel, Solar	Large	Celestial	21		Monster Manual	Wizards of the Coast	243	21	50, 150 fly	LG	26	22	26	25	25	30	INT, WIS, CHA	Perception	Radiantres, nonmagicalres, necroticimmu, poisonimmu, charmedimmu, exhaustionimmu, frightenedimmu, poisonimmu	Truesight 120	All, telepathy 120	Angelic Weapons, Divine Awareness, Innate Spellcasting, Magic Resistance, Legendary																		
Dragon, Chromatic, Black, Ancient	Gargantuan	Dragon	21		Monster Manual	Wizards of the Coast	367	22	40, 80 fly, swim 40	CE	27	14	25	16	15	19	DEX, CON, WIS, CHA	Perception, Stealth	Acidimmu	Blindsight 60, darkvision 120	Common, Draconic	Amphibious, Legendary Resistance, Legendary, Lair																		
Dragon, Metallic, Copper, Ancient	Gargantuan	Dragon	21		Monster Manual	Wizards of the Coast	350	21	40, climb 40, fly 80	CG	27	12	25	20	17	19	DEX, CON, WIS, CHA	Deception, Perception, Stealth	Acidimmu	Blindsight 60, darkvision 120	Common, Draconic	Legendary Resistance, Legendary, Lair																		
Lich	Medium	Undead	21		Monster Manual	Wizards of the Coast	135	17	30	ANY EVIL	11	16	16	20	14	16	CON, INT, WIS	Arcana, History, Insight, Perception	Coldres, lightningres, necroticres, poisonimmu, nonmagicalimmu, charmedimmu, exhaustionimmu, frightenedimmu, paralyzedimmu, poisonedimmu	Truesight 120	Common, Any	Legendary, Rejuvenation, Normal Spellcasting, Turn Resistance, Lair																		
Astral Dreadnought	Gargantuan	Monstrosity	21		Mordenkainen's Tome of Foes	Wizards of the Coast	297	20	15, fly 80	U	28	7	25	5	14	18	DEX, WIS	Perception	Nonmagicalres, charmedimmu, exhaustionimmu, frightenedimmu, paralyzedimmu, petrifiedimmu, poisonedimmu, proneimmu, stunnedimmu	Darkvision 120	None	Antimagic Cone, Astral Entity, Demiplanar Donjon, Legendary, Magic Weapons, Sever Silver Cord																		
Demon, Molydeus	Huge	Fiend (Demon)	21		Mordenkainen's Tome of Foes	Wizards of the Coast	216	19	40	CE	28	22	25	21	24	24	STR, CON, WIS, CHA	Perception	Coldres, fireres, lightningres, nonmagicalres, poisonimmu, blindedimmu, charmedimmu, deafenedimmu, frightenedimmu, poisonedimmu, stunnedimmu	Truesight 120	Abyssal, telepathy 120	Innate Spellcasting, Legendary, Magic Resistance, Magic Weapons																		
Devil, Arch, Hutijin	Large	Fiend (Devil)	21		Mordenkainen's Tome of Foes	Wizards of the Coast	200	19	30, fly 60	LE	27	15	25	23	19	25	DEX, CON, WIS	Intimidation, Perception	Coldres, nonmagicalres, nonsilveredres, fireimmu, poisonimmu, charmedimmu, exhaustionimmu, frightenedimmu, poisonedimmu	Truesight 120	All, telepathy 120	Infernal Despair, Innate Spellcasting, Legendary, Magic Resistance, Lair, Magic Weapons, Regeneration																		
Devil, Arch, Moloch	Large	Fiend (Devil)	21		Mordenkainen's Tome of Foes	Wizards of the Coast	253	19	30	LE	26	19	22	21	18	23	DEX, CON, WIS, CHA	Deception, Intimidation, Perception	Coldres, nonmagicalres, nonsilveredres, fireimmu, poisonimmu, charmedimmu, exhaustionimmu, frightenedimmu, poisonedimmu	Darkvision 120	All, telepathy 120	Innate Spellcasting, Legendary, Lair, Magic Resistance, Magic Weapons, Regeneration																		
Hydra, Twelve-Headed	Huge	Monstrosity	21		Skip's Guide to Monsters (★★)	u/Drewfro666	333	18	30, swim 30	U	27	12	20	2	10	7	None	Perception	None	Darkvision 60	None	Hold Breath, Multiple Heads, Reactive HEads, Wakeful																		
Lich Priest	Medium	Undead	21		Skip's Guide to Monsters (★★)	u/Drewfro666	135	17	30	ANY EVIL	11	16	16	20	19	16	CON, INT, WIS	Arcana, History, Insight, Perception	Coldres, lightningres, necroticres, poisonimmu, nonmagicalimmu, charmedimmu, exhaustionimmu, frightenedimmu, paralyzedimmu, poisonedimmu	Truesight 120	Common, Any	Legendary, Rejuvenation, Normal Spellcasting, Turn Resistance, Lair																		
Lich, Immutable Form	Medium	Undead	21		Skip's Guide to Monsters (★★)	u/Drewfro666	135	17	30	ANY EVIL	11	16	16	20	14	16	CON, INT, WIS	Arcana, History, Insight, Perception	Coldres, lightningres, necroticres, poisonimmu, nonmagicalimmu, charmedimmu, exhaustionimmu, frightenedimmu, paralyzedimmu, poisonedimmu	Truesight 120	Common, Any	Legendary, Rejuvenation, Normal Spellcasting, Turn Resistance, Lair, Immutable Form																		
WIld Hunt, King	Medium	Fey	22		Book of Beautiful Horrors (★★)	u/regerem	312	18	30	LE	26	24	26	25	25	26	CON, INT, WIS, CHA	Athletics, Intimidation, Perception	Coldimmu, nonmagicalimmu, nonsilveredimmu, charmedimmu, frightenedimmu	Truesight 120	Elvish, Primordial, Sylvan	Innate Spellcasting, Bringer of Death, Legendary Resistance, Magic Resistance, White Frost Weapons																		
Drake, Fire	Gargantuan	Dragon	22		Dark Sun Stat Blocks (★)	u/Auquid	390	21	40	U	28	14	28	6	18	16	STR, DEX, CON, WIS, CHA	Athletics, Perception	Poisonimmu, fireimmu, psychicres	Truesight 120	Draconic	Legendary Resistance, Innate Spellcasting, Lair																		
Drake, Water	Gargantuan	Dragon	22		Dark Sun Stat Blocks (★)	u/Auquid	370	22	40, burrow 40, swim 60	U	26	16	26	6	20	16	STR, DEX, CON, WIS, CHA	Perception	Coldimmu, psychicres	Truesight 120	Draconic	Legendary Resistance, Innate Spellcasting, lair																		
Abomination, Dream Larva	Large	Monstrosity	22		Epic Monsters (★)	u/Dave2oo8	351	20	40, fly 120	ANY CHAOTIC	27	15	27	18	22	26	STR, DEX, CON, WIS, CHA	Arcana, Athletics, Deception, Insight, Perception, Persuasion	Coldres, fireres, psychicres, nonmagicalres, thunderimmu, charmedimmu, petrifiedimmu, poisonedimmu	Darkvision 480, truesight 240	All, telepathy 480	Nightmare Visage, Deific Resistance, Legendary, Immutable FOrm, Innate Spellcasting, Limited Magic Immunity, Magic Weapons, Regeneration, Savage Attacker																		
Abomination, Infernal	Large	Fiend	22.00		Epic Monsters (★)	u/Dave2oo8	364	21	40, fly 120	ANY EVIL	28	20	27	20	20	25	STR, DEX, CON, WIS	Athletics, Deception, Perception	Coldres, fireimmu, poisonimmu, nonmagicalimmu, charmedimmu, petrifiedimmu, poisonedimmu	Blindsight 240, truesight 120	Abyssal, Celestial, Common, Infernal, telepathy 480	Deific Resistance, Immutable FOrm, Innate Spellcasting, Learned Magic Immunity, Magic Resistance, Magic Weapons, Spell Suck, Legendary																		
Archfey, Caiomhin	Small	Fey	22		Epic Monsters (★)	u/Dave2oo8	264	18	60	N	19	29	20	27	25	26	DEX, CON, INT, WIS, CHA	Acrobatics, Perception, Stealth	Nonmagicalres, nonmagicalimmu, exhaustionimmu, thunderres, lightningimmu, petrifiedimmu	Truesight 120	Common, Elvish, Sylvan, telepathy 120	Banishment, Fey Lords, Innate Spellcasting, Unstoppable, Limited Magic Immunity, Magic Weapons, Regeneration, Gifts of Titania, Superior Invisibility, Legendary																		
Demigod, Blibdoolpoolp	Huge	Humanoid	22		Epic Monsters (★)	u/Dave2oo8	520	20	50, swim 60	NE	26	24	27	22	20	12	DEX, CON, WIS, CHA	Athletics, Intimidation, Perception, Stealth	Lightningres, thunderres, poisonimmu, nonmagicalimmu, charmedimmu, paralyzedimmu, poisonedimmu	Darkvision 480	Abyssal, Aquan, Common, Undercommon, telepathy 120	Amphibious, Otherworldly Perception, Discorporation, Slippery, innate Spellcasting, Legendary Resistance, Magic Resistance, Magic Weapons																		
Demon Lord, Belaphoss, Balor Lord	Huge	Fiend	22		Epic Monsters (★)	u/Dave2oo8	406	21	50, fly 100	CE	28	18	26	22	19	24	STR, DEX, CON, WIS, CHA	Athletics	Coldres, lightningres, nonmagicalres, fireimmu, poisonimmu, charmedimmu, frightenedimmu, poisonedimmu	Truesight 240	Abyssal, telepathy 240	Death Throes, Demonic Weapons, Demonic Resistance, Abyssal Aura, Innate Spellcasting, Magic Resistance, Regeneration																		
Devastation Centipede	Gargantuan	Monstrosity	22		Epic Monsters (★)	u/Dave2oo8	487	20	60, burrow 30, climb 60	U	30	10	28	1	12	8	DEX, CON, WIS	Athletics	Nonmagicalres, poisonimmu, charmedimmu, poisonedimmu	Darkvision 240, tremorsense 90	None	Colossal, Devastating Poison, Limited Magic Resistance, magic Weapons, Ravenous																		
Dodkong	Huge	Undead	22		Epic Monsters (★)	u/Dave2oo8	350	21	40, burrow 40, climb 30	NE	23	13	22	20	14	18	DEX, CON, INT, WIS	Athletics, Arcana, History, Insight, Perception	Coldres, lightningres, necroticres, poisonimmu, nonmagicalimmu, charmedimmu, exhaustionimmu, frightenedimmu, paralyzedimmu, petrifiedimmu poisonedimmu	Truesight 120	Common, Giant, Goblin, Dwarvish, Orc, Terran	Stone Glide, Magic Resistance, Magic Weapons, Rejuvenation, Normal Spellcasting, Stone Camouflage, TUrn Resistance, Unstoppable,, Legendary																		
Elemental, Primal, Air	Gargantuan	Elemental	22		Epic Monsters (★)	u/Dave2oo8	362	21	fly 120	N	20	24	18	11	16	14	DEX, CON, WIS	Acrobatics, Perception, Stealth	Lightningimmu, thunderimmu, poisonimmu, nonmagicalimmu, exhaustionimmu, grappledimmu, paralyzedimmu, petrifiedimmu, poisonedimmu, proneimmu, restrainedimmu, unconsciousimmu	Darkvision 120	Auran, Primordial	Air Form, Colossal, Elemental Attacks, Elemental Master, Innate Spellcasting, Elemental Resistance, Magic Resistance, Storm Aura, Untethered																		
Elemental, Primal, Earth	Gargantuan	Elemental	22		Epic Monsters (★)	u/Dave2oo8	430	23	60, burrow 60	U	28	9	30	12	16	10	STR, DEX, CON, WIS	Athletics, History, Intimidation, Perception	Fireres, coldres, poisonimmu, nonmagicalimmu, exhaustionimmu, paralyzedimmu, petrifiedimmu, poisonedimmu, unconsciousimmu	Darkvision 120, tremorsense 180	Terran, Primordial	Colossal, Elemental Attacks, Elemental Master, Elemental Resistance, Earth Glide, Innate Spellcasting																		
Elemental, Primal, Fire	Gargantuan	Elemental	22		Epic Monsters (★)	u/Dave2oo8	335	19	80	U	18	24	20	12	15	16	DEX, CON, WIS	Acrobatics, Intimidation, Perception	Radiantres, fireimmu, poisonimmu, nonmagicalimmu, exhaustionimmu, grappledimmu, paralyzedimmu, eptrifiedimmu, poisonedimmu, proneimmu, restrainedimmu, unconsciousimmu	Darkvision 240	Ignan, Primordial	Colossal, Consume, Elemental Attacks, Elemental Master, Elemental, Resistance, Evaporate, Melt, Fire Form, FIre Aura, Innate Spellcasting, Magic Resistance, Water Susceptibility																		
Elemental, Primal, Water	Gargantuan	Elemental	22		Epic Monsters (★)	u/Dave2oo8	367	20	60, swim 120	U	24	20	24	11	16	14	DEX, CON, WIS	Acrobatics, Stealth	Coldres, acidimmu, poisonimmu, nonmagicalimmu, exhaustionimmu, grappledimmu, paralyzedimmu, petrifiedimmu, poisonedimmu, proneimmu, restrainedimmu, unconsciousimmu	Darkvision 120	Aquan, Primordial	Aquatic, Colossal, Drench, Elemental Attacks, Elemental Master, Elemental Resistance, Innate Spellcasting, Magic Resistance, Water Form																		
Repeater	Gargantuan	Monstrosity	22		Epic Monsters (★)	u/Dave2oo8	407	21	40, fly 180	U	26	12	26	14	18	10	STR, DEX, CON, INT, WIS, CHA	None	Acidres, coldres, fireres, lightningres, poisonres, nonmagicalres, necroticimmu	Blindsight 60	Draconic	Innate Spellcasting, Magic Resistance, Magic Weapons, Repeat Resistance, Repeat Strike																		
Vermiurge	Huge	Monstrosity	22.00		Epic Monsters (★)	u/Dave2oo8	475	20	50, climb 50, fly 100	N	27	18	25	18	20	17	STR, CON, INT, WIS, CHA	Athletics, Nature, Perception, Stealth	Radiantres, nonmagicalres, poisonimmu, charmedimmu, poisonedimmu	Blindsight 300	Terran	Aura of Doom, Grappler, Limited Magic Immunity, Magic Weapons, Unstoppable, Legendary																		
Worm that Walks	Medium	Undead	22		Epic Monsters (★)	u/Dave2oo8	187	17	30	ANY EVIL	12	16	18	20	12	12	DEX, CON, INT, WIS	Arcana, History, Perception, Stealth	Coldres, poisonres, necroticimmu, nonmagicalimmu, charmedimmu, grappledimmu, exhaustionimmu, frightenedimmu, paralyzedimm	Truesight 120	Common, Any	Horrifying Attack, Innate Spellcasting, Legendary Resistance, Magic Absorption, Magic Resistance, Magic Weapons, Normal Spellcasting, Swarm Form, Withering Touch, Equipment, Legendary																		
Dragon, Metallic, Song, Ancient	Gargantuan	Dragon	22		Forgotten Realms Stat Blocks (★★★)	u/Drewfro666	385	21	40, fly 80	CG	27	10	25	20	17	21	DEX, CON, WIS, CHA	Insight, Perception, Persuasion, Stealth	Lightningimmu, poisonimmu, poisonedimmu	Blindsight 60, darkvision 120, truesight 15	Common, Draconic	Shapechanger, Legendary Resistance																		
Ragnaros the Firelord	Gargantuan	Elemental	22		https://i.redd.it/mfqq2o3sbx331.jpg	u/RadioactiveCashew	350	13	50	CE	26	10	25	14	15	19																								
Morwenna, Queen of the Hive	Medium	Aberration	22		https://i.redd.it/sp78ptech2r21.png	u/LucianAstaroth	255	18	30, fly 40	NE	9	17	18	26	14	16																								
Slaad, White	Medium	Aberration	22.00		https://www.reddit.com/r/monsteraday/comments/87l1ca/day_282_white_slaad/	1d6Adventurers																																		
Hydra, Lernaean	Huge	Monstrosity	22		Ixor's Manual of Monstrous Findings (★★)	u/thorn1993	315	13	10, swim 10	U	21	7	18	2	10	7	STR, WIS, CHA	Perception	None	Blindsight 30, darkvision 120	None	Hold Breath, Legendary Resistance, Multiple Heads, Paragon Actions, Paragon Hit Points, Paragon Resilience, Wakeful																		
Dragon, Elder, Fatalis	Gargantuan	Dragon	22		Monster Hunter's Manual (★★★★)	u/Amellwind	536	22	40, fly 80	CE	28	10	26	19	17	20	DEX, CON, WIS, CHA	Insight, Intimidation, Perception	Varies	Darkvision 60, blindsight 60, darkvision 120	Common, Draconic	Legendary Resistance, Magic Resistance, Shifting Scales																		
Dragon, Chromatic, Green, Ancient	Gargantuan	Dragon	22		Monster Manual	Wizards of the Coast	385	21	40, 80 fly, swim 40	LE	27	12	25	20	17	19	DEX, CON, WIS, CHA	Deception, Insight, Perception, Persuasion, Stealth	Poisonimmu, poisonedimmu	Blindsight 60, darkvision 120	Common, Draconic	Amphibious, Legendary Resistance, Legendary, Lair																		
Dragon, Metallic, Bronze, Ancient	Gargantuan	Dragon	22.00		Monster Manual	Wizards of the Coast	444	22	40, fly 80, swim 40	LG	29	10	27	18	17	21	DEX, CON, WIS, CHA	Insight, Perception, Stealth	Lightningimmu	Blindsight 60, darkvision 120	Common, Draconic	Amphibious, Legendary Resistance, Legendary, Lair																		
Devil, Arch, Geryon	Huge	Fiend (Devil)	22		Mordenkainen's Tome of Foes	Wizards of the Coast	300	19	30, fly 50	LE	29	17	22	19	16	23	DEX, CON, WIS, CHA	Deception, Intimidation, Perception	Nonmagicalres, nonsilveredres, coldimmu, fireimmu, poisonimmu, charmedimmu, exhaustionimmu, frightenedimmu, poisonedimmu	Truesight 120	All, telepathy 120	Innate Spellcasting, Legendary, Lair, Magic Resistance, Magic Weapons, Regeneration																		
Elder Elemental, Zaratan	Gargantuan	Elemental	22		Mordenkainen's Tome of Foes	Wizards of the Coast	307	21	40, swim 40	N	30	10	30	2	21	18	WIS, CHA	None	Thunderweak, coldres, fireres, lightningres, nonmagicalres, poisonimmu, exhaustionimmu, paralyzedimmu, petrifiedimmu, poisonedimmu, stunnedimmu	Darkvision 60, tremorsense 60	None	Earth-Shaking Movement, Legendary, Magic Weapons, Siege Monster																		
Angel, Solar, Spellcaster	Large	Celestial	22		Skip's Guide to Monsters (★★)	u/Drewfro666	243	21	50, 150 fly	LG	26	22	26	25	25	30	INT, WIS, CHA	Perception	Radiantres, nonmagicalres, necroticimmu, poisonimmu, charmedimmu, exhaustionimmu, frightenedimmu, poisonimmu	Truesight 120	All, telepathy 120	Angelic Weapons, Divine Awareness, Innate Spellcasting, Magic Resistance, Legendary, Normal Spellcasting																		
Devil, Pit Fiend, Spellcaster	Large	Fiend (Devil)	22		Skip's Guide to Monsters (★★)	u/Drewfro666	300	19	30, fly 60	LE	26	14	24	22	18	24	DEX, CON, WIS	None	Coldres, nonmagicalres, nonsilveredres, fireres, poisonres, poisonedres	Truesight 120	Infernal, telepathy 120	Fear Aura, Magic Resistance, Magic Weapon, Innate Spellcasting																		
Aeternum, The Patient Immortal	Medium	Humanoid	22		The Solar Compendium (★)	u/Blacklight85	460	21	50	CG	24	20	24	18	16	18	STR, DEX, CON	Acrobatics, Athletics, Arcana, Perception	FOrceres, necroticres, radiantres, nonmagicalres, poisonimmu, charmedimmu, exhaustionimmu, frightenedimmu, poisonedimmu, blindedimmu	Darkvision 120	All, telepathy 120	Brute, Duelist, Legendary Resistance, Learned Magic, Lover's Defense, Lover's Protection, Lover's Sword, Lover's Vanguard, Magic Weapons, Master of Combat, Undying Devotion, Lair																		
Mind Flayer Lich (Illithilich)	Medium	Undead	22		Volo's Guide to Monsters	Wizards of the Coast	135	17	30	ANY EVIL	11	16	16	20	14	16	CON, INT, WIS	Arcana, History, Insight, Perception	Coldres, lightningres, necroticres, poisonimmu, nonmagicalimmu, charmedimmu, exhaustionimmu, frightenedimmu, paralyezdimmu, poisonedimmu	Truesight 120	Common, Any, Deep Speech, Undercommon, telepathy 120	Legendary Resistance, Rejuvenation, Lair, Normal Spellcasting, Turn Resistance, Magic Resistance, Innate Spellcasting (Psionics)																		
Abaator, the Ebon Death	Gargantuan	Undead	23.00		4 Legendary Dragons (★)	u/FelipeH92	333	24	40, fly 80, swim 40	CE	27	14	25	20	15	19	DEX, CON, WIS, CHA	Perception, Stealth	Necroticres, acidimmu, poisonimmu, nonmagicalimu, charmedimmu, frightenedimmu, paralyzedimmu, poisonedimmu	Blindsight 60, darkvision 120	Common, Abyssal, Draconic, Infernal, Own	Magic Resistance, Innate Spellcasting, Touch of Undeath, Legendary Resistance																		
Vampire, Higher	Medium	Undead	23		Book of Beautiful Horrors (★★)	u/regerem	337	22	50	ANY	26	24	26	25	25	22	CON, INT, WIS	History, Perception, Stealth	Coldres, fireres, lightningres, necroticres	Blindsight 120	Any	Shapechanger, Enigmatic Nature, Legendary Resistance, Magic Attacks, Monstrous Form, Rejuvenation, Vampire Weaknesses, Absent Reflection, Blood Addiction, Dalvenite Allergy																		
Vampire, Higher, Blood Caller	Medium	Undead	23		Book of Beautiful Horrors (★★)	u/regerem	337	22	50	ANY	26	24	26	25	25	22	CON, INT, WIS	History, Perception, Stealth	Coldres, fireres, lightningres, necroticres	Blindsight 120	Any	Shapechanger, Enigmatic Nature, Legendary Resistance, Magic Attacks, Monstrous Form, Rejuvenation, Vampire Weaknesses, Absent Reflection, Blood Addiction, Dalvenite Allergy, Blood Sense																		
Vampire, Higher, Death Weaver	Medium	Undead	23		Book of Beautiful Horrors (★★)	u/regerem	337	22	50	ANY	26	24	26	25	25	22	CON, INT, WIS	History, Perception, Stealth	Coldres, fireres, lightningres, necroticres	Blindsight 120	Any	Shapechanger, Enigmatic Nature, Legendary Resistance, Magic Attacks, Monstrous Form, Rejuvenation, Vampire Weaknesses, Absent Reflection, Blood Addiction, Dalvenite Allergy, Weave the Mortal Coil																		
Vampire, Higher, Feral King	Medium	Undead	23		Book of Beautiful Horrors (★★)	u/regerem	337	22	50	ANY	26	24	26	25	25	22	CON, INT, WIS	History, Perception, Stealth	Coldres, fireres, lightningres, necroticres	Blindsight 120	Any	Shapechanger, Enigmatic Nature, Legendary Resistance, Magic Attacks, Monstrous Form, Rejuvenation, Vampire Weaknesses, Absent Reflection, Blood Addiction, Dalvenite Allergy, Alpha Vampire																		
Vampire, Higher, Night Blood	Medium	Undead	23.00		Book of Beautiful Horrors (★★)	u/regerem	337	22	50	ANY	26	24	26	25	25	22	CON, INT, WIS	History, Perception, Stealth	Coldres, fireres, lightningres, necroticres	Blindsight 120	Any	Shapechanger, Enigmatic Nature, Legendary Resistance, Magic Attacks, Monstrous Form, Rejuvenation, Vampire Weaknesses, Absent Reflection, Blood Addiction, Dalvenite Allergy, Night Blood																		
Wraith, Arch	Huge	Undead	23		Book of Beautiful Horrors (★★)	u/regerem	406	20	fly 80	NE	6	30	27	20	14	24	CON, INT, CHA	None	Acidres, fireres, lightningres, thunderres, coldimmu, necroticimmu, poisonimmu, nonmagicalimmu, charmedimmu, exhaustionimmu, frightenedimmu, grappledimmu, paralyzedimmu, petrifiedimmu, poisonedimmu, proneimmu, restrainedimmu	Darkvision 120	Alive, telepathy	Detect Life, Incorporeal Movement, Legendary Resistance, Turn Immunity, Lair																		
Drake, Air	Gargantuan	Dragon	23		Dark Sun Stat Blocks (★)	u/Auquid	437	23	40, climb 40, fly 80	U	22	18	26	6	20	18	STR, DEX, CON, WIS, CHA	None	Lightningimmu, thunderimmu, psychicres, stunnedimmu	Truesight 120	None	Legendary Resistance, Innate Spellcasting, Lair																		
Archfey, Cat Lord (Panther)	Large	Fey	23		Epic Monsters (★)	u/Dave2oo8	437	21	100, climb 80, swim 60	N	30	30	28	18	24	22	STR, DEX, CON, INT, WIS, CHA	Acrobatics, Athletics, Perception, Stealth	Nonmagicalres, nonmagicalimmu, exhaustionimmu, coldres, piercingres, poisonimmu, psychicimmu, frightenedimmu, poisonedimmu, proneimmu	Darkvision 480, truesight 120	All, telepathy 1200	Banishment, Fey Lords, Innate Spellcasting, Unstoppable, Limited Magic Immunity, Magic Weapons, Regeneration, CHange Form, FEline Reflexes, Grappler, Keen Senses, Vulnerable Attack, Pack Tactics, Pounce, Rake, Running Leap, Vulnerable Attack, Legendary																		
Archfey, Hyrsam	Medium	Fey	23		Epic Monsters (★)	u/Dave2oo8	420	24	50	CN	23	24	23	21	22	27	DEX, CON, INT, WIS	Acrobatics, nature, Perception, Performance, Stealth	Nonmagicalres, nonmagicalimmu, exhaustionimmu, psychicres, poisonimmu, poisonedimmu	Truesight 120	All, telepathy 240	Banishment, Fey Lords, Innate Spellcasting, Unstoppable, Limited Magic Immunity, Magic Weapons, Regeneration, Charge, Staggering Smite, Legendary																		
Archfey, Squelaiche	Small	Fey	23		Epic Monsters (★)	u/Dave2oo8	390	20	60	CG	20	28	24	28	26	28	DEX, CON, WIS, CHA	Acrobatics, insight, Perception, Persuasion, Sleight of Hand, Stealth	Nonmagicalres, nonmagicalimmu, exhaustionimmu, fireres	Truesight 120	All, telepathy 1200	Banishment, Fey Lords, Innate Spellcasting, Unstoppable, Limited Magic Immunity, Magic Weapons, Regeneration, Gold Sense, Lucky, Superior Invisibility, Legendary																		
Archfey, The Pack of the Hunt	Gargantuan	Fey	23.00		Epic Monsters (★)	u/Dave2oo8	696	16	60, fly 60, swim60	N	18	16	18	6	12	10	STR, DEX, CON, WIS, CHA	Acrobatics, Athletics, Perception, Stealth	Psychicres, bludgeoningres, piercingres, slashingres, charmedimmu	Darkvision 120	Common, Elvish, Sylvan	Colossal, Dash, Keen Sense, Magic Resistance, magic Weapons, Pack Tactics, Swarm, Swarm Resistance, Swarm Tactics																		
Colossus, Flesh	Gargantuan	Construct	23		Epic Monsters (★)	u/Dave2oo8	507	20	60	N	30	12	28	3	12	18	STR, CON, WIS	None	Necroticres, lightningimmu, poisonimmu, nonmagicalimmu, nonadamantineimmu, charmedimmu, exhausitonimmu, frightenedimmu, paralyzedimmu, petrifiedimmu, poisonedimmu	Darkvision 180	Creator	Colossal, Colossal Resistance, Lightning Absorption, Lightning Fists, Immutable Form, Magic Resistance, Magic Weapons, Rage, Spark of Life, Siege Monster																		
Demigod, Laogzed	Huge	Monstrosity	23		Epic Monsters (★)	u/Dave2oo8	532	22	50, climb 50, swim 60	CE	26	20	24	18	18	12	STR, DEX, CON, WIS, CHA	Athletics, Perception, Stealth	Acidimmu, necroticimmu, poisonimmu, nonmagicalimmu, charmedimmu, exhaustionimmu, poisonedimmu	Darkvision 200, truesight 60	Abyssal, Infernal, Troglodyte	Chameleon Skin, Discorporation, Dark Nature, Foul Skin, Leap, Innate Spellcasting, legendary Resistance, magic Resistance, Magic Weapons, Stench, VIcious Bite																		
Devastation Spider	Gargantuan	Monstrosity	23		Epic Monsters (★)	u/Dave2oo8	507	21	60, climb 60	U	31	12	29	1	12	8	DEX, CON, WIS	Athletics, Perception	Nonmagicalres, poisonimmu, charmedimmu, poisonedimmu	Blindsight 60, darkvision 240	None	Colossal, Devastating poison, Limited Magic Resistance, Pounce, Magic Weapons, Ravenous, Spider Climb, Web Sense, Web Walker																		
Devil, Arch, Amon	Large	Fiend	23		Epic Monsters (★)	u/Dave2oo8	450	21	50	LE	26	23	26	22	23	26	STR, DEX, CON, WIS, CHA	Acrobatics, Arcana, Athletics, nature, Intimidation, Perception, Stealth	Acidres, coldimmu, fireimmu, poisonimmu, nonmagicalimmu, charmedimmu, poisonedimmu, petrifiedimmu	Darkvision 240, truesight 120	Abyssal, Celestial, Common, GIant, Infernal, Own, telepathy 120	Banishment, Innate SPellcasting, Infernal Resistance, Magic Immunity, Magic Weapons, Infernal Step, Keen Hearing, Keen Smell, Magic Resistance, Pack Tactics, Rend, Regenreation, Savage Attacker																		
Devil, Arch, Bel	Large	Fiend	23		Epic Monsters (★)	u/Dave2oo8	408	23	40	LE	25	20	25	20	24	22	STR, DEX, CON, WIS, CHA	Athletics, Deception, Intimidation, Perception, Persuasion	Acidres, coldres, fireimmu, poisonimmu, nonmagicalimmu	Blindsight 120, darkvision 240, truesight 120	Abyssal, Celestial, Common, Draconic, Infernal, telepathy 120	Banishment, Innate SPellcasting, Infernal Resistance, Magic Immunity, Magic Weapons, Infernal Step, Morningstar Master, Pack Tactics, Regeneration, Superior Critical																		
Dragon, Turtle, Ancient	Gargantuan	Dragon	23		Epic Monsters (★)	u/Dave2oo8	550	23	20, swim 60	N	29	12	30	12	16	16	STR, CON, WIS	Athletics, Intimidation, Perception, Stealth	Acidres, coldres, fireres, nonmagicalres, proneimmu	Darkvision 180	Aquan, Common, Draconic	Amphibious, Legendary, Charger, Chomp, Colossal, Innate Spellcasting, Magic Resistance, Magic Weapons, Might of the Ancient, Siege Monster, Vicious Bite, Water Sense																		
Eldrazi Gibbering Orb	Huge	Aberration	23		Epic Monsters (★)	u/Dave2oo8	375	18	fly 40	CE	25	16	22	17	15	6	STR, DEX, CON, INT, WIS, CHA	Acrobatics, Arcana, Athletics, Perception	Lightningres, poisonres, thunderres, nonmagicalres, psychicimmu, charmedimmu, frightenedimmu, proneimmu	Truesight 120	All, telepathy 1200	Aberrant Aura, Aberrant Resistance, Alien Mind, All-Around Sense, Amorphous, Gibbering, Limited Magic Immunity, Magic Weapons, Reactive, Regenerate, Legendary																		
Eldrazi Swarm	Gargantuan	Aberration	23.00		Epic Monsters (★)	u/Dave2oo8	900	12	40, burrow 10	CE	17	14	15	6	13	4	STR, DEX, CON, WIS, CHA	Acrobatics, Athletics,  Perception, Stealth	Psychicres, bludgeoningres, piercingres, slashingres, charmedimmu	Darkvision 60	Own, telepathy 120	Colossal, Swarm, Swarm Tactics, Swarm Resistance																		
Hunefer	Large	Undead	23		Epic Monsters (★)	u/Dave2oo8	405	20	40, fly 20	LE	26	20	26	18	19	24	CON, INT, WIS, CHA	History, Intimidation, Religion	Fireweak, necroticimmu, nonmagicalimmu, charmedimmu, exhaustionimmu, frightenedimmu, paralyzedimmu, opisonedoimmu	Truesight 120	All, telepathy 1200	Hunefer Rot, Innate Spellcasting, Magic Resistance, Magic Weapons, Rejuvenation, Legendary																		
Protean, Giant	Gargantuan	Monstrosity	23		Epic Monsters (★)	u/Dave2oo8	629	16	20, climb 20	U	26	8	26	1	8	1	STR, DEX, CON	None	Lightningres, poisonres, bludgeoningres, acidimmu, psychicimmu, blindedimmu charmedimmu,d eafenedimmu, exhaustionimmu, frightenedimmu, proneimmu	Blindsight 120	None	Amorphous, Colossal, Consume, Corrosive Form, Limited Magic Immunity, magic Weapons, Regeneration, Spider CLimb																		
Treant, Ancient	Gargantuan	Plant	23		Epic Monsters (★)	u/Dave2oo8	455	20	60	N	30	7	24	16	22	16	STR, CON, WIS	History, Medicine, Nature, Survival	Nonmagicalres, deafnedimmu, petrifiedimmu	Darkvision 240, tremorsense 60	Common, Celestial, Druidic, Elvish, Sylvan	Colossal, False Appearance, Innate SPellcasting, Limited Magic Resistance, Magic Weapons, Regenerate, Trample, Siege Monster																		
Dragon, Chromatic, Brown, Ancient	Gargantuan	Dragon	23		Forgotten Realms Stat Blocks (★★★)	u/Drewfro666	481	21	40, burrow 40	NE	29	10	27	18	17	21	DEX, CON, WIS, CHA	Perception, Stealth	Acidimmu	Blindsight 60, tremorsense 480, darkvision 120	Common, Draconic	Legendary Resistance																		
Dragon, Chromatic, Deep, Ancient	Gargantuan	Dragon	23		Forgotten Realms Stat Blocks (★★★)	u/Drewfro666	481	22	40, burrow 20, fly 80, swim 30	CE	29	10	27	21	19	21	DEX, CON, WIS, CHA	Perception, Stealth	Coldres, fireres, charmedimmu	Blindsight 60, truesight 120	Draconic, Undercommon	Sense Magic, Shapechanger, Legendary Resistance																		
Grootslang	Gargantuan	Monstrosity	23		https://www.reddit.com/r/monsteraday/comments/7bvsff/day_184_grootslang/	1d6Adventurers																																		
Acrynix	Large	Aberration	23		Ixor's Manual of Monstrous Findings (★★)	u/thorn1993	199	24	10, fly 120	NE	22	30	20	9	11	15	CON, WIS, CHA	Acrobatics, Athletics, Nature, Perception, Stealth	Acidimmu, exhaustionimmu, paralyzedimmu	Normal	None	Flyby, Improved Critical, Legendary Resistance																		
Dragon, Elder, Nergigante	Huge	Dragon	23		Monster Hunter's Manual (★★★★)	u/Amellwind	283	21	40, fly 80	CE	25	14	25	12	18	16	STR, DEX, WIS	None	Nonmagicalres, charmedimmu, exhaustionimmu, frightenedimmu, petrifiedimmu	Darkvision 120	Draconic	Legendary Resistance, Magic Resistance, Spiked Regrowth																		
Dragon, Chromatic, Blue, Ancient	Gargantuan	Dragon	23		Monster Manual	Wizards of the Coast	481	22	40, 30 burrow, 80 fly	LE	29	10	27	18	17	21	DEX, CON, WIS, CHA	Perception, Stealth	Lightningimmu	Blindsight 60, darkvision 120	Common, Draconic	Legendary, Legendary Resistance, Lair																		
Dragon, Metallic, Silver, Ancient	Gargantuan	Dragon	23		Monster Manual	Wizards of the Coast	487	22	40, fly 80	LG	30	10	29	18	15	23	DEX, CON, WIS, CHA	Arcana, History, Perception, Stealth	Coldimmu	Blindsight 60, darkvision 120	Common, Draconic	Legendary Resistance, Legendary, Lair																		
Empyrean	Huge	Celestial	23		Monster Manual	Wizards of the Coast	313	22	50, fly 50, swim 50	CG OR NE	30	21	30	21	22	27	STR, INT, WIS, CHA	Insight, Persuasion	Nonmagicalimmu	Truesight 120	All	Innate Spellcasting, Legendary Resistance, Magic Resistance, Magic Weapons																		
Kraken	Gargantuan	Monstrosity	23		Monster Manual	Wizards of the Coast	472	18	20, swim 60	CE	30	11	25	22	18	20	STR, DEX, CON, INT, WIS	None	Lightningimmu, nonmagicalimmu, frightenedimmu, paralyzedimmu	Truesight 120	Abyssal, Celestial, Infernal, Primordial, telepathy 120	Amphibious, Freedom of Movement, Siege Monster, Lair, Legendary																		
Demon Lord, Baphomet	Huge	Fiend (Demon)	23.00		Mordenkainen's Tome of Foes	Wizards of the Coast	275	22	40	CE	30	14	26	18	24	16	DEX, CON, WIS	Intimidation, Perception	Coldres, fireres, lightningres, poisonimmu, nonmagicalimmu, charmedimmu, exhaustionimmu, frightenedimmu, poisonedimmu	Truesight 120	All, telepathy 120	Charge, Innate Spellcasting, Labyrinthine Recall, Legendary, Magic Resistance, Magic Weapons, Reckless, Lair																		
Demon Lord, Fraz-Urb'Luu	Large	Fiend (Demon)	23		Mordenkainen's Tome of Foes	Wizards of the Coast	337	18	40, fly 40	CE	29	12	25	26	24	26	DEX, CON, INT, WIS	Deception, Perception, Stealth	Coldres, fireres, lightningres, poisonimmu, nonmagicalimmu, charmedimmu, exhaustionimmu, frightenedimmu, poisonedimmu	Truesight 120	All, telepathy 120	Innate Spellcasting, Legendary, Lair, Magic Resistance, Magic Weapons, Undetectable																		
Demon Lord, Juiblex	Huge	Fiend (Demon)	23		Mordenkainen's Tome of Foes	Wizards of the Coast	350	18	30	CE	24	10	23	20	20	16	DEX, CON, WIS	Perception	Coldres, fireres, lightningres, poisonimmu, nonmagicalimmu, blindedimmu, charmedimmu, deafenedimmu, exhaustionimmu, frightenedimmu, grappledimmu, paralyzedimmu, petrifiedimmu, poisonedimmu, proneimmu, restrainedimmu, stunnedimmu, unconsciousimmu	Truesight 120	All, telepathy 120	Foul, Innate Spellcasting, Legendary, Lair, Magic Resistance, Magic Weapons, Regeneration, Spider Climb																		
Demon Lord, Zuggtmoy	Large	Fiend (Demon)	23		Mordenkainen's Tome of Foes	Wizards of the Coast	304	18	30	CE	22	15	18	20	19	24	DEX, CON, WIS	Perception	Coldres, fireres, lightningres, poisonimmu, nonmagicalimmu, charmedimmu, exhaustionimmu, frightenedimmu, poisonedimmu	Truesight 120	All, telepathy 120	Innate Spellcasting, Legendary, Lair, Magic Resistance, Magic Weapons																		
Elder Elemental, Elder Tempest	Gargantuan	Elemental	23		Mordenkainen's Tome of Foes	Wizards of the Coast	264	19	fly 120	N	23	28	23	2	21	18	WIS, CHA	None	Nonmagicalres, lightningimmu, poisonimmu, thunderimmu, exhaustionimmu, grappledimmu, paralyzedimmu, petrifiedimmu, poisonedimmu, proneimmu, restrainedimmu, stunnedimmu	Darkvision 60	None	Air Form, Flyby, Legendary, Living Storm, Siege Monster																		
Dragon, Nebula, Ancient	Gargantuan	Dragon	24	https://www.gmbinder.com/share/-LSNMh6eX2Cm0VdsuZTr#:~:text=Ancient%20Nebula%20Dragon	All the Lights in the Sky Are Stars	u/aeyana	546	22	40, fly 80	CN	30	14	29	18	17	28																								
Drake, Earth	Gargantuan	Dragon	24		Dark Sun Stat Blocks (★)	u/Auquid	512	24	40, burrow 40	U	30	10	30	6	18	18	STR, DEX, CON, WIS, CHA	Athletics, Perception	Poisonimmu, psychicres, nonmagicalres, acidres	Truesight 120	None	Legendary Resistance, Psychic Redoubt, Innate Spellcasting, Lair																		
Cryonax	Huge	Elemental	24.00		Epic Monsters (★)	u/Dave2oo8	528	22	60	NE	28	20	30	16	24	20	STR, CON, WIS	Athletics, Intimidate	Forceres, nonmagicalres, coldimmu, poisonimmu, nonmagicalimmu, exhaustionimmu, grappledimmu, paralyzedimmu, petrifiedimmu, poisonedimmu, proneimmu, restrainedimmu, unconsciousimmu	Blindsight 150	Common, Abyssal, Aquan, Primordial	Cold Aura, Elemental Resistance, Ice Walk, Innate SPellcasting, Magic Resistance, Magic Weapons, Shardstorm, Regeneration, Legendary																		
Devastation Scorpion	Gargantuan	Monstrosity	24		Epic Monsters (★)	u/Dave2oo8	574	21	80	U	32	10	30	1	12	8	DEX, CON, WIS	Athletics, Perception	Nonmagicalres, poisonimmu, charmedimmu, poisonedimmu	Darkvision 240	None	Colossal, Crush, Devastating Poison, Limited Magic Resistance, magic Weapons																		
Dragon, Wyrm, Brass	Gargantuan	Dragon	24		Epic Monsters (★)	u/Dave2oo8	499	22	70, burrow 60, climb 60, fly 180	CG	29	12	27	18	17	21	DEX, CON, WIS, CHA	History, Perception, Persuasion, Stealth	Nonmagicalres, nonmagicalimmu, forceres, poisonres, radiantres, fireimmu	Blindsight 90, darkvision 180	Common, Draconic, Giant, Ignan, Primordial	Colossal, Great Dragon's Aura, Great Dragon's Might, Great Dragon Scales, Innate Spellcasting, Limited Magic Immunity, Magic Weapons, Regeneration, Siege Monster, Unstoppable, Ignite																		
Dragon, Wyrm, White	Gargantuan	Dragon	24.00		Epic Monsters (★)	u/Dave2oo8	526	23	70, climb 60, fly 180, swim 60	CE	29	10	28	14	15	16	STR, DEX, CON, WIS, CHA	Athletics, Intimidation, Perception	Nonmagicalres, nonmagicalimmu, forceres, poisonres, radiantres, coldimmu, petrifiedimmu	Blindsight 90, darkvision 180	Common, Draconic, Giant	Colossal, Great Dragon's Aura, Great Dragon's Might, Great Dragon Scales, Innate Spellcasting, Limited Magic Immunity, Magic Weapons, Regeneration, Siege Monster, Unstoppable, Brute, Frostbite, Ice Walk, Legendary																		
Iggwilv, the Witch Queen	Medium	Character (Human)	24.00		Epic Monsters (★)	u/Dave2oo8	162	30	30, fly 30	CE	8	14	14	24	18	20	STR, DEX, CON, INT, WIS, CHA	Arcana, History, Insight, Persuasion, Religion	Acidres, coldres, nonmagicalres, fireimmu, poisonimmu, poisonedimmu	Darkvision 120, truesight 60	Abyssal, Celestial, Common, Draconic, Infernal	Boon of Spell Recall, Boon of Undetectability, Discorporation, Immortal, Innate Spellcasting, Innate Spellcasting, Magic Resistance, Normal Spellcasting, Signature Spells, SPell Mastery, Spell Sniper, War Caster																		
Shadow of the Void	Large	Undead	24		Epic Monsters (★)	u/Dave2oo8	297	24	fly 50	CE	16	26	26	22	24	25	DEX, CON, WIS, CHA	Perception, Stealth	Acidres, lightningres, thudnerres, coldimmu, necroticimmu,poisonimmu, nonmagicalimmu, charmedimmu, exgaustionimmu, grappledimmu, apralyzedimmu, eptrifiedimmu, poisonedimmu, proneimmu, restrainedimmu	Blindsight 120, darkvision 240	Deep Speech, telepathy 120	Blightfire, Chill of the Void, Innate Spellcasting, Shadow Spawn, Soul Reaver, Wraith FOrm, Legendary																		
Sirrush, THree-Headed	Huge	Fey	24		Epic Monsters (★)	u/Dave2oo8	462	24	60	CN	28	28	30	21	20	22	STR, DEX, CON, WIS, CHA	Acrobatics, Athletics, Intimidation, Perception, Stealth	Acidres, coldres, fireres, lightningres, thudnerres, nonmagicalres, nonmagicalimmu, frightenedimmu	Blindsight 360, darkvision 120	Draconic, Sylvan	Keen Senses, Magic Resistance, Magic Weapons, Multiple heads, Pack Tactics, Pounce, Rake, Legendary																		
Leviathan, Aspect, Advanced	Gargantuan	Aberration	24		https://drive.google.com/file/d/1YxCrJevrMZL4M4xqCkHSQ960D7PLr2R0/view	u/badooga1	315	18	20, swim 80	CN	30	11	25	23	19	21																								
Dragon, Stone, Ancient	Gargantuan	Dragon	24		Ixor's Manual of Monstrous Findings (★★)	u/thorn1993	350	23	30, burrow 40, fly 50	N	29	8	25	14	19	20	STR, CON, WIS, CHA	Athletics, Perception	Nonmagicalres, nonadamantineres	Darkvision 120, tremorsense 40	Common, Draconic	Legendary Resistance, Tunneler, Lair																		
Freybug	Gargantuan	Monstrosity	24		Ixor's Manual of Monstrous Findings (★★)	u/thorn1993	350	20	50	CE	25	18	25	20	11	18	DEX, CON, WIS	Perception, Stealth	Fireimmu, nonmagicalimmu	Blindsight 60, darkvision 120	Abyssal, COmmon, Infernal	Enduring, Keen Hearing, Keen SMell, Legendaryt Resistance, Mist Stalker																		
Ghaskrago	Huge	Monstrosity	24		Ixor's Manual of Monstrous Findings (★★)	u/thorn1993	348	24	40	N	28	18	26	3	17	14	CON, WIS, CHA	Athletics, Perception, Stealth	Fireimmu, coldimmu, charmedimmu, exhaustionimmu, petrifiedimmu, stunnedimmu	Darkvision 60	Ignan	Body Temperature, Legendary Resistance, Magic Resistance, Meltdown, Pounce																		
Dragon, Elder, Vaal Hazak	Huge	Undead	24		Monster Hunter's Manual (★★★★)	u/Amellwind	345	19	40, fly 80	CE	23	10	20	16	18	14	DEX, CON, INT, CHA	None	Necroticimmu, nonmagicalimmu, charmedimmu, frightenedimmu, petrifiedimmu	Darkvision 120	Draconic	Legendary Resistance, Magic Resistance, Effluvium Aura, Regeneration																		
Dragon, Chromatic, Red, Ancient	Gargantuan	Dragon	24		Monster Manual	Wizards of the Coast	546	22	40, climb 40, fly 80	CE	30	10	29	18	15	23	DEX, CON, WIS, CHA	Perception, Stealth	Fireimmu	Blindsight 60, darkvision 120	Common, Draconic	Legendary Resistance, Legendary, Lair																		
Dragon, Metallic, Gold, Ancient	Gargantuan	Dragon	24		Monster Manual	Wizards of the Coast	546	22	40, fly 80, swim 40	LG	30	14	29	18	17	28	DEX, CON, WIS, CHA	Insight, Perception, Persuasion, Stealth	Fireimmu	Blindsight 60, darkvision 120	Common, Draconic	Amphibious, Legendary Resistance, Legendary, Lair																		
Demon Lord, Graz'Zt	Large	Fiend (Demon)	24		Mordenkainen's Tome of Foes	Wizards of the Coast	346	20	40	CE	22	15	21	23	21	26	DEX, CON, WIS	Deception, Insight, Perception, Persuasion	COldres, fireres, lightningres, poisonimmu, nonmagicalimmu, charmedimmu, exhaustionimmu, frightenedimmu, poisonedimmu	Truesight 120	All, telepathy 120	Shapechanger, Innate Spellcasting, Legendary, Lair, Magic Resistance, Magic Weapons																		
Demon Lord, Yeenoghu	Huge	Fiend (Demon)	24		Mordenkainen's Tome of Foes	Wizards of the Coast	333	20	50	CE	29	16	23	15	24	15	DEX, CON, WIS	Intimidation, Perception	Coldres, fireres, lightningres, poisonimmu, nonmagicalimmu, charmedimmu, exhaustionimmu, frightenedimmu, poisonedimmu	Truesight 120	All, telepathy 120	Innate Spellcasting, Legendary, Lair, Magic Resistance, Magic Weapons, Rampage																		
Namissi, the Dead	Gargantuan	Undead	24		Single (★)	u/Galemp	481	22	40, burrow 40, fly 80	LE	29	10	27	18	17	21	DEX, CON, WIS, CHA	Athletics, Insight, Intimidation, Perception, Stealth	Lightningimmu, necroticimmu, poisonimmu, nonmagicalimmu, charmedimmu, exhaustionimmu, frightenedimmu, paralyzedimmu, poisonedimmu	Blindsight 60, darkvision 120	Common, Draconic	Legendary Resistance, Magic Resistance, Tiamat's Wrath, Lair																		
Archfey, Summer	Medium	Fey	24		Single (★★★)	u/Soulhunter93	135	19	30, fly 30	LG	10	16	16	14	20	16	DEX, WIS, CHA	Perception, Nature, Insight, Religion	Fireimmu, nonmagicalimmu, poisonres, lightningres, radiantres	Truesight 120	Sylvan, Elvish, Druidic, telepathy 120	Legendary Resistance, Fey Ancestry, Normal Spellcasting																		
Rundella, The Undying Light	Medium	CElestial	24		The Solar Compendium (★)	u/Blacklight85	382	20	50, fly 150	CG	20	20	18	30	30	30	CON, INT, WIS, CHA	Perception, Arcana, History, Insight, Religion	FOrceres, radiantres, nonmagicalres, acidimmu, necroticimmu, poisonimmu, charmedimmu, exhaustionimmu, frightendimmu, poisonedimmu, blindedimmu	Truesight 120	All, telepathy 120	Divine Awareness, Innate Spellcasting, Immortal Love, Legendary Resistance, Lover's Embrace, Lover's Health, Lover's Protection, Lover's Touch, Magic Resistance, Solar SIght, Lair																		
Archfey, Cerunnos	Medium	Fey	25		Epic Monsters (★)	u/Dave2oo8	544	24	60, fly 60, swim 60	N	28	26	27	16	22	20	STR, DEX, CON, WIS, CHA	Acrobatics, Animal Handling, Athletics, Intimidation, Nature, Perception, Stealth	Nonmagicalres, nonmagicalimmu, exhaustionimmu, necroticres, coldimmu, fireimmu, psychicimmu, charmedimmu	Truesight 120	Common, Elvish, Sylvan, telepathy 120	Banishment, Fey Lords, Innate Spellcasting, Unstoppable, Limited Magic Immunity, Magic Weapons, Regeneration, Charge, Legendary																		
Demigod, Iuz the Old	Huge	Humanoid	25		Epic Monsters (★)	u/Dave2oo8	510	17	40, fly 60	CE	23	18	20	18	20	18	STR, DEX, CON, INT, WIS, CHA	Arcana, Athletics, Deception, Insight, Intimidation, Perception, Religion, Stealth	Acidres, coldres, fireres, lightningres, encroticres, poisonimmu, nonmagicalimmu, blindedimmu, charmedimmu, deafenedimmu, frightenedimmu, poisonedimmu	Truesight 120	Abyssal, Common, Orc	Cloak of Protection, Discorporation, Innate Spellcasting, magic Weapons, Legendary Resistance, Limited Magic Immunity, Shapechanger, Normal Spellcasting																		
Demigod, Vaprak the Destroyer	Huge	Humanoide	25		Epic Monsters (★)	u/Dave2oo8	570	22	60, climb 40, swim 60	CE	30	18	24	18	12	14	STR, DEX, CON, WIS	Athletics, Intimidation, Perception, Stealth	Lightningres, necroticres, thudnerres, poisonimmu, nonmagicalimmu, charmedimmu, frightenedimmu, poisonedimmu, stunnedimmu	Darkvision 480	Abyssal, Common, Giant	Aura of Destruction, Brute, Discorporation, Keen Smell, Innate Spellcasting, Legendary Resistance, Magic Resistance, magic Weapons, Regeneration																		
Dragon, Wyrm, Black	Gargantuan	Dragon	25		Epic Monsters (★)	u/Dave2oo8	546	24	70, climb 60, fly 180, swim 80	CE	30	14	28	18	17	21	STR, DEX, CON, WIS, CHA	Acrobatics, Deception, Perception, Stealth	Nonmagicalres, nonmagicalimmu, lightningres, necroticres, poisonres, acidimmmu	Blindsight 90, darkvision 180	Abyssal, Common, Draconic, Giant	Colossal, Great Dragon's Aura, Great Dragon's Might, Great Dragon Scales, Innate Spellcasting, Limited Magic Immunity, Magic Weapons, Regeneration, Siege Monster, Unstoppable, Amphibious, Dissolve, Legendary																		
Dragon, Wyrm, Copper	Gargantuan	Dragon	25.00		Epic Monsters (★)	u/Dave2oo8	585	24	70, climb 60, fly 180	CG	29	14	29	22	19	21	DEX, CON, INT, WIS, CHA	Deception, History, Perception, Stealth	Nonmagicalres, nonmagicalimmu, lightningres, necroticres, poisonres, acidimmu	Blindsight 90, darkvision 180	Common, Draconic,  Giant, Sylvan	Colossal, Great Dragon's Aura, Great Dragon's Might, Great Dragon Scales, Innate Spellcasting, Limited Magic Immunity, Magic Weapons, Regeneration, Siege Monster, Unstoppable, Dissolve																		
Dragotha	Gargantuan	Undead	25		Epic Monsters (★)	u/Dave2oo8	672	20	50, climb 40, fly 100	LE	28	10	27	22	18	21	DEX, CON, INT, WIS, CHA	Arcana, History, Intimidation, Perception, Stealth	Coldres, fireres, lightningres, necroticimmu, poisonimmu, nonmagicalimmu, charmedimmu, exhaustionimmu, frightenedimmu, paralyzedimmu, poisonedimmu	Truesight 60, darkvision 120	Common, Draconic	Innate Spellcasting, Legendary Resistance, Magic Resistance, Magic Weapons, Marshall Undead, Normal SPellcasting, Withering Touch																		
Father Llymic	Huge	Aberration	25.00		https://drive.google.com/file/d/1YxCrJevrMZL4M4xqCkHSQ960D7PLr2R0/view	u/badooga1	378	17	50, climb 50, fly 50	CE	27	18	24	20	16	24																								
The Worm That Walks, Kyuss	Gargantuan	Aberration	25.00		https://drive.google.com/file/d/1YxCrJevrMZL4M4xqCkHSQ960D7PLr2R0/view	u/badooga1	350	18	50, burrow 10, climb 50	CE	26	12	24	25	15	24																								
Dragon, Elder, Xeno'Jiva	Gargantuan	Dragon	25		Monster Hunter's Manual (★★★★)	u/Amellwind	425	19	40, fly 80	U	28	10	27	3	20	14	INT, WIS, CHA	Perception	Fireres, coldres, lightningres, nonmagicalres, charmedimmu, frightenedimmu, paralyzedimmu, poisonedimmu	Truesight 120	None	Legendary Resistance, Magic Resistance																		
Wyvern, Unknown, Magala, Shagaru	Huge	Monstrosity	25		Monster Hunter's Manual (★★★★)	u/Amellwind	377	21	40, fly 80	CE	29	20	27	15	15	20	STR, WIS, CHA	Perception	Necroticimmu, nonmagicalimmu, charmedimmu, frightenedimmu, proneimmu, stunnedimmu	Truesight 120	None	Frenzy, Aggressive, Legendary Resistance																		
Inevitable, Marut	Large	Construct	25		Mordenkainen's Tome of Foes	Wizards of the Coast	432	22	40, fly 30	LN	28	12	26	19	15	18	INT, WIS, CHA	Insight, Intimidation, Perception	Thunderres, nonmagicalres, poisonimmu, charmedimmu, frightenedimmu, paralyzedimmu, poisonedimmu, unconsciousimmu	Darkvision 60	All	Immutable Form, Innate Spellcasting, Legendary Resistance, Magic Resistance																		
City Avatar, Irfrigus	Large	Construct	25		Ounzair (★)	u/Blacklight85	714	22	40	LG	24	20	20	18	18	21	CON, WIS, CHA	Perception, Deception, Insight, Persuasion, Stealth	Nonmagicalres, nonadamantineres, poisonimmu, psychicimmu, charmedimmu, exhaustionimmu, frightenedimmu, paralyzedimmu, petrifiedimmu, poisonedimmu	Blindsight 120, darkvision 120	All, telepathy 120	Hide in Plain Sight, Immutable Form, Legendary Resistance, Magic Resistance, Magic Weapons, Perfect Self-Control, Psychic Absorption, Spider Climb																		
Ounzair	Medium	Character (Undead)	25		Ounzair (★)	u/Blacklight85	522	23	40	LN	20	16	21	30	25	19	CON, INT, WIS, CHA	Arcana, History, Insight, Perception	Acidres, coldres, fireres, forceres, lightningres, necroticimmu, poisonimmu, nonmagicalimmu, charmedimmu, exhaustionimmu, frightenedimmu, paralyzedimmu, poisonedimmu	Truesight 300	All, telepathy 120	Legendary Resistance, Marshal Undead, Magic Resistance, Magic Weapons, Rejuvenation, Special Equipment, Normal Spellcasting, Undead Nature																		
Titan	Huge	Celestial	25		Skip's Guide to Monsters (★★)	u/Drewfro666	313	22	50, fly 50, swim 50	CG OR NE	30	21	30	21	22	27	STR, INT, WIS, CHA	Insight, Persuasion	Nonmagicalimmu	Truesight 120	All	Innate Spellcasting, Legendary Resistance, Magic Resistance, Magic Weapons, Change Shape																		
Archfey, Koliada, Winter Witch	Medium	Fey	26		Epic Monsters (★)	u/Dave2oo8	480	26	80	CE	20	26	26	22	24	26	DEX, CON, WIS, CHA	Arcana, Acrobatics, Nature, Intimidation, Perception, Survival	Nonmagicalres, nonmagicalimmu, exhaustionimmu, lightningres, thudnerres, coldimmu, poisonimmu, poisonedimmu	Truesight 120	All, telepathy 300	Banishment, Fey Lords, Innate Spellcasting, Unstoppable, Limited Magic Immunity, Magic Weapons, Regeneration, Cold Hearted, Slippery as Ice, Mistress of Winter, Icy Steps, Winter's Chill, Legendary																		
Archfey, Nathair Sgiathach	Small	Dragon	26		Epic Monsters (★)	u/Dave2oo8	330	26	30, fly 120, swim 20	CG	20	32	20	28	22	28	DEX, CON, INT, WIS, CHA	Acrobatics, Arcana, Deception, Nature, Insight, Perception, SLeight of Hand, Stealth	Nonmagicalres, nonmagicalimmu, exhaustionimmu, acidres, coldres, fireres, lightningres, poisonres, psychicres, bludgeoningres, radiantimmu,paralyzedimmu, petrifiedimmu	Truesight 120	Aquan, Auran, Celestial, Common, Draconic, Elvish, Ignan, Terran, Sylvan, telepathy 240	Banishment, Fey Lords, Innate Spellcasting, Unstoppable, Limited Magic Immunity, Magic Weapons, Regeneration, Blurred Movement, Reactive, Legendary																		
Archfey, Verenestra	Medium	Fey	26		Epic Monsters (★)	u/Dave2oo8	624	24	40	CG	23	28	26	27	26	34	DEX, CON, WIS, CHA	Acrobatics, Nature, Perception, Persuasion	Nonmagicalres, nonmagicalimmu, exhaustionimmu, poisonimmu, charmedimmu, paralyzedimmu, petrifiedimmu, poisonedmmu	Truesight 120	All, telepathy 480	Banishment, Fey Lords, Innate Spellcasting, Unstoppable, Limited Magic Immunity, Magic Weapons, Regeneration, Speak with Beasts, Speak with Plants, Tree Stride, Legendary																		
Devil, Arch, Fierna	Medium	Fiend	26.00		Epic Monsters (★)	u/Dave2oo8	525	26	40	LE	24	28	25	28	26	36	DEX, WIS, CHA	Acrobatics, Arcana, Deception, Perception, Persuasion, Stealth	Coldres, poisonres, nonmagicalres, fireimmu, nonmagicalimmu, eptrifiedimmu, acidres, necroticres, poisonimmu, charmedimmu, exhaustionimmu, poisonedimmu	Truesight 180	Celestial, common, draconic, infernal, telepathy 120	Banishment, Innate SPellcasting, Legendary Resistance, Limited Magic Immunity, Magic Weapons, Unwavering Charm																		
Dragon, Wyrm, Bronze	Gargantuan	Dragon	26		Epic Monsters (★)	u/Dave2oo8	615	24	70, climb 60, fly 180, swim 70	LG	30	12	30	20	19	23	DEX, CON, WIS, CHA	Insight, History, Perception, Stealth	Nonmagicalres, nonmagicalimmu, acidres, coldres, thyunderres, lightningimmu, frightenedimmu	Blindsight 90, darkvision 180	Aquan, Common, Draconic, Giant	Colossal, Great Dragon's Aura, Great Dragon's Might, Great Dragon Scales, Innate Spellcasting, Limited Magic Immunity, Magic Weapons, Regeneration, Siege Monster, Unstoppable, Amphibious, Legendary																		
Dragon, Wyrm, Green	Gargantuan	Dragon	26		Epic Monsters (★)	u/Dave2oo8	585	24	70, climb 50, fly 180, swim 70	LE	30	10	28	22	19	22	DEX, CON, INT, WIS, CHA	Arcana, Deception, Insight, History, Perception, Stealth	Nonmagicalres, nonmagicalimmu, acidres, fireres, psychicres, poisonimmu, charmedimmu, poisonedimmu	Blindsight 90, darkvision 180	Common, Draconic, Giant, Infernal, Terran	Colossal, Great Dragon's Aura, Great Dragon's Might, Great Dragon Scales, Innate Spellcasting, Limited Magic Immunity, Magic Weapons, Regeneration, Siege Monster, Unstoppable, Amphibious, Legendary																		
Genius Loci	Gargantuan	Ooze	26		Epic Monsters (★)	u/Dave2oo8	612	11	5, burrow 5, climb 5	U	25	12	25	1	6	1	STR, DEX, CON	Athletics, Stealth	Acidres, coldres, fireres, bludgeoningres, piercingres, slashingres, poisonimmu, thunderimmu, nonmagicalimmu, blidnedimmu, charmedimmu, deafenedimmu, exhaustionimmu, frightenedimmu, paralyzedimmu, poisonedimmu, proneimmu, stunnedimmu	BLindsight 300	None	Amorphous, Colossal, COnstrict, False Appearance, Limited Magic Immunity, Mindless, Immutable Form, Magic Weapons, Spider Climb, Thrall, Unstoppable, Legendary																		
Lesser God, Dibella	Medium	Humanoid	26		Epic Monsters (★)	u/Dave2oo8	630	29	40	LG	23	26	25	28	28	30	DEX, CON, INT, WIS, CHA	History, Perception, Insight, Persuasion	Nonmagicalres, nonmagicalimmu, charmedimmu, petrifiedimmu, exhaustionimmu, stunnedimmu	Truesight 120	All, telepathy 1 mile	Discorporation, Divine Might, Innate Spellcasting, Legendary Resistance, Limited Magic Immunity, Magic Weapons, Regeneration, Adoration, GOddess of Love, Goddess of Beauty,																		
Lesser God, Thasmudyan	Medium	Undead	26		Epic Monsters (★)	u/Dave2oo8	578	22	40	LE	24	20	28	30	26	24	DEX, CON, INT, WIS, CHA	Arcana, History, Insight, Investigation, Perception, Religion	Nonmagicalres, nonmagicalimmu, charmedimmu, petrifiedimmu, exhaustionimmu, coldres, lightningres, encroticimmu, poisonimmu, blindedimmu, charmedimmu, deafenedimmu, exhaustionimmu, frightenedimmu, paralyzedimmu, petrifiedimmu, poisonedimmu, sutnnedimmu	Truesight 180	All, telepathy 240	Discorporation, Divine Might, Innate Spellcasting, Legendary Resistance, Limited Magic Immunity, Magic Weapons, Regeneration																		
Lesser God, Zenithar	Medium	Humanoid	26		Epic Monsters (★)	u/Dave2oo8	608	25	40, climb 40, fly 120	LG	24	30	26	26	30	26	DEX, CON, INT, WIS, CHA	Acrobatics, history, Insight, Perception, Persuasion	Nonmagicalres, nonmagicalimmu, charmedimmu, petrifiedimmu, exhaustionimmu, coldres, encroticres, radiantimmu, frightenedimmu	Truesight 120	All, telepathy 480	Discorporation, Divine Might, Innate Spellcasting, Legendary Resistance, Limited Magic Immunity, Magic Weapons, Regeneration, Conjurer of Wealth, Tongue Twister																		
Greed	Large	Fiend (Demon)	26.00		https://homebrewery.naturalcrit.com/share/SJbh6mfJXr	u/Grimley533	346	21	40, fly 40	CE	22	15	21	23	21	26																								
Sauron the Blind	Large	Fiend (Devil)	26		https://i.redd.it/kbx8x0d6cw911.jpg	Crosshead Studios	550	22	40	LE	30	22	28	28	18	30																								
Akupara	Gargantuan	Monstrosity (Titan)	26		https://www.reddit.com/r/monsteraday/comments/7gyh8a/day_200_akupara/	1d6Adventurers																																		
Dragon, Elder, Ceadeus	Gargantuan	Dragon	26		Monster Hunter's Manual (★★★★)	u/Amellwind	780	15	swim 60	U	30	10	28	9	11	10	DEX, INT, WIS, CHA	None	Fireimmu, nonmagicalimmu, acidres, coldres, poisonres, thunderres, nonmagicalres, charmedimmu, frightenedimmu, paralyzedimmu, poisonedimmu, proneimmu	Blindsight 120	Draconic	Legendary Resistance, magic Resistance, Siege Monster																		
Dragon, Elder, Jhen Mohran	Gargantuan	Dragon	26.00		Monster Hunter's Manual (★★★★)	u/Amellwind	738	22	20, swim 60	U	30	10	30	9	11	10	DEX, INT, WIS, CHA	None	Fireimmu, nonmagicalimmu, acidres, lightningres, poisonres, nonmagicalres, charmedimmu, frightenedimmu, paralyzedimmu	Blindsight 120	Draconic	Legendary Resistance, Magic Resistance, Siege Monster, Siege Vulnerability, Sand Surfing																		
Demon Lord, Demogorgon	Huge	Fiend (Demon)	26		Mordenkainen's Tome of Foes	Wizards of the Coast	406	22	50, swim 50	CE	29	14	26	20	17	25	DEX, CON, WIS, CHA	Insight, Perception	Coldres, fireres, lightningres, poisonimmu, nonmagicalimmu, charmedimmu, exhaustionimmu, frightenedimmu, poisonedimmu	Truesight 120	All, telepathy 120	Innate Spellcasting, Legendary, Magic Resistance, Lair, Magic Weapons, Two Heads																		
Demon Lord, Orcus	Huge	Fiend (Demon)	26		Mordenkainen's Tome of Foes	Wizards of the Coast	405	20	40, fly 40	CE	27	14	25	20	20	25	DEX, CON, WIS	Arcana, Perception	Coldres, fireres, lightningres, necroticimmu, poisonimmu, nonmagicalimmu, charmedimmu, exhaustionimmu, frightenedimmu, poisonedimmu	Truesight 120	All, telepathy 120	Wand of Orcus, Innate Spellcasting, Legendary, Lair, Magic Resistance, Magic Weapons, Master of Undeath																		
Devil, Arch, Zariel	Large	Fiend (Devil)	26		Mordenkainen's Tome of Foes	Wizards of the Coast	580	21	50, fly 150	LE	27	24	28	26	27	30	INT, WIS, CHA	Intimidation, Perception	Coldres, fireres, radiantres, nonmagicalres, nonsilveredres, necroticimmu, poisonimmu, charmedimmu, exhaustionimmu, frightenedimmu, poisonedimmu	Darkvision 120	All, telepathy 120	Devil's Sight, Fiery Weapons, Innate Spellcasting, Legendary, Lair, Magic Resistance, Regeneration																		
Iurstina. The Advocate for the Voiceless	Large	CElestial	26		The Solar Compendium (★)	u/Blacklight85	525	20	50, fly 150	LN	20	20	20	32	30	30	DEX, INT, WIS, CHA	Perception, Arcana, Deception, History, Insight, Intimidation, Investigation, Persuasion, Performance, Religion, Sleight of Hand	Radiantres, nonmagicalres, encroticimmu, poisonimmu, psychicimmu, charmedimmu, exhaustionimmu, frightenedimmu, poisonedimmu, blindedimmu	Trueishgt 120	All, telepathy 120	Alighieri, Celestial Joker, Divine Proof, DIvine Truth, Frameup, Guilty as Charged, Innate Spellcasting, Teleport, Lair																		
Kaiyoqua, The Wings of the True Seas	Large	Celestial	26		The Solar Compendium (★)	u/Blacklight85	562	22	50, fly 150, swim 50	LG	24	24	24	25	20	30	STR, CON, WIS, CHA	Perception, Arcana, History, Insight, Religion	Radiantres, nonmagicalres, coldimmu, necroticimmu, poisonimmu, charmedimmu, exhaustionimmu, frightenedimmu, poisonedimmu, blindedimmu	Truesight 120	All, telepathy 120	DIvine Awareness, Frozen Angelic Weapons, Innate SPellcasting, Legendary Resistance, Magic Resistance, Sea Wings, Solar Sight, Water Control, Lair																		
Ragani, The Wings of Absolute Flame	Large	Celestial	26		The Solar Compendium (★)	u/Blacklight85	810	20	50, fly 150	LG	24	24	26	25	25	30	STR, CON, INT, WIS, CHA	Perception, Arcana, History, Insight, Religion	Radiantres, nonmagicalres, fireimmu, necroticimmu, poisonimmu, charmedimmu, exhaustionimmu, frightenedimmu, poisonedimmu, blindedimmu	Truesight 120	All, telepathy 120	Burning Aura, Burnt Angelic Weapons, Divine Awareness, Innate Spellcasting, Legendary Resistance, Magic Resistance, Solar Sight, Wings of FLame, Lair																		
Archfey, Baba Yaga	Medium	Fey	27		Epic Monsters (★)	u/Dave2oo8	480	22	30	CE	22	18	26	30	24	25	DEX, CON, INT, WIS, CHA	Arcana, Deception, Insight, Perception, Persuasion, Stealth	Nonmagicalres, nonmagicalimmu, exhaustionimmu, coldres, fireres, psychicres, poisonimmu, charmedimmu, petrifiedimmu, poisonedimmu	Truesight 120	All, telepathy 480	Banishment, Fey Lords, Innate Spellcasting, Unstoppable, Limited Magic Immunity, Magic Weapons, Regeneration, Keen Smell, Witch Queen, Mimicry, Slippery Mind, Normal Spellcasting, Veil of Containment, Legendary																		
Aremag	Gargantuan	Dragon	27		Epic Monsters (★)	u/Dave2oo8	717	25	20, swim 60	N	32	10	30	15	20	22	STR, CON, WIS, CHA	Athletics, Intimidation, Perception, Stealth	Acidres, coldres, fireres, nonmagicalres, proneimmu	Darkvision 180	Aquan, Common, Draconic, Primordial	Amphibious, Charger, Chomp, COlossal, Innate Spellcasting, Limited Magic Immunity, Magic Weapons, Might of the Ancient, SIege Monster, One-Eyed, Vicious Bite, Water Sense, Wounded Shell, Legendary																		
Demon Lord, Bjornganal	Gargantuan	Fiend	27		Epic Monsters (★)	u/Dave2oo8	840	20	120	CE	33	8	30	6	13	14	STR, DEX, CON, WIS	Athletics, Intimidation	Coldres, fireres, lightningres, nonmagicalres, poisonimmu, poisonedimmu	Darkvision 960	Abyssal	Charge, Colossal, Labyrinthine Recall, Magic Resistance, magic Weapons, Siege Monster																		
Demon Lord, Kostchtchie	Huge	Fiend	27.00		Epic Monsters (★)	u/Dave2oo8	836	20	30	CE	32	12	30	18	20	22	STR, CON, WIS	Athletics, Intimidation, Perception	Coldres, fireres, lightningres, poisonres, nonmagicalres, nonmagicalimmu, charmedimmu, exhaustionimmu, frightenedimmu, petrifiedimmu, poisonedimmu, coldimmu, petrifiedimmu	Truesight 120, darkvision 240	Abyssal, Common, Draconic, Giant, telepathy 120	Brute, Innate SPellcasting, Iron Wrath, Magic Weapons, Rage																		
Demon Lord, Sess'Innek	Large	Fiend	27		Epic Monsters (★)	u/Dave2oo8	760	22	50, climb 40, fly 50	CE	28	20	28	20	22	24	STR, DEX, CON, WIS	Arcana, Athletics, Intimidation, Perception	Coldres, fireres, lightningres, poisonres, nonmagicalres, nonmagicalimmu, charmedimmu, exhaustionimmu, frightenedimmu, petrifiedimmu, poisonedimmu, lightningimmu	Truesight 180	Abyssal, Common, Draconic, telepathy 120	Banishment, Innate Spellcasting, Legendary Resistance, Limited Magic Immunity, Magic Weapons, Juggernaut, Reactive																		
Devil, Arch, Belial	Large	Fiend	27		Epic Monsters (★)	u/Dave2oo8	720	25	50	LE	27	26	26	26	26	32	DEX, INT, WIS, CHA	Arcana, Deception, Insight, Intimidation, Persuasion	Coldres, poisonres, nonmagicalres, fireimmu, nonmagicalimmu, eptrifiedimmu, acidres, lightningimmu, exhaustionimmu	Truesight 150	All, telepathy 180	Banishment, Innate SPellcasting, Legendary Resistance, Limited Magic Immunity, Magic Weapons, Aura of Pain, Death Curse, Malicious Woe																		
Devil, Arch, Glasya	Large	Fiend	27		Epic Monsters (★)	u/Dave2oo8	612	26	40, fly 120	LE	24	30	24	30	28	34	DEX, CON, WIS, CHA	Acrobatics, Diplomacy, Insight, Persuasion, Perception, Stealth	Coldres, poisonres, nonmagicalres, fireimmu, nonmagicalimmu, eptrifiedimmu, acidres, poisonimmu	Truesight 160	Celestial, common, deep speech, draconic, giant, infernal, telepathy 480	Banishment, Innate SPellcasting, Legendary Resistance, Limited Magic Immunity, Magic Weapons, Confusion Aura, Reactive, Nettle, Spite																		
Devil, Arch, Levistus	Medium	Fiend	27		Epic Monsters (★)	u/Dave2oo8	714	26	40, swim 40	LE	26	30	28	26	28	30	DEX, CON, WIS, CHA	Acrobatics, Deception, Insight, Perception, Persuasion	Coldres, poisonres, nonmagicalres, fireimmu, nonmagicalimmu, eptrifiedimmu, acidres, coldimmu, paralyzedimmu	Truesight 240	All, telepathy 480	Banishment, Innate SPellcasting, Legendary Resistance, Limited Magic Immunity, Magic Weapons, Death Throes, Cruel Necessity, Stygian Depths, Icy Tomb																		
Devil, Arch, Mammon	Huge	Fiend	27		Epic Monsters (★)	u/Dave2oo8	700	26	60, climb 30, swim 60	LE	28	24	26	25	24	26	STR, DEX, CON, CHA	Athletics, Intimidation, Persuasion, Stealth	Coldres, poisonres, nonmagicalres, fireimmu, nonmagicalimmu, eptrifiedimmu, acidimmu, poisonimmu	Truesight 240	All, telepathy 480	Banishment, Innate SPellcasting, Legendary Resistance, Limited Magic Immunity, Magic Weapons, Poison Skin, Mammon's Gaze, Nose for Business																		
Dragon, Wyrm, Blue	Gargantuan	Dragon	27		Epic Monsters (★)	u/Dave2oo8	624	25	70, climb 60, fly 200	LE	31	12	29	20	19	23	STR, DEX, CON, INT, WIS, CHA	Acrobatics, Arcana, Athletics, History, Insight, Investigation, Perception, Persuasion	Nonmagicalres, nonmagicalimmu, coldres, forceres, thunderres, lightningimmu	Blindsight 90, darkvision 200	Auran, Common, Draconic, Giant, Infernal	Colossal, Great Dragon's Aura, Great Dragon's Might, Great Dragon Scales, Innate Spellcasting, Limited Magic Immunity, Magic Weapons, Regeneration, Siege Monster, Unstoppable, Static Charge																		
Dragon, Wyrm, Silver	Gargantuan	Dragon	27		Epic Monsters (★)	u/Dave2oo8	635	25	70, climb 60, fly 200	LG	32	12	31	20	17	25	DEX, CON, WIS, CHA	Acrobatics, Arcana, Athletics, Perception, Persuasion, Stealth	Nonmagicalres, nonmagicalimmu, forceres, poisonres, psychicres, coldimmu, petrifiedimmu, frightenedimmu	Blindsight 90, darkvision 180	Auran, Common, Draconic, Dwarvish, Giant	Colossal, Great Dragon's Aura, Great Dragon's Might, Great Dragon Scales, Innate Spellcasting, Limited Magic Immunity, Magic Weapons, Regeneration, Siege Monster, Unstoppable, Frostbite, Legendary																		
Iymrith	Gargantuan	Dragon	27.00		Epic Monsters (★)	u/Dave2oo8	624	25	70, climb 60, fly 240	LE	31	12	29	21	19	23	STR, DEX, CON, INT, WIS, CHA	Acrobatics, Arcana, History, Insight, Investigation, Perception, Persuasion	Forceres, thunderres, lightningimmu	Blindsight 90, darkvision 200	Auran, Common, Draconic, Giant, Infernal	Arcane Scales, Colossal, Great Dragon's Aura, Great Dragon's Might, Innate Spellcasting, Limited Magic Immunity, Magic Weapons, Regeneration, Siege Monster, Static CHarge, Unstoppable, Legendary																		
Lesser God, Hruggek	Large	Humanoid	27		Epic Monsters (★)	u/Dave2oo8	700	23	60, climb 40	CE	31	22	30	19	18	20	STR, DEX, CON, WIS	Athletics, Perception, Stealth	Nonmagicalres, nonmagicalimmu, charmedimmu, petrifiedimmu, exhaustionimmu, coldres, fireres, poisonres, lightningimmu, frightenedimmu	Darkvision 800, truesight 120	Abyssal, Common, Goblin, telepathy 120	Discorporation, Divine Might, Innate Spellcasting, Legendary Resistance, Limited Magic Immunity, Magic Weapons, Regeneration, Brute, Grappler, Keen Sense, Shadow Step, Surprise Attack, Undaunted																		
Lesser God, Kurtulmak	Medium	Humanoid	27		Epic Monsters (★)	u/Dave2oo8	510	26	40, climb 40	LE	27	24	28	20	19	22	STR, DEX, CON, WIS, CHA	Acrobatics, Deception, Insight, Investigation, Perception, Stealth, Survival	Nonmagicalres, nonmagicalimmu, charmedimmu, petrifiedimmu, exhaustionimmu, acidres, coldres, fireres, lightningres, poisonimmu	Darkvision 800, truesight 120	Common, Draconic, Gnomish, Infernal, Undercommon, telepathy 80	Discorporation, Divine Might, Innate Spellcasting, Legendary Resistance, Limited Magic Immunity, Magic Weapons, Regeneration, Adamantine Scales, Ambusher, Evasion, God of Kobolds, Keen Sense, Pack Tactics, TUnnel																		
The Hebdomad, Bachiel	Large	Celestial	27		Epic Monsters (★)	u/Dave2oo8	643	23	60, fly 120	LG	27	30	25	24	22	26	DEX, CON, WIS	Persuasion, Investigation, Perception	Nonmagicalres, nonmagicalimmu, petrifiedimmu, thunderres, radiantimmu, deafenedimmu, frightenedimmu	Truesight 240	All, telepathy 500	Aura of Menace, Banishment, Celestial Weapons, Innate Spellcasting, Legendary Resistance, Limited Magic Immunity, Turn Undead, Cast Thee Out, Joyful Noise																		
The Hebdomad, Erathaol	Large	Celestial	27		Epic Monsters (★)	u/Dave2oo8	648	23	60, fly 120	LG	28	22	26	30	26	26	DEX, CON, WIS	Persuasion, Intimidation, Perception	Nonmagicalres, nonmagicalimmu, petrifiedimmu, coldres, radiantimmu, blindedimmu, frightenedimmu	Truesight 240	All, telepathy 500	Aura of Menace, Banishment, Celestial Weapons, Innate Spellcasting, Legendary Resistance, Limited Magic Immunity, Turn Undead, Winter's Peace, Prophet's Eye																		
Ragnorra	Gargantuan	Aberration	27.00		https://drive.google.com/file/d/1YxCrJevrMZL4M4xqCkHSQ960D7PLr2R0/view	u/badooga1	444	18	60, climb 60	NE	26	14	27	16	23	18																								
Sertrous, Aspect	Gargantuan	Fiend (Demon)	27		https://drive.google.com/file/d/1YxCrJevrMZL4M4xqCkHSQ960D7PLr2R0/view	u/badooga1	425	22	50, burrow 50	CE	29	14	27	20	17	25																								
Dragon, Elder, Dah'Ren Mohran	Gargantuan	Dragon	27		Monster Hunter's Manual (★★★★)	u/Amellwind	738	24	20, swim 60	U	30	10	30	9	11	10	DEX, INT, WIS, CHA	None	Fireimmu, nonmagicalimmu, acidres, coldres, poisonres, nonmagicalres, charmedimmu, frightenedimmu, paralyzedimmu	Blindsight 120	Draconic	Legendary Resistance, Magic Resistance, Siege Monster, Siege Vulnerability, Sand Surfing																		
Kamela, Paradigmatic Enchantress	Large	Celestial	27		The Solar Compendium (★)	u/Blacklight85	420	20	50, fly 150	NG	20	20	20	20	30	36	CON, INT, WIS, CHA	Perception, Arcana, History, Insight, Religion	Necroticimmu, poisonimmu, radiantimmu, nonmagicalimmu, charmedimmu, exhaustionimmu, frightenedimmu, poisonedimmu, blindedimmu	Truesight 120	All, telepathy 120	Divine Awareness, DIvine Fan, Innate SPellcasting, Legendary Resistance, Magic Resistance, Solar Sight, Weapon Master, Divine Swords, Lair																		
Imvaernarho	Gargantuan	Dragon	28		4 Legendary Dragons (★)	u/FelipeH92	367	23	40, climb 40, fly 80	CE	30	10	29	22	15	26	DEX, CON, WIS, CHA	Arcana, Perception, Stealth	Fireimmu	Blindsight 60, darkvision 120	Common, Draconic Infernal	Extreme Heat, Hellfire Mastery, Innate Spellcasting, Legendary Resistance																		
Archfey, Skerrit	Large	Celestial	28		Epic Monsters (★)	u/Dave2oo8	720	24	120, swim 40	N	29	26	27	26	26	27	STR, DEX, CON, WIS, CHA	Arcana, Athletics, Nature, Insight, Perception, Religion, Survival	Nonmagicalres, nonmagicalimmu, exhaustionimmu, radiantres, thunderres, poisonimmu, charmedimmu, apralyzedimmu, petrifiedimmu, poisonedimmu	Truesight 120	All, telepathy 480	Banishment, Fey Lords, Innate Spellcasting, Unstoppable, Limited Magic Immunity, Magic Weapons, Regeneration, Charge, Defenders Rage, Forrest Lord, Legendary																		
Colossus, Stone	Gargantuan	Construct	28		Epic Monsters (★)	u/Dave2oo8	779	27	60	U	32	10	30	3	15	20	STR, CON, WIS	None	Nonmagicalres, fireimmu, poisonimmu, psychicimmu, nonmagicalimmu, charmedimmu, exhausitonimmu, frightenedimmu, apralyzedimmu, petrifiedimmu, poisonedimmu	Darkvision 240	Creator	Colossal, Colossal Resistance, Immutable Form, Magic Resistance, Magic Weapons, Siege Monster, Unbreakable Stone																		
Demon Lord, Malcanthet	Medium	Fiend	28		Epic Monsters (★)	u/Dave2oo8	646	28	40, fly 120	CE	24	28	28	26	30	36	DEX, CON, WIS, CHA	Acrobatics, Deception, Persuasion, Perception, Stealth	Coldres, fireres, lightningres, poisonres, nonmagicalres, nonmagicalimmu, charmedimmu, exhaustionimmu, frightenedimmu, petrifiedimmu, poisonedimmu, lightningimmu, poisonimmu, poisonedimmu	Truesight 180	All, telepathy 480	Banishment, Innate Spellcasting, Legendary Resistance, Limited Magic Immunity, Magic Weapons, Lover's Lash, Lover's Revenge, Profane Beauty, Reflect Enchantment, Regeneration, Shapechanger, Telepathic Bond																		
Devastation Beetle	Gargantuan	Monstrosity	28		Epic Monsters (★)	u/Dave2oo8	787	25	60, climb 40, fly 60	U	33	8	34	1	12	8	STR, DEX, CON, WIS	Athletics,	Nonmagicalres, acidimmu, charmedimmu, frightenedimmu, poisonedimmu	Darkvision 480	None	Acid Cloud, Armored Exoskeleton, Colossal, Limited Magic Immunity, Magic Weapons, Siege of Monster, Trampling Charge																		
Dragon, Wyrm, Gold	Gargantuan	Dragon	28		Epic Monsters (★)	u/Dave2oo8	697	25	70, climb 60, fly 180	LG	32	14	31	21	19	30	STR, DEX, CON, WIS, CHA	Athletics, Intimidation, History, Insight, Perception, Persuasion, Stealth	Nonmagicalres, nonmagicalimmu, forceres, radiantres, fireimmu, charmedimmu, frightenedimmu, poisonedimmu	Blindsight 90, darkvision 180	Common, Draconic, Elvish, Giant, Ignan	Colossal, Great Dragon's Aura, Great Dragon's Might, Great Dragon Scales, Innate Spellcasting, Limited Magic Immunity, Magic Weapons, Regeneration, Siege Monster, Unstoppable, Amphibious, Ignite, Legendary																		
Dragon, Wyrm, Great, Brass	Gargantuan	Dragon	28		Epic Monsters (★)	u/Dave2oo8	663	26	80, burrow 70, climb 70, fly 240	CG	30	12	28	19	18	22	STR, DEX, CON, INT, WIS, CHA	Athletics, Arcana, History, Insight, Perception, Persuasion, Stealth	Nonmagicalres, nonmagicalimmu, forceres, poisonres, radiantres, fireimmu	Blindsight 120, darkvision 240, truesight 30	Common, Draconic, Giant, Ignan, Primordial	Colossal, Great Dragon's Aura, Great Dragon's Might, Great Dragon Scales, Innate Spellcasting, Limited Magic Immunity, Magic Weapons, Regeneration, Siege Monster, Unstoppable, Ignite																		
Dragon, Wyrm, Great, White	Gargantuan	Dragon	28		Epic Monsters (★)	u/Dave2oo8	697	25	80, climb 70, fly 240, swim 70	CE	30	10	30	15	16	17	STR, DEX, CON, INT, WIS, CHA	Athletics, Intimidation, Perception	Nonmagicalres, nonmagicalimmu, forceres, poisonres, radiantres, coldimmu, petrifiedimmu	Blindsight 120, darkvision 240, truesight 40	Common, Draconic, Giant, Primordial	Colossal, Great Dragon's Aura, Great Dragon's Might, Great Dragon Scales, Innate Spellcasting, Limited Magic Immunity, Magic Weapons, Regeneration, Siege Monster, Unstoppable, Brute, Frostbite, Ice Walk, Legendary																		
Dragon, Wyrm, Red	Gargantuan	Dragon	28		Epic Monsters (★)	u/Dave2oo8	717	25	70, climb 70, fly 200	CE	32	10	31	20	17	25	STR, DEX, CON, WIS, CHA	Athletics, Intimidation, Insight, Perception, Persuasion, Stealth	Nonmagicalres, nonmagicalimmu, forceres, poisonres, lightningres, fireimmu	Blindsight 90, darkvision 270,	Abyssal, Common, Draconic, Giant, Ignan, Primordial	Colossal, Great Dragon's Aura, Great Dragon's Might, Great Dragon Scales, Innate Spellcasting, Limited Magic Immunity, Magic Weapons, Regeneration, Siege Monster, Unstoppable, Brute, Ignite, Legendary																		
Havarian	Gargantuan	Dragon	28		Epic Monsters (★)	u/Dave2oo8	635	25	70, climb 60, fly 200	LG	32	12	31	20	18	26	DEX, CON, WIS, CHA	Acrobatics, Arcana, Athletics, Perception, Persuasion, Stealth	Forceres, poisonres, coldimmu, petrifiedimmu, frightenedimmu	Blindsight 90, darkvision 180	Auran, Celestial, Common, Draconic, Dwarvish, Giant	Colossal, Frostbite, Great Dragon's Aura, Great Dragon's Might, Divine Smite, Innate Spellcasting, Limited Magic Immunity, Magic Weapons, Regeneration, Legendary, Siege Monster, Unstoppable																		
Lesser God, Sekolah	Gargantuan	Beast	28		Epic Monsters (★)	u/Dave2oo8	870	20	30, swim 120	LE	30	24	30	24	22	21	STR, DEX, CON, WIS	Athletics, Intimidation, Perception	Nonmagicalres, nonmagicalimmu, charmedimmu, petrifiedimmu, exhaustionimmu, acidres lightningres, poisonimmu	Darkvision 1000	Draconic, Infernal, Own, telepathy 150	Discorporation, Divine Might, Innate Spellcasting, Legendary Resistance, Limited Magic Immunity, Magic Weapons, Regeneration, Aquatic, Blood Frenzy, Carcharodon, Charge, Colossal, Danger Sense, Shark Lord, Reckless, Siege Monster																		
Prince Talisid, Manath	Medium	Celestial	28		Epic Monsters (★)	u/Dave2oo8	760	27	40	NG	30	27	32	20	31	31	DEX, CON, INT, WIS	Athletics, Insight, Perception	Nonmagicalres, nonmagicalimmu, petrifiedimmu, charmedimmu, frightenedimmu, paralyzedimmu	Truesight 240	All, telepathy 480	Banishment, Celestial Weapons, Innate Spellcasting, Legendary Resistance, Limited Magic Immunity, Animal Diplomat, Charge, Guardian Stance, Ram TOtem, Sure Footed																		
The Hebdomad, Domiel	Large	Celestial	28		Epic Monsters (★)	u/Dave2oo8	714	27	60, fly 120	LG	26	28	24	22	24	27	DEX, CON, WIS	Athletics, Perception, Stealth	Nonmagicalres, nonmagicalimmu, petrifiedimmu, necroticres, radiantimmu, paralyzedimmu	Truesight 240	All, telepathy 500	Aura of Menace, Banishment, Celestial Weapons, Innate Spellcasting, Legendary Resistance, Limited Magic Immunity, Turn Undead, Vengeance of Innocence, Release from Darkness																		
The Hebdomad, Pistis Sophia	Large	Celestial	28		Epic Monsters (★)	u/Dave2oo8	684	25	60, fly 120	LG	25	26	27	26	30	28	DEX, CON, WIS	Acrobatics, Athletics, Perception	Nonmagicalres, nonmagicalimmu, petrifiedimmu, poisonres, radiantimmu, frightenedimmu, poisonedimmu	Truesight 240	All, telepathy 500	Aura of Menace, Banishment, Celestial Weapons, Innate Spellcasting, Legendary Resistance, Limited Magic Immunity, Turn Undead																		
Lord Cals of the Litter and the Peat	Medium	Fey	28		Single (★)	u/gaylordqueen69	710	15	30, fly 30	CE	12	21	30	25	28	20	DEX, INT, WIS, CHA	Animal Handling, History, Insight, Nature, Perception, Survival	Coldres, fireres, lightningres, necroticres, poisonimmu, nonmagicalimmu, charmedimmu, exhaustionimmu, frightenedimmu, paralyzedimmu, poisonedimmu	Normal	Common, Elvish, Sylvan	Legendary Resistance, Innate Spellcasting, Magic Resistance																		
Arrid, The Golden Heart	Large	Celestial	28		The Solar Compendium (★)	u/Blacklight85	775	24	50, fly 150	LG	24	24	30	25	25	30	STR, CON, INT, WIS, CHA	Perception, Arcana, History, Insight, Religion, Nature	Radiantres, necrotimmu, poisonimmu, nonmagicalimmu, charmedimmu, exhaustionimmu, frightenedimmu, poisonedimmu, blindedimmu	Truesight 120	All, telepathy 120	Anger of a Gentle Soul, Divine Awareness, Golden Wings, Angelic Weapons, Innate SPellcasting, Legendary Resistance, Magic Resistance, Solar Sight, Lair																		
Gaeshema, The God Fist	Large	Celestial	28		The Solar Compendium (★)	u/Blacklight85	650	23	150, fly 150	CG	25	26	25	25	25	30	STR, DEX, INT, WIS, CHA	Perception, Acrobatics, Arcana, Athletics, History, Insight, Religion, Nature	Radiantres, necroticimmu, poisonimmu, nonmagicalimmu, charmedimmu, exhaustionimmu, frightenedimmu, poisonedimmu, blindedimmu	Truesight 120	All, telepathy 120	Angelic Weapons, Deflect All Missiles, Divine Awareness, Divine Ki, Evasion, Innate Spellcasting, Legendary Resistance, magic Resistance, Solar Sight, Lair																		
Remphar, The Astral Time-Spacekeeper	Large	CElestial	28		The Solar Compendium (★)	u/Blacklight85	687	26	50, fly 150	LG	20	30	24	26	26	30	CON, INT, WIS, CHA	Perception, Arcana, History, Insight, Religion	Forceres, radiantres, necroticimmu, poisonimmu, nonmagicalimmu, charmedimmu, exhaustionimmu, frightenedimmu, poisonedimmu, blindedimmu	Truesight 120	All, telepathy 120	Divine Awareness, Innate Spellcasting, Legendary Resistance, Limited Time Travel, magic Resistance, Solar Sight, Relative Space, Space-Time Angelic Weapons, Spacetime Mastery, Warped Space, Lair																		
Archfey, Damh	Medium	Fey	29		Epic Monsters (★)	u/Dave2oo8	640	25	60	CN	30	27	27	25	26	28	DEX, CON, INT, WIS	Acrobatics, nature, Perception, Performance, Stealth	Nonmagicalres, nonmagicalimmu, exhaustionimmu, psychicres, poisonimmu, poisonedimmu	Truesight 120	All, telepathy 240	Banishment, Fey Lords, Innate Spellcasting, Unstoppable, Limited Magic Immunity, Magic Weapons, Regeneration, Charge, Finish the Fallen, Banishing Smite, Legendary																		
Archfey, Eachthighern	Large	Celestial	29		Epic Monsters (★)	u/Dave2oo8	722	26	120, fly 240	LG	28	24	28	21	27	30	STR, DEX, CON, WIS, CHA	Arcana, Athletics, Nature, Insight, Perception, Religion, Survival	Nonmagicalres, nonmagicalimmu, exhaustionimmu, radiantres, thunderres, poisonimmu, charmedimmu, apralyzedimmu, petrifiedimmu, poisonedimmu	Truesight 120	All, telepathy 480	Banishment, Fey Lords, Innate Spellcasting, Unstoppable, Limited Magic Immunity, Magic Weapons, Regeneration, Charge, Trample, Legendary																		
Archfey, The Prince of Frost	Medium	Fey	29		Epic Monsters (★)	u/Dave2oo8	680	25	60	CE	28	30	28	25	24	30	STR, DEX, CON, INT, WIS, CHA	Acrobatics, Arcana, Athletics, Perception, Intimidation	Nonmagicalres, nonmagicalimmu, exhaustionimmu, psychicres, radiantres, coldimmu, blindedimmu, charmedimmu	Truesight 180	All, telepathy 240	Banishment, Fey Lords, Innate Spellcasting, Unstoppable, Limited Magic Immunity, Magic Weapons, Regeneration, Chill the Heart, Lord of Winter, Legendary																		
Demon Lord, Pale Night	Large	Fiend	29		Epic Monsters (★)	u/Dave2oo8	621	17	fly 180	CE	18	34	26	28	30	32	DEX, CON, INT, WIS, CHA	Acrobatics, Arcana, History, Intimidation, Perception, Religion, Stealth	Coldres, fireres, lightningres, poisonres, nonmagicalres, nonmagicalimmu, charmedimmu, exhaustionimmu, frightenedimmu, petrifiedimmu, poisonedimmu, acidres, coldres, lightningres, fireres, poisonimmu, psychicimmu, grappledimmu, paralyzedimmu, petrifiedimmu, poisonedimmu, proneimmu, restrainedimmu	Truesight 240	All, telepathy 480	Banishment, Innate Spellcasting, Legendary Resistance, Limited Magic Immunity, Magic Weapons, Abyssal Vehemence, Incorporeal																		
Devil, Arch, Dispater	Medium	Fiend	29		Epic Monsters (★)	u/Dave2oo8	798	27	40	LE	28	26	33	32	24	32	STR, INT, WIS, CHA	Arcana, Deception, History, Insight	Coldres, poisonres, nonmagicalres, fireimmu, nonmagicalimmu, eptrifiedimmu, acidres, coldres, necroticres, poisonimmu, exhaustionimmu	Truesight 240	All, telepathy 240	Banishment, Innate SPellcasting, Legendary Resistance, Limited Magic Immunity, Magic Weapons, Iron COrrosion, Rod of Dispater																		
Draeden, Lesser	Gargantuan	Monstrosity	29		Epic Monsters (★)	u/Dave2oo8	2535	VARIES	fly 120	U	30	18	28	20	25	22	STR, DEX, INT, WIS, CHA	Athletics, Arcana, intimidation	Nonmagicalres, poisonimmu, blindedimmu,. charmedimmu, deafenedimmu, exhausitonimmu, poisonedimmu, proneimum	Darkvision 2000, truesight 1000	Draconic, Primordial, telepathy 5000	Colossal, Colossal Parts, Limited Magic Immunity, Magic Weapons, Primal Might, Siege Monster, Swallow																		
Dragon, Wyrm, Great, Black	Gargantuan	Dragon	29		Epic Monsters (★)	u/Dave2oo8	721	26	80, climb 70, fly 240, swim 100	CE	31	14	29	19	18	22	STR, DEX, CON, WIS, CHA	Acrobatics, Deception, Perception, Stealth	Nonmagicalres, nonmagicalimmu, lightningres, necroticres, poisonres, acidimmmu	Blindsight 120, darkvision 300, truesight 40	Abyssal, Common, Draconic, Giant, Primordial	Colossal, Great Dragon's Aura, Great Dragon's Might, Great Dragon Scales, Innate Spellcasting, Limited Magic Immunity, Magic Weapons, Regeneration, Siege Monster, Unstoppable, Amphibious, Dissolve, Legendary																		
Dragon, Wyrm, Great, Copper	Gargantuan	Dragon	29		Epic Monsters (★)	u/Dave2oo8	717	25	80, climb 70, fly 280	CG	30	12	30	23	20	22	STR, DEX, CON, INT, WIS, CHA	Athletics, Deception, History, Perception, Persuasion, Stealth	Nonmagicalres, nonmagicalimmu, lightningres, necroticres, poisonres, acidimmu	Blindsight 120, darkvision 240, Truesight 40	Common, Draconic, Elvish, Giant, Sylvan, Terran	Colossal, Great Dragon's Aura, Great Dragon's Might, Great Dragon Scales, Innate Spellcasting, Limited Magic Immunity, Magic Weapons, Regeneration, Siege Monster, Unstoppable, Dissolve																		
Lesser God, Bane Avatar	Large	Humanoid	29		Epic Monsters (★)	u/Dave2oo8	798	28	40, climb 40	LE	31	30	33	23	27	29	STR, DEX, CON, WIS, CHA	Acrobatica, Athletics, Insight, Perception	Nonmagicalres, nonmagicalimmu, charmedimmu, petrifiedimmu, exhaustionimmu, acidres coldres, encroticres, poisonimmu	Truesight 120	All, telepathy 1200	Discorporation, Divine Might, Innate Spellcasting, Legendary Resistance, Limited Magic Immunity, Magic Weapons, Regeneration, Black Iron Shield, Boon of War, Weapon Master																		
Lesser God, Semuanya	Large	Humanoid	29		Epic Monsters (★)	u/Dave2oo8	800	25	60, swim 60	N	30	22	30	18	24	20	STR, DEX, CON, WIS, CHA	Athletics, Intimidation, Nature, Perception, Stealth, Survival	Nonmagicalres, nonmagicalimmu, charmedimmu, petrifiedimmu, exhaustionimmu, acidres, bludgeoningres, necroticres, poisonres	Truesight 240	All, telepathy 240	Discorporation, Divine Might, Innate Spellcasting, Legendary Resistance, Limited Magic Immunity, Magic Weapons, Regeneration, Inscrutable Mind, Lizard king, Reflective Scales, Speak with Reptiles																		
Prince Talisid, Kharash	Medium	Celestial	29		Epic Monsters (★)	u/Dave2oo8	782	27	40	NG	32	32	28	20	31	31	DEX, CON, INT, WIS	Athletics, Perception, Stealth	Nonmagicalres, nonmagicalimmu, petrifiedimmu, charmedimmu, frightenedimmu, stunnedimmu	Truesight 240	All, telepathy 500	Banishment, Celestial Weapons, Innate Spellcasting, Legendary Resistance, Limited Magic Immunity, Animal Diplomat, Guardian Stance, Wolf Totem, Keen Hearing, Keen Smell																		
Prince Talisid, Sathia	Medium	Celestial	29		Epic Monsters (★)	u/Dave2oo8	779	28	30, fly 100	NG	27	32	32	20	31	31	DEX, CON, INT, WIS	Acrobatics, Insight, Perception	Nonmagicalres, nonmagicalimmu, petrifiedimmu, charmedimmu, frightenedimmu, paralyzedimmu	Truesight 480	All, telepathy 480	Banishment, Celestial Weapons, Innate Spellcasting, Legendary Resistance, Limited Magic Immunity, Animal Diplomat, Flyby, Guardian Stance, Flame Bird Totem, Keen Sight																		
Prince Talisid, Vhara	Huge	Celestial	29		Epic Monsters (★)	u/Dave2oo8	805	27	60	NG	34	22	32	23	31	31	DEX, CON, INT, WIS	Athletics, Insight, Perception	Nonmagicalres, nonmagicalimmu, petrifiedimmu, charmedimmu, frightenedimmu, restrainedimmu	Truesight 240	All, telepathy 500	Banishment, Celestial Weapons, Innate Spellcasting, Legendary Resistance, Limited Magic Immunity, Animal Diplomat, Guardian Stance, Horse Totem,																		
The Court of Stars, Gwynharwyf	Medium	Celestial	29		Epic Monsters (★)	u/Dave2oo8	760	28	40, fly 300	CG	32	31	32	20	27	31	DEX, CON, INT, WIS	Athletics, intimidation, Stealth	Nonmagicalres, nonmagicalimmu, petrifiedimmu, grappledimmu, paralyzedimmu, proneimmu, restrainedimmu	Truesight 240	All, telepathy 500	Banishment, Celestial Weapons, Innate Spellcasting, Legendary Resistance, Limited Magic Immunity, Song of Rest, Infusion, Storm Cutter																		
The Hebdomad, Raziel	Large	Celestial	29		Epic Monsters (★)	u/Dave2oo8	760	28	60, fly 120	LG	30	26	28	25	25	24	STR, DEX, CON, WIS	Athletics, Intimidation, Perception	Nonmagicalres, nonmagicalimmu, petrifiedimmu, fireres, psychicres, radiantimmu, charmedimmu, exhaustionimmu, frightenedimmu, poisonedimmu	Truesight 240	All, telepathy 500	Aura of Menace, Banishment, Celestial Weapons, Innate Spellcasting, Legendary Resistance, Limited Magic Immunity, Turn Undead, Censure of Heaven, Second Mercy																		
Aspect of Atropus	Gargantuan	Undead	29		https://drive.google.com/file/d/1YxCrJevrMZL4M4xqCkHSQ960D7PLr2R0/view	u/badooga1	499	21	50	CE	28	20	27	16	19	27																								
Ragnorra, True Mother	Gargantuan	Aberration	29		https://drive.google.com/file/d/1YxCrJevrMZL4M4xqCkHSQ960D7PLr2R0/view	u/badooga1	222	18	0	NE	26	14	27	16	23	18																								
Clarion, THe Metaphysical King	Large	Celestial	29		The Solar Compendium (★)	u/Blacklight85	875	22	50, fly 150	LG	24	24	24	30	30	30	CON, INT, WIS, CHA	Perception, Arcana, History, Insight, Religion, Nature	Coldres, radiantres, nonmagicalres, necroticimmu, poisonimmu, psychicimmu, charmedimmu, exhaustionimmu, frightenedimmu, poisonedimmu, blindedimmu	Truesight 120	All, telepathy 120	Divine Awareness, Eldritch Touch, Eldritch Weapons, Eldritch Wings, Far Realms Effect, Innate Spellcasting, Legendary Resistance, Magic Resistance, Solar Sight, Lair																		
Velik, Heaven's Marksman	Large	Celestial	29.00		The Solar Compendium (★)	u/Blacklight85	630	20	50, fly 150	NG	20	30	20	27	27	30	STR, DEX, CON, WIS	Perception, Arcana, History, Insight, Religion, Nature	Radiantres, nonmagicalres, necroticimmu, poisonimmu, charmedimmu, exhaustionimmu, frightenedimmu, poisonedimmu, blindedimmu	Truesight 120	All, telepathy 120	Dance of Arrows, Divine Awareness, Honed Angelic Weapons, Innate Spellcasting, Legendary Resistance, Magic Resistance, Sniper's Expertise, Solar Sight, White WIngs, Lair																		
Star Devourer	Gargantuan	Monstrosity	30	https://www.gmbinder.com/share/-LSNMh6eX2Cm0VdsuZTr#:~:text=Star%20Devourer	All the Lights in the Sky Are Stars	u/aeyana	615	25	40, fly 40	U	30	15	30	3	11	18																								
Ancestral Heart	Colossal	Aberration	30	https://homebrewery.naturalcrit.com/share/Hyb4CrHRf	Bestiary of the Ancestors (★)	u/LamiaDrake	596	10	0	CN	26	6	30	24	24	24	None	None	Charmedimmu, blindedimmu, deafenedimmu, exhaustionimmu, frightenedimmu, grappledimmu, incapacitatedimmu, paralyzedimmu, petrifiedimmu, proneimmu, restrainedimmu, unconsciousimmu	Truesight 1 mile	All	Creator and Destroyer, Alpha and Omega, Deific Demand, Gestation, Offering to the Infinite																		
The Ancestor	Medium	Humanoid (Human)	30	https://homebrewery.naturalcrit.com/share/Hyb4CrHRf	Bestiary of the Ancestors (★)	u/LamiaDrake	99999	99	0	CE	30	30	30	30	30	30	None	None	Allimmu	Truesight 500	All	Reflections, The Truth																		
The Ancestor, Reflection	Medium	Aberration	30	https://homebrewery.naturalcrit.com/share/Hyb4CrHRf	Bestiary of the Ancestors (★)	u/LamiaDrake	67	16	30	CE	14	16	14	16	19	17	None	None	Charmedimmu, frightenedimmu, exhaustionimmu	Darkvision 90	Common, Deep Speech	Imperfections																		
Lich, Arch	Medium	Undead	30		Dark Arts Player's Companion (☪)	u/Jonoman3000	266	20	30	NE	12	18	20	28	16	16	CON, INT, WIS	Arcana, History, Insight, Perception	Necroticimmu, poisonimmu, nonmagicalimmu, lightningres, coldres, acidres, forceres, charmedimmu, exhaustionimmu, frightenedimmu, poisonedimmu, paralyzedimmu, stunnedimmu	Truesight 300	All	Legendary Resistance, Death Burst, Reanimating Presence, Rejuvenation, Spell Mastery, Turn Immunity, Normal Spellcasting, Lair																		
Abomination, Phaeton	Gargantuan	Elemental	30		Epic Monsters (★)	u/Dave2oo8	741	25	60	CE	28	10	29	12	10	25	STR, DEX, CON, WIS, CHA	Athletics, Perception	Coldres, radiantres, nonmagicalres, fireimmu, nonmagicalimmu, charmedimmu, petrifiedimmu, poisonedimmu	Darkvision 500, truesight 240	Celestial, Ignan, Primordial, telepathy 1000	Aura of Heat, Deific Resistance, Illumination, Immutable Form, Innate SPellcasting, Limited Magic Immunity, Elemental Attacks, Magma Form, Regeneration																		
Abomination, Xixecal	Gargantuan	Elemental	30		Epic Monsters (★)	u/Dave2oo8	880	25	120	CE	34	10	30	12	10	28	STR, CON, WIS, CHA	Arcana, Athletics, Intimidation	Forceres, necroticres, psychicres, coldimmu, fireimmu, lightningimmu, poisonimmu, blindedimmu, charmedimmu, deafenedimmu, frightenedimmu, poisonedimmu, stunnedimmu	Blindsight 480, darkvision 600, truesight 240	All, telepathy 1200	Aura of Cold, Colossal, Innate SPellcasting, Limited Magic Immunity, Elemental Attacks, Multiple Limbs, Regeneration, SIege Monster, Trample, Legendary																		
Archfey, Emmantiensien	Gargantuan	Fey	30		Epic Monsters (★)	u/Dave2oo8	1160	22	120	N	36	6	29	22	30	20	DEX, CON, WIS, CHA	Arcana, Acrobatics, Nature, Intimidation, Perception, Survival	Nonmagicalres, nonmagicalimmu, exhaustionimmu, allres, psychicimmu, deafenedimmu, petrifiedimmu	Truesight 960	All, telepathy 1000	Banishment, Fey Lords, Innate Spellcasting, Unstoppable, Limited Magic Immunity, Magic Weapons, Regeneration, Colossal, Deep Magic, False Appearance, Siege Monster, Trample, Legendary																		
Archfey, Mab, Queen of Air and Darkness	Medium	Fey	30.00		Epic Monsters (★)	u/Dave2oo8	360	24	fly 120	CE	24	32	25	30	29	30	DEX, CON, INT, WIS, CHA	Acrobatics, Arcana, Deception, History, Insight, Intimidation, Perception, Stealth	Nonmagicalres, nonmagicalimmu, exhaustionimmu, necroticimmu, poisonimmu, blindedimmu, grappledimmu, paralyzedimmu, petrifiedimmu, poisonedimmu, proneimmu, restrainedimmu	Truesight 400	All, telepathy 240	Banishment, Fey Lords, Innate Spellcasting, Unstoppable, Limited Magic Immunity, Magic Weapons, Regeneration, Aura of Air and Darkness, Black Diamond, Incorporeal, Invisible, Legendary																		
Archfey, Oberon	Medium	Fey	30.00		Epic Monsters (★)	u/Dave2oo8	720	26	60, climb 50, swim 40	NG	30	28	27	28	28	29	STR, DEX, CON, INT, WIS, CHA	Acrobatics, Animal Handling, Athletics, Nature, Perception, Stealth, Survival	Nonmagicalres, nonmagicalimmu, exhaustionimmu, acidres, coldres, lightningres, radiantres, poisonimmu, frightenedimmu, apralyzedimmu, eptrifiedimmu, poisonedimmu	Truesight 240	All, telepathy 240	Banishment, Fey Lords, Innate Spellcasting, Unstoppable, Limited Magic Immunity, Magic Weapons, Regeneration, Cunning Action, Keen Senses, Lord of Beasts, Master Hunter, Speak with Beasts, Speak with Plants, Slayer, Twist, Legendary																		
Demon Lord, Arendagrost	Gargantuan	Fiend	30.00		Epic Monsters (★)	u/Dave2oo8	840	25	60	CE	33	8	32	10	16	20	STR, CON, CHA	Athletics, Intimidation, Perception	Lightningres, thunderres, nonmagicalres, acidimmu, fireimmu, coldimmu, nonmagicalimmu, charmedimmu, frightenedimmu	Darkvision 600, truesight 120	Abyssal	Brute, Colossal, Discorporation, Grasping Tentacles, Limited Magic Immunity, Magic Weapons, Multiple Heads, SIege Monster																		
Dragon, Wyrm, Great, Bronze	Gargantuan	Dragon	30.00		Epic Monsters (★)	u/Dave2oo8	779	25	80, climb 70, fly 240, swim 80	LG	31	10	31	21	20	24	STR, DEX, CON, INT, WIS, CHA	Athletics, Insight, History, Perception, Stealth	Nonmagicalres, nonmagicalimmu, acidres, coldres, thyunderres, lightningimmu, frightenedimmu	Blindsight 120, darkvision 240, truesight 60	Aquan, Celestial, Common, Draconic, Giant	Colossal, Great Dragon's Aura, Great Dragon's Might, Great Dragon Scales, Innate Spellcasting, Limited Magic Immunity, Magic Weapons, Regeneration, Siege Monster, Unstoppable, Amphibious, Legendary																		
Dragon, Wyrm, Great, Green	Gargantuan	Dragon	30.00		Epic Monsters (★)	u/Dave2oo8	760	25	80, climb 70, fly 240, swim 80	LE	31	10	29	24	20	23	STR, DEX, CON, INT, WIS, CHA	Arcana, Athletics, Deception, Insight, History, Perception, Persuasion, Stealth	Nonmagicalres, nonmagicalimmu, acidres, fireres, psychicres, poisonimmu, charmedimmu, poisonedimmu	Blindsight 120, darkvision 240, truesight 50	Common, Draconic, Giant, Infernal, Terran, Primordial	Colossal, Great Dragon's Aura, Great Dragon's Might, Great Dragon Scales, Innate Spellcasting, Limited Magic Immunity, Magic Weapons, Regeneration, Siege Monster, Unstoppable, Amphibious, Legendary																		
Lesser God, Waukeen	Medium	Humanoid	30		Epic Monsters (★)	u/Dave2oo8	600	23	40, fly 60	U	24	26	24	34	29	32	DEX, CON, INT, WIS, CHA	Acrobatics, Arcana, insight, perception, Persuasion, Religion, Sleight of Hand, Stealth	Acidres, fireres, necroticres, poisonres, radiantres, coldimmu, poisonimmu, poisonedimmu	Truesight 180	All, telepathy 1200	Innate Spellcasting, Limited Magic Immunity, Garment of Good Fortune, Normal Spellcasting																		
Primordial, Lakkar	Gargantuan	Giant	30		Epic Monsters (★)	u/Dave2oo8	4712	VARIES	500	NE	40	10	32	12	14	24	STR, DEX, CON, WIS, CHA	Athletics, Intimidation	Nonmagicalres, nonmagicalimmu, charmedimmu, exhaustionimmu, frightenedimmu, coldimmu, fireimmu	Darkvision 1 mile	Common, Draconic, Giant, Primordial	Colossal, Colossal Parts, innate Spellcasting, Legendary Resistance, Limited Magic Immunity, Magic Weapons, Primordial Might, Primordial Slumber, Regeneration, Siege Monster, Cold Aura																		
Primordial, Maegera	Gargantuan	Elemental	30		Epic Monsters (★)	u/Dave2oo8	5120	VARIES	200	CE	36	22	30	14	20	26	DEX, CON, WIS, CHA	Acrobatics, Intimidation	Nonmagicalres, nonmagicalimmu, charmedimmu, exhaustionimmu, frightenedimmu, fireimmu, poisonimmu, grappledimmu, apralyzedimmu, petrifiedimmu, proneimmu, restrainedimmu	Blindsight 1000	Ignan, Primordial	Colossal, Colossal Parts, innate Spellcasting, Legendary Resistance, Limited Magic Immunity, Magic Weapons, Primordial Might, Primordial Slumber, Regeneration, Siege Monster, Fire Aura																		
Prince Talisid, Bharrai	Huge	Celestial	30		Epic Monsters (★)	u/Dave2oo8	924	27	40	NG	30	27	28	29	27	31	STR, DEX, CON, WIS	Athletics, Insight, Intimidation, Perception	Nonmagicalres, nonmagicalimmu, petrifiedimmu, charmedimmu, frightenedimmu, proneimmu	Truesight 240	All, telepathy 500	Banishment, Celestial Weapons, Innate Spellcasting, Legendary Resistance, Limited Magic Immunity, Animal Diplomat, Grappler, Guardian Stance, Bear Totem																		
The Court of Stars, Faerinaal	Medium	Celestial	30		Epic Monsters (★)	u/Dave2oo8	765	27	40, fly 100	CG	30	29	28	27	27	31	DEX, CON, WIS	Athletics, Persuasion, Stealth	Nonmagicalres, nonmagicalimmu, petrifiedimmu, grappledimmu, paralyzedimmu, proneimmu, restrainedimmu	Truesight 240	All, telepathy 500	Banishment, Celestial Weapons, Innate Spellcasting, Legendary Resistance, Limited Magic Immunity, Song of Rest, Infusion, Fortuitous Moon																		
The Hebdomad, Sealtiel	Large	Celestial	30		Epic Monsters (★)	u/Dave2oo8	840	27	60, fly 120	LG	28	24	30	28	28	29	DEX, CON, WIS	Ahletics, Intimidation, Perception	Nonmagicalres, nonmagicalimmu, petrifiedimmu, psychicres, radiantimmu, charmedimmu, frightenedimmu	Truesight 240	All, telepathy 500	Aura of Menace, Banishment, Celestial Weapons, Innate Spellcasting, Legendary Resistance, Limited Magic Immunity, Turn Undead, Bastion of Faith, Vigilance's Reward																		
Umbral Blot	Medium	Construct	30		Epic Monsters (★)	u/Dave2oo8	738	20	fly 40	U	30	20	32	20	20	20	STR, CON, WIS	None	Allres, poisonimmu, psychicimmu, nonmagicalimmu, allimmu	Blindsight 480	Telpathy 120	Event Horizon, Disintegrating Touch, Gravity Well, Juggernaut, Immutable Form, Limited Magic Immunity																		
Thanos the Mad Titan	Medium	Humanoid (Titan)	30.00		https://dmdave.com/thanos-5e-dnd/	u/hamrickbrands	414	20	30	NE	27	15	25	18	22	22																								
Pandorym, Mind Shard	Gargantuan	Aberration	30		https://drive.google.com/file/d/1YxCrJevrMZL4M4xqCkHSQ960D7PLr2R0/view	u/badooga1	615	17	10, fly 90	LE	1	24	30	30	30	30																								
Zargon	Gargantuan	Fiend (Devil)	30		https://drive.google.com/file/d/1YxCrJevrMZL4M4xqCkHSQ960D7PLr2R0/view	u/badooga1	615	22	40, climb 40, swim 80	LE	30	20	30	18	22	26																								
Tarrasque, Greater	Gargantuan	Monstrosity (Titan)	30		https://i.redd.it/33r8od60t8e31.png	u/ProfessorInMaths	676	25	40, burrow 40	U	30	11	30	3	11	11																								
Thirty to Fifty Feral Hogs	Gargantuan	Beast	30		https://i.redd.it/3gpf7lkz8te31.png	u/Moctopus115	390	21	40	CE	28	11	24	2	9	5																								
Garfield, Eldritch Horror	Gargantuan	Aberration	30		https://www.dndbeyond.com/monsters/384830-garfield	u/Bighead545	676	25	40	LE	30	13	30	25	26	22																								
Carapaceon, Shen Gaoren	Gargantuan	Monstrosity	30		Monster Hunter's Manual (★★★★)	u/Amellwind	430	25	40, burrow 30, climb 30	U	30	10	30	5	14	9	INT, WIS, CHA	Perception	Coldimmu, poisonimmu, nonmagicalimmu, acidres, fireres, thunderres, charmedimmu, frightenedimmu, paralyzedimmu, poisonedimmu	Blindsight 120	None	Legendary Resistance, Magic Resistance, Siege Monster, Lao Shun Skull, Armored Legs																		
Dragon, Elder, Lao-Shan Lung	Gargantuan	Dragon	30		Monster Hunter's Manual (★★★★)	u/Amellwind	922	28	20	U	30	10	30	9	11	10	DEX, INT, WIS, CHA	None	Fireimmu, nonmagicalimmu, acidres, coldres, lightningres, poisonres, nonmagicalres, charmedimmu, frightenedimmu, paralyzedimmu, poisonedimmu	Blindsight 120	Draconic	Legendary Resistance, Magic Resistance, Siege Monster, Siege Vulnerability, Casual Stroll, Walking Disaster, Natural Instinct																		
Tarrasque	Gargantuan	Monstrosity	30		Monster Manual	Wizards of the Coast	676	25	40	U	30	11	30	3	11	11	INT, WIS, CHA	None	Fireimmu, poisonimmu, nonmagicalimmu, charmedimmu, frightenedimmu, paralyzedimmu, poisonedimmu	Blindsight 120	None	Legendary, Magic Resistance, Reflective Carapace, Siege Monster																		
World's End	Gargantuan	Undead	30		Ounzair (★)	u/Blacklight85	742	25	60, climb 60, fly 120	CE	34	10	34	20	17	26	DEX, CON, WIS, CHA	Perception	Coldimmu, fireimmu, necroticimmu, nonmagicalimmu	Blindsight 120, truesight 120, darkvision 120	Creator	Charge, Exceptional Strenght, Legendary Resistance, Magic Resistance, Magic Weapons, Undead Nature																		
Tiamat	Gargantuan	Fiend	30		Rise of Tiamat	Wizards of the Coast	615	25	60, fly 120	CE	30	10	30	26	26	28	STR, DEX, WIS	Arcana, Perception, Religion	Acidimmu, coldimmu, fireimmu, lightningimmu, nonmagicalimmu, blindedimmu, charmedimmu, deafenedimmu, frightenedimmu, poisonedimmu, stunnedimmu	Darkvision 240, truesight 120	Common, Draconic, Infernal	Discorporation, Innate Spellcasting, Legendary Resistance, Limited Magic immunity, Magic Weapons, Multiple Heads, Regeneration																		
Periditius	Colossal	Monstrosity	30		SIngle (★★★)	u/HumansWillComeForYou	717	25	40	CE	30	8	30	5	10	6	STR, CON, INT, WIS, CHA	None	Charmedimmu, exhaustionimmu, frightenedimmu, paralyzedimmu, petrifiedimmu, poisonedimmu, nonmagicalimmu, nonadamantineimmu, fireimmu	Tremorsense 300, truesight 120	Primordial, Terran	Immutable Form, Legendary Resistance, Limited Magic Immunity, Magic Weapons, Siege Monster, Steps of the Colossus, Unstoppable Force																		
Adimus, The Forger	Large	Celestial	30		The Solar Compendium (★)	u/Blacklight85	744	25	50, fly 150	LG	30	24	30	24	24	30	STR, CON, WIS, CHA	Perception, Arcana, History, Insight, Religion, Nature	Fireres, psychicres, radiantres, nonmagicalres, necroticimmu, poisonimmu, charmedimmu, exhaustionimmu, frightenedimmu, poisonedimmu, blindedimmu, stunnedimmu	Truesight 120	All, telepathy 120	Angelic Weapons, Divine Awareness, The Forger's Artifacts, Heaven's Edge, Hellbreaker, Voidcutter, Heaven's Storm, Innate Spellcasting, Fused Divinity, Legendary Resistance, Magic Resistance, Solar Sight, Lair																		
Aziraphale, The Warden	Large	Celestial	30		The Solar Compendium (★)	u/Blacklight85	405	25	50, fly 150	LN	26	26	26	30	30	30	STR, CON, WIS, CHA	Perception, Arcana, History, Insight, Religion, Nature	Forceres, psychicres, radiantres, nonmagicalres, necroticimmu, poisonimmu, charmedimmu, exhausitonimmu, frightenedimmu, poisonedimmu, blindedimmu	Truesight 120	All, telepathy 120	Divine Awareness, Divine Aegis, Dymwyn, Innate Spellcasting, Legendary Resistance, Magic Resistance, Solar Sight, The Warden's Anger, The Warden's Aura, Lair																		
Tystra, The Moon Empress	Large	Celestial	30		The Solar Compendium (★)	u/Blacklight85	451	28	50, fly 150	NG	24	30	20	30	30	30	CON, INT, WIS, CHA	Perception, Arcana, History, Insight, Religion	Forceres, radiantres, nonmagicalres, encroticimmu, poisonimmu, charmedimmu, exhaustionimmu, frightenedimmu, poisonedimmu, blindedimmu	Truesight 120	All, telepathy 120	Divine Awareness, INnate Spellcasting, Legendary Resistance, Magic Resistance, Moon Aura, Moon Essence, Moon-Imbued Weapons, Moon Revolution, Solar Sight, Lair																		
Viryn, The Good Mercenary	Large	Celestial	30		The Solar Compendium (★)	u/Blacklight85	852	22	50, fly 150	CG	24	24	30	20	30	30	STR, CON, WIS, CHA	Perception, Arcana, History, Insight, Religion	Radiantres, nonmagicalres, forceimmu, necroticimmu, poisonimmu, charmedimmu, exhausitonimmu, frightenedimmu, poisonedimmu, blindedimmu	Truesight 120	All, telepathy 120	Contract Breaker, Divine Aura, Divine Awareness, Divine Force, Honed Angelic Weapons, Innate SPellcasting, Legendary Resistance, Magic Resistance, Quick COntract, Solar Sight, Lair																		
Archfey, Titania	Small	Fey	31		Epic Monsters (★)	u/Dave2oo8	650	27	120, fly 240	CG	22	33	25	32	33	34	STR, DEX, CON, INT, WIS, CHA	Acrobatics, Arcana, Nature, History, Insight, Perception, Persuasion, Stealth	Nonmagicalres, nonmagicalimmu, exhaustionimmu, coldres, fireres, necroticres, lightningimmu, poisonimmu, radiantimmu, charmedimmu, frightenedimmu, paralyzedimmu, petrifiedimmu, poisonedimmu	Truesight 240	All, telepathy 600	Banishment, Fey Lords, Innate Spellcasting, Unstoppable, Limited Magic Immunity, Magic Weapons, Regeneration, Blurred Movement, Escape, Evasion, Faerie Queen, Queen's Radiance, Speak with Beasts, Speak with Plants, Tree Stride, Wand of Summer, Legendary																		
Demon Lord, Queen of Chaos	Large	Fiend	31		Epic Monsters (★)	u/Dave2oo8	960	28	40, fly 40	CE	28	28	30	30	28	32	STR, DEX, CON, INT, WIS, CHA	Acrobatics, ARcana, Athletics, History, Insight, Nature, Perception, Stealth	Coldres, fireres, lightningres, poisonres, nonmagicalres, nonmagicalimmu, charmedimmu, exhaustionimmu, frightenedimmu, poisonedimmu, poisonimmu	Truesight 360	All, telepathy 600	Banishment, Innate Spellasting, Legendary Resistance, Limited Magic Immunity, Magic Weapons, Amphibious, Chaotic Resistance, Lord of the Chaos																		
Devil, Arch, Baalzebul	Large	Fiend	31		Epic Monsters (★)	u/Dave2oo8	882	28	50, fly 100	LE	30	24	33	30	28	30	DEX, CON, INT, WIS	Acrobatics, Arcana, Insight, History, Perception, Religion	Coldres, poisonres, nonmagicalres, fireimmu, nonmagicalimmu, eptrifiedimmu, acidres, coldres, lightningres, poisonimmu, charmedimmu, frightenedimmu, poisonedimmu	Truesight 180	All, telepathy 240	Banishment, Innate SPellcasting, Legendary Resistance, Limited Magic Immunity, Magic Weapons, Lord of Flies, Biter																		
Dragon, Wyrm, Great, Blue	Gargantuan	Dragon	31		Epic Monsters (★)	u/Dave2oo8	820	26	80, climb 70, fly 300	LE	32	10	30	21	20	24	STR, DEX, CON, INT, WIS, CHA	Acrobatics, Arcana, Athletics, History, Insight, Investigation, Perception, Persuasion	Nonmagicalres, nonmagicalimmu, coldres, forceres, thunderres, lightningimmu	Blindsight 120, darkvision 300, truesight 50	Auran, Common, Draconic, Giant, Infernal, Primordial	Colossal, Great Dragon's Aura, Great Dragon's Might, Great Dragon Scales, Innate Spellcasting, Limited Magic Immunity, Magic Weapons, Regeneration, Siege Monster, Unstoppable, Static Charge																		
Dragon, Wyrm, Great, Silver	Gargantuan	Dragon	31		Epic Monsters (★)	u/Dave2oo8	838	26	80, climb 70, fly 300	LG	33	12	32	21	18	26	STR, DEX, CON, INT, WIS, CHA	Arcana, Athletics, Perception, Stealth	Nonmagicalres, nonmagicalimmu, forceres, poisonres, psychicres, coldimmu, petrifiedimmu, frightenedimmu	Blindsight 120, darkvision 240, truesight 60	Auran, Celestial, Common, Draconic, Dwarvish, Giant	Colossal, Great Dragon's Aura, Great Dragon's Might, Great Dragon Scales, Innate Spellcasting, Limited Magic Immunity, Magic Weapons, Regeneration, Siege Monster, Unstoppable, Frostbite, Legendary																		
Intermediate God, Tharizdun (Imprisoned)	Huge	Humanoid	31		Epic Monsters (★)	u/Dave2oo8	620	31	fly 120	CE	26	28	28	34	30	34	DEX, INT, WIS, CHA	Stealth, insight, Perception, Deception, Persuasion	Acidres, coldres, fireres, lightningres, thudneres, forceimmu, poisonimmu, grappledimmu, paralyzedimmu, proenimmu, restrainedimmu	Truesight 240	All, telepathy 500	Lord of Annihilation, Innate Spellcasting, Regeneration, Wraith Form																		
Kyuss	Huge	Undead	31		Epic Monsters (★)	u/Dave2oo8	792	25	60	CE	28	24	30	32	30	26	STR, DEX, CON, INT, WIS, CHA	Arcana, History, Intimidation, Perception, Stealth	Fireres, nonmagicalres, coldimmu, necrotimmmu, nonmagicalimmu, charmedimmu, grappledimmu, exhaustionimmu, frightenedimmu, paralyzedimmu	Truesight 300	All, telepathy 300	Discorporation, Innate Spellcasting, Legendary Resistance, Magic Absorption, Magic Weapons, Normal Spellcasting, Swarm Form, Withering Touch																		
Lesser God, Tiamat Avatar	Gargantuan	Fiend	31		Epic Monsters (★)	u/Dave2oo8	820	25	60, climb 60, fly 200, swim 60	LE	32	10	30	26	26	28	STR, DEX, CON, WIS, CHA	Arcana, Athletics, Intimidation, History, Insight, perception, Religion	Nonmagicalres, nonmagicalimmu, charmedimmu, petrifiedimmu, exhaustionimmu, forceres, encroticres, psychicres, radiantres, thunderres, acidimmu, coldimmu, fireimmu, lightningimmu, poisonimmu, blindedimmu, charmedimmu, deafenedimmu, frightenedimmu, poisonedimmu, stunnedimmu	Darkvision 240, truesight 120	Common, Draconic, Infernal, telepathy 120	Discorporation, Divine Might, Innate Spellcasting, Legendary Resistance, Limited Magic Immunity, Magic Weapons, Regeneration, Colossal, Multiple Heads, Siege Monster																		
Prince Talisid	Large	Celestial	31		Epic Monsters (★)	u/Dave2oo8	912	29	50	NG	32	30	28	30	30	32	DEX, CON, WIS, CHA	Athletics, Insight, Perception	Nonmagicalres, nonmagicalimmu, petrifiedimmu, poisonres, radiantimmu, charmedimmu, frightenedimmu, exaustionimmu	Truesight 260	All, telepathy 600	Banishment, Celestial Weapons, Innate Spellcasting, Legendary Resistance, Limited Magic Immunity, Animal Diplomat, Feline Constitution, Guardian Stance, Keen Smell, Lion Totem, Magic Resistance, Magic Weapons																		
Rillifane Rallathil	Gargantuan	Plant	31		Epic Monsters (★)	u/Dave2oo8	1178	28	100	N	35	6	32	24	28	20	DEX, CON, WIS, CHA	Arcana, Nature, Perception, Survival	Coldres, nonmagicalres, psychicimmu, deafenedimmu, petrifiedimmu	Truesight 960	Common, Druidic, Elvish, Sylvan, telepathy 5000	Colossal, Evergreen, False Appearance, Forest Lord, Innate Spellcasting, Limited Magic Immunity, Magic Weapons, Rooted, Siege Monster,  Trample, Unstoppable																		
The Court of Stars, Morwel	Medium	Celestial	31		Epic Monsters (★)	u/Dave2oo8	810	29	40, fly 300	CG	32	30	30	30	30	32	DEX, CON, WIS	Athletics, Perception, Persuasion	Nonmagicalres, nonmagicalimmu, petrifiedimmu, grappledimmu, paralyzedimmu, proneimmu, restrainedimmu	Truesight 240	All, telepathy 500	Banishment, Celestial Weapons, Innate Spellcasting, Legendary Resistance, Limited Magic Immunity, Song of Rest, Infusion, Triumphant Dawn, Otherworldly Beauty																		
The Hebdomad, Zaphkiel	Large	Celestial	31		Epic Monsters (★)	u/Dave2oo8	945	29	60, fly 120	LG	32	28	32	30	30	32	DEX, CON, WIS	Athletics, Intimidation, Perception	Nonmagicalres, nonmagicalimmu, petrifiedimmu, acidres, psychicres, coldimmu, radiantimmu, restrainedimmu	Truesight 240	All, telepathy 500	Aura of Menace, Banishment, Celestial Weapons, Innate Spellcasting, Legendary Resistance, Limited Magic Immunity, Turn Undead, Celestial Aura, Sacrifice's Reward, Stigmata, Water and the Word																		
Thediem, Master of Everything	Medium	Humanoid (God)	31		Single (★★★)	u/subjectivesloth	615	20	50, fly 50	U	30	30	30	30	30	30	STR, DEX, CON, INT, WIS, CHA	Perception	Necroticimmu, radiantimmu, nonmagicalimmu, charmedimmu, frightenedimmu, paralyzedimmu, petrifiedimmu, restrainedimmu, stunnedimmu	Blindsight 60, darkvision 120, truesight 30	All, telepathy 120	Control Over Fate, Hidden Rolls, Innate Psionics, Legendary Resistance, Overpowering Initiative, Perfect Stats, Screen of Thediem																		
Calem, The Sun Emperor	Large	Celestial	31		The Solar Compendium (★)	u/Blacklight85	752	22	50, fly 150	LG	28	28	28	24	24	30	STR, CON, WIS, CHA	Perception, Arcana, History, Insight, Religion	Radiantres, nonmagicalres, fireimmu, necroticimmu, poisonimmu, charmedimmu, exhaustionimmu, frightenedimmu, poisonedimmu, blindedimmu	Truesight 120	All, telepathy 120	Divine Awareness, Innate Spellcasting, Legendary Resistance, Magic Resistance, Solar Sight, Sun Aura, Sun-Imbued Weapons, Wings of Icarus, Lair																		
Zadacrel, The Prayer of a Thousand	Large	Celestial	31		The Solar Compendium (★)	u/Blacklight85	930	24	50, fly 150	LG	20	20	30	20	20	36	CON, INT, WIS, CHA	Perception, Arcana, History, Insight, Religion	Radiantres, necroticimmu, poisonimmu, nonmagicalimmu, charmedimmu, exhaustionimmu, frightenedimmu, poisonedimmu, blindedimmu	Truesight 120	All, telepathy 120	Divine Awareness, Innate Spellcasting, Legendary Resistance, Magic Resistance, Merciful Weapons, Solar SIght, The Arms of the Merciful, Wishful Prayer, Lair																		
Demon Lord, Dagon	Gargantuan	Fiend	32		Epic Monsters (★)	u/Dave2oo8	1200	22	20, swim 120	CE	33	10	30	32	28	16	STR, CON, INT, WIS	Arcana, Athletics, Deception, History, Insight, Perception, Religion, Survival	Coldres, fireres, lightningres, poisonres, nonmagicalres, nonmagicalimmu, charmedimmu, exhaustionimmu, frightenedimmu, poisonedimmu, acidres, psychicimmu	Truesight 480	All, telepathy 480	Banishment, Innate Spellasting, Legendary Resistance, Limited Magic Immunity, Magic Weapons, Amphibious, Charge, Colossal, Lord of the Depths, Regeneration, Siege Monster																		
Demon Lord, Miska the Wolf Spider	Huge	Fiend	32.00		Epic Monsters (★)	u/Dave2oo8	1012	28	50, climb 50	CE	30	28	32	22	24	30	STR, DEX, CON, WIS, CHA	Acrobatics, Athletics, Intimidation, Perception	Coldres, fireres, lightningres, poisonres, nonmagicalres, nonmagicalimmu, charmedimmu, exhaustionimmu, frightenedimmu, poisonedimmu, thunderres, poisonimmu	Truesight 240	Abyssal, Common, Primordial, telepathy 240	Banishment, Innate Spellasting, Legendary Resistance, Limited Magic Immunity, Magic Weapons, Prince of Vengeance, Spider Climb, Three Heads, Web Walker																		
Demon Lord, Obox-Ob	Huge	Fiend	32		Epic Monsters (★)	u/Dave2oo8	966	30	50, climb 50	CE	30	20	32	26	24	30	STR, DEX, CON, WIS, CHA	Athletics, Intimidation, Perception, Stealth	Coldres, fireres, lightningres, poisonres, nonmagicalres, nonmagicalimmu, charmedimmu, exhaustionimmu, frightenedimmu, poisonedimmu, poisonimmu	Truesight 240	All, telepathy 480	Banishment, Innate Spellasting, Legendary Resistance, Limited Magic Immunity, Magic Weapons, Discordant Drone, Lord of Vermin, Regeneration, Spider Climb, Trample																		
Demon Lord, Pazuzu	Large	Fiend	32		Epic Monsters (★)	u/Dave2oo8	855	31	40, fly 240	CE	28	32	28	30	30	30	DEX, CON, WIS, CHA	Arcana, Deception, Insight, Perpcetion, Persuasion, Sleight of Hand, Stealth	Coldres, fireres, lightningres, poisonres, nonmagicalres, nonmagicalimmu, charmedimmu, exhaustionimmu, frightenedimmu, poisonedimmu, acidres, lightningimmu, poisonimmu	Truesight 240	All, telepathy 500	Banishment, Innate Spellasting, Legendary Resistance, Limited Magic Immunity, Magic Weapons, Aura of Servile Avians, Shapechanger																		
Devil, Arch, Mephistopheles	Large	Fiend	32		Epic Monsters (★)	u/Dave2oo8	945	29	40, fly 80	LE	29	30	32	31	30	34	STR, DEX, INT, WIS, CHA	Arcana, Deception, Insight, Intimidation, Perception, Persuasion, Religion	Coldres, poisonres, nonmagicalres, fireimmu, nonmagicalimmu, eptrifiedimmu, necroticres, poisonimmu, charmedimmu, exhaustionimmu, frightenedimmu, poisonedimmu, acidres, lightningres, coldimmu, poisonimmu, charmedimmu, exhaustionimmu, frightenedimmu	Truesight 240	All, telepathy 240	Banishment, Innate SPellcasting, Legendary Resistance, Limited Magic Immunity, Magic Weapons, Fire Aura, Lord of Hellfire, Normal Spellcasting																		
Dragon, Wyrm, Great, Gold	Gargantuan	Dragon	32		Epic Monsters (★)	u/Dave2oo8	881	27	80, climb 70, fly 280	LG	33	12	32	22	20	31	STR, DEX, CON, INT, WIS, CHA	Arcana, Athletics, Intimidation, History, Insight, Perception, Persuasion, Stealth	Nonmagicalres, nonmagicalimmu, forceres, poisonres, radiantres, fireimmu, charmedimmu, frightenedimmu, poisonedimmu	Blindsight 120, darkvision 280, truesight 90	Celestial, Common, Draconic, Elvish, Giant, Ignan	Colossal, Great Dragon's Aura, Great Dragon's Might, Great Dragon Scales, Innate Spellcasting, Limited Magic Immunity, Magic Weapons, Regeneration, Siege Monster, Unstoppable, Amphibious, Ignite, Legendary																		
Dragon, Wyrm, Great, Red	Gargantuan	Dragon	32		Epic Monsters (★)	u/Dave2oo8	903	27	80, climb 70, fly 300	CE	33	10	32	21	18	26	STR, DEX, CON, INT, WIS, CHA	Athletics, Intimidation, Insight, Perception, Persuasion, Stealth	Nonmagicalres, nonmagicalimmu, forceres, poisonres, lightningres, fireimmu	Blindsight 120, darkvision 270, truesight 60	Abyssal, Common, Draconic, Giant, Ignan, Primordial	Colossal, Great Dragon's Aura, Great Dragon's Might, Great Dragon Scales, Innate Spellcasting, Limited Magic Immunity, Magic Weapons, Regeneration, Siege Monster, Unstoppable, Brute, Ignite, Legendary																		
Eldritch Titan, Kozilek, Butcher of Truth	Gargantuan	Aberration	32		Epic Monsters (★)	u/Dave2oo8	1102	25	60, swim 40	CE	33	10	28	26	26	26	STR, DEX, CON, WIS, CHA	Arcana, Athletics, Perception	Nonmagicalres, nonmagicalimmu, exhausitonimmu, frightenedimmu, acidres, coldres, fireres, lightningres, psychicimmu, charmedimmu	Blindsight 240, truesight 120	Telepathy 400	Banishment, Colossal, Innate SPellcasting, Magic Weapons, Old Ones, Regeneration, Siege Monster, Unstoppable, Warp Reality, Aura of Lies, Mindbreaker Savant, Shatter the Mind, Legendary																		
Primordial, Piranoth	Gargantuan	Giant	32		Epic Monsters (★)	u/Dave2oo8	4128	VARIES	600	NE	42	12	34	20	24	28	STR, DEX, CON, WIS, CHA	Athletics, Intimidation	Nonmagicalres, nonmagicalimmu, charmedimmu, exhaustionimmu, frightenedimmu, coldimmu, fireimmu	Darkvision 1 mile, truesight 1200 ft	Common, Giant, Primordial	Colossal, Colossal Parts, innate Spellcasting, Legendary Resistance, Limited Magic Immunity, Magic Weapons, Primordial Might, Primordial Slumber, Regeneration, Siege Monster, Chaos Jump, Earth Shift, Triple Mind, Cloud of Elemental Chaos																		
Ounzair, the Lich King	Medium	Undead	32		Ounzair (★)	u/Blacklight85	747	27	40	LE	26	22	24	34	26	22	STR, CON, INT, WIS, CHA	Perception, Arcana, History, Nature, Religion	Acidres, coldres, fireres, forceres, lightningres, necroticimmu, poisonimmu, nonmagicalimmu, charmedimmu, exhausiton	Truesight 300	All, telepathy 120	Legendary Resistance, Marshal Undead, Magic Resistance, Magic Weapons, Rejuvenation, Special Equipment, Normal Spellcasting, Undead Nature, Lair																		
Adithar, The Soul-Seeker	Large	Celestial	32		The Solar Compendium (★)	u/Blacklight85	1085	22	50, fly 150	LG	20	20	30	30	30	30	STR, DEX, CON, INT, WIS, CHA	Perception, Arcana, History, Insight, Religion	Forceres, necroticimmu, poisonimmu, radiantimmu, nonmagicalimmu, charmedimmu, exhaustionimmu, frightenedimmu, poisonedimmu, blindedimmu	Truesight 120	All, telepathy 120	Divine Awareness, Infinity Box, Innate SPellcasting, Legendary Resistance, Magic Resistance, Solar Sight, Soul Magnet, Soul-Strenghtened Angelic Weapons, Soul Borrow, Lair																		
Namar, The Voracious Gourmandizer	Large	Celestial	32		The Solar Compendium (★)	u/Blacklight85	930	23	50, fly 150	LG	30	24	30	24	24	30	STR, DEX, CON, WIS	Perception, Arcana, History, Insight, Religion, Nature	Radiantres, necroticimmu, poisonimmu, nonmagicalimmu, charmedimmu, exhaustionimmu, frightenedimmu, poisonedimmu, blindedimmu	Truesight 120	All, telepathy 120	Angelic Weapons, Brute, Caladbolg, Danger Sense, Divine Awareness, Divine Rage, Innate Spellcasting, Legendary Resistance, Magic Resistance, Solar Sight, Lair																		
Taciax, The Hand of Death	Large	Celestial	32		The Solar Compendium (★)	u/Blacklight85	852	23	50, fly 150	N	30	25	30	25	25	30	STR, DEX, CON, INT, WIS, CHA	Perception, Arcana, History, Insight, Religion, Nature	Psychicres, necroticimmu, poisonimmu, radiantimmu, nonmagicalimmu, charmedimmu, exhaustionimmu, frightenedimmu, poisonedimmu, blindedimmu	Truesight 120	All, telepathy 120	Divine Awareness, Innate Spellcasting, Legendary Resistance, Magic Resistance, Solar Sight, Pure Wings, Reaper's Step, Weapons of the Repaer, Lair																		
Ashardalon	Gargantuan	Dragon	33		Epic Monsters (★)	u/Dave2oo8	987	27	80, climb 70, fly 300	CE	33	10	32	22	17	26	STR, DEX, CON, INT, WIS, CHA	Arcana, Athletics, Intimidation, Insight, Perception, Persuasion, Stealth	Forceres, poisonres, nonmagicalres, fireimmu, lightningimmu, nonmagicalimmu	Blindsight 120, darkvision 270, truesight 60	Abyssal, Common, Draconic, Giant, Ignan, Primordial	Brute, Death Throes, Colossal, Charged Flames, Great Dragon's Aura, Great Dragon's Might, Great Dragon's Scales, Innate Spellcasting, Limited Magic Immunity, Magic Weapons, Savage Attacker, Siege Monster, Unstoppable, Legendary																		
Colossus, Iron	Gargantuan	Construct	33		Epic Monsters (★)	u/Dave2oo8	1075	31	80	U	35	10	32	3	15	20	STR, CON, WIS	None	Nonmagicalres, fireimmu, poisonimmu, psychicimmu, nonmagicalimmu, charmedimmu, exhausitonimmu, frightenedimmu, apralyzedimmu, petrifiedimmu, poisonedimmu	Darkvision 240	Creator	Colossal, Colossal Resistance, Fire Absorption, Immutable Form, Iron Body, Magic Resistance, Magic Weapons, Siege Monster																		
Eldritch Titan, Ulamog, Ceaseless Hunger	Gargantuan	Aberration	33		Epic Monsters (★)	u/Dave2oo8	1302	25	60, swim 40	CE	35	10	33	25	26	28	STR, DEX, CON, WIS, CHA	Arcana, Athletics, Perception	Nonmagicalres, nonmagicalimmu, exhausitonimmu, frightenedimmu, acidres, coldres, fireres, lightningres, psychicimmu, charmedimmu	Truesight 120	Own, telepathy 500	Banishment, Colossal, Innate SPellcasting, Magic Weapons, Old Ones, Regeneration, Siege Monster, Unstoppable, Warp Reality, Scour from Existence, Legendary																		
Intermediate God, Torog	Huge	Humanoid	33		Epic Monsters (★)	u/Dave2oo8	1300	24	50, climb 50	NE	32	20	38	32	30	24	STR, DEX, CON, WIS, CHA	Athletics, Insight, Intimidation, Perception	Nonmagicalres, nonmagicalimmu, charmedimmu, frightenedimmu, petrifiedimmu, exhaustionimmu, acidres, fireres, lightningres, poisonimmu, psychicimmu, poisonedimmu, proneimmu	Tremorsense 960, truesight 480	All, telepathy 500	Discorporation, Divine Might, Innate Spellcasting, Legendary Resistance, Limited Magic Immunity, Magic Weapons, Regeneration, Crawling Blood, Shared Torture, Two Weapon Fighting																		
Nicol Bolas	Gargantuan	Dragon	33.00		Epic Monsters (★)	u/Dave2oo8	903	29	80, climb 70, fly 280	NE	33	12	32	24	20	31	STR, DEX, CON, INT, WIS, CHA	Arcana, Athletics, Intimidation, History, Insight, Perception, Persuasion, Stealth	Forceres, poisonres, radiantres, nonmagicalres, fireimmu, nonmagicalimmu, charmedimmu, frightenedimmu, poisonedimmu	Blindsight 120, darkvision 280, truesight 90	Celestial, Common, Draconic, Elvish, Giant, Ignan	Amphibious, Arcane Master, Colossal, Great Dragon's Aura, Great Dragon's Might, Great Dragon's Scales, Ignite, Innate Spellcasting, Limited Magic Immunity, Maddening Touch, Magic Weapons, Regeneration, Siege Monster, Unstoppable, Legendary																		
Primordial, Lady of Pain	Huge	Humanoid	33.00		Epic Monsters (★)	u/Dave2oo8	1100	24	40, fly 40	LN	30	30	30	30	26	30	STR, DEX, CON, INT, WIS, CHA	Arcana, Insight, Intimidation, Investigation, Perception, Stealth	Nonmagicalres, nonmagicalimmu, charmedimmu, exhaustionimmu, frightenedimmu, fireres, forceres, thunderres, coldimmu, poisonimmu,paralyzedimmu, petrifiedimmu, poisonedimmu	Truesight 120	All, telepathy 1200	Colossal Parts, innate Spellcasting, Legendary Resistance, Limited Magic Immunity, Magic Weapons, Primordial Might, Primordial Slumber, Regeneration, Siege Monster, Agonizing Pain, Inscrutable, Shadow of Pain,  Lair																		
Devil, Arch, Asmodeus	Large	Fiend	34		Epic Monsters (★)	u/Dave2oo8	1098	30	40, fly 80	LE	32	28	33	33	32	36	STR, DEX, INT, WIS, CHA	Arcana, Perception, Religion	Coldres, poisonres, nonmagicalres, fireimmu, nonmagicalimmu, eptrifiedimmu, necroticres, poisonimmu, charmedimmu, exhaustionimmu, frightenedimmu, poisonedimmu	Truesight 240	All, telepathy 240	Banishment, Innate SPellcasting, Legendary Resistance, Limited Magic Immunity, Magic Weapons, Authority of Nessus, Ruby Rod																		
Eldritch Titan, Cthulhu	Gargantuan	Aberration	34		Epic Monsters (★)	u/Dave2oo8	1178	28	60, swim 120, fly 60	CE	34	10	32	28	26	34	STR, CON, INT, WIS, CHA	Arcana, Athletics, Perception, Religion	Nonmagicalres, nonmagicalimmu, exhausitonimmu, frightenedimmu, acidres, bludgeoningres, coldres, lightningres, thunderres, poisonimmu, psychicimmu, blindedimmu, charmedimmu, deafenedimmu, apralyzedimmu, petrifiedimmu, poisonedimmu	Darkvision 480, truesight 480	Deep Speech, telepathy 1000	Banishment, Colossal, Innate SPellcasting, Magic Weapons, Old Ones, Regeneration, Siege Monster, Unstoppable, Warp Reality, Amorphous, Amphibious, Ravenous, Legendary																		
Intermediate God, Lolth	Huge	Monstrosity	34		Epic Monsters (★)	u/Dave2oo8	900	32	80, climb 80	CE	26	28	26	34	33	32	STR, DEX, CON, INT, WIS, CHA	Arcana, Insight, Perception, Religion, Stealth	Nonmagicalres, nonmagicalimmu, charmedimmu, frightenedimmu, petrifiedimmu, exhaustionimmu, coldres, lightningres, poisonimmu, paralyzedimmu, poisonedimmu	Darkvision 240, truesight 240	Elvish, Common, Undercommon, telepathy 120	Discorporation, Divine Might, Innate Spellcasting, Legendary Resistance, Limited Magic Immunity, Magic Weapons, Regeneration, Shapechanger, Spider Climb, Spider Queen's poison, Web Walker																		
Intermediate God, Moonshadow Phantasm	Medium	Humanoid	34.00		Epic Monsters (★)	u/Dave2oo8	38	23	80, fly 160	CG	18	28	20	19	24	24	None	None	Necroticres, coldimmu, poisonimmu, radiantimmu, paralyzedimmu	Darkvision 120	All, telepathy 1200	Innate Spellcasting, Limited Magic Immunity, Magic Weapons, Moon Glow Aura																		
Intermediate God, Raven Queen	Large	Humanoid	34		Epic Monsters (★)	u/Dave2oo8	882	32	80, fly 200	N	26	28	32	30	34	28	STR, DEX, WIS, CHA	Acrobatics, History, Perception, Religion	Nonmagicalres, nonmagicalimmu, charmedimmu, frightenedimmu, petrifiedimmu, exhaustionimmu, psychicres, coldimmu, necroticimmu, poisonimmu	Truesight 1000	All, telepathy 500	Discorporation, Divine Might, Innate Spellcasting, Legendary Resistance, Limited Magic Immunity, Magic Weapons, Regeneration, Bane of Undeath, Chains of Fate, Chilling Aura, Master of Fate, Spell Recall, WIll of Death																		
Intermediate God, Sehanine / Selûne	Medium	Humanoid	34		Epic Monsters (★)	u/Dave2oo8	960	30	80, fly 160	CG	28	28	34	29	34	34	STR, DEX, CON, WIS, CHA	Acrobatics, Arcana, Deception, Insight, nature, Perception, Persuasion, Sleight of Hand, Stealth	Nonmagicalres, nonmagicalimmu, charmedimmu, frightenedimmu, petrifiedimmu, exhaustionimmu, necroticres, coldimmu, poisonimmu, radiantimmu, paralyzedimmu	Darkvision 50 miles, truesight 800	All, telepathy 500	Discorporation, Divine Might, Innate Spellcasting, Legendary Resistance, Limited Magic Immunity, Magic Weapons, Regeneration, Lycanthrope Mastery, Moon Glow Aura																		
Primordial, Timesus	Gargantuan	Elemental	34		Epic Monsters (★)	u/Dave2oo8	2697	VARIES	200, fly 200	NE	37	10	33	20	25	29	STR, CON, WIS, CHA	Arcana, Athletics, Intimidation	Nonmagicalres, nonmagicalimmu, charmedimmu, exhaustionimmu, frightenedimmu, fireres, lightningres, forceimmu, poisonimmu, petrifiedimmu	Blindsight 1000, tremorsense 800	Primordial	Colossal, Colossal Parts, innate Spellcasting, Legendary Resistance, Limited Magic Immunity, Magic Weapons, Primordial Might, Primordial Slumber, Regeneration, Siege Monster, Black Star Aura, Dust of Days, Trample																		
Baak	Gargantuan	Construct	35		Epic Monsters (★)	u/Dave2oo8	1020	30	0	U	40	0	40	0	0	0	STR, CON	None	Allres, poisonimmu, psychicimmu, nonmagicalimmu, allimmu	Blindsight 1000	None	Guardian Magic, Innate Spellcasting, Limited Magic Immunity, Regenerate, Siege MOnster																		
Intermediate God, Avandra	Medium	Humanoid	35		Epic Monsters (★)	u/Dave2oo8	810	31	80	CG	30	30	30	27	36	32	DEX, CON, WIS, CHA	History, Insight, Perception	Nonmagicalres, nonmagicalimmu, charmedimmu, frightenedimmu, petrifiedimmu, exhaustionimmu, paralyzedimmu, poisonedimmu	Truesight 240	Common, Elvish, Sylvan, telepathy 200	Discorporation, Divine Might, Innate Spellcasting, Legendary Resistance, Limited Magic Immunity, Magic Weapons, Regeneration, Goddess of Freedom, Goddess of Luck, Mistress of Fortune, Staff of Fortune																		
Intermediate God, Kord	Huge	Humanoid	35		Epic Monsters (★)	u/Dave2oo8	1140	28	100	CG	42	30	35	24	26	26	STR, DEX, CON, CHA	Acrobatics, Athletics, Intimidate, Perception	Nonmagicalres, nonmagicalimmu, charmedimmu, frightenedimmu, petrifiedimmu, exhaustionimmu, coldres, thunderres, poisonres, lightningimmu, poisonedimmu	Truesight 200	Common, Dwarvish, Giant, Draconic, telepathy 80	Discorporation, Divine Might, Innate Spellcasting, Legendary Resistance, Limited Magic Immunity, Magic Weapons, Regeneration, Kelmar, God of Strenght, Ferocious Attack, Champion's Aura																		
Intermediate God, Melora	Gargantuan	Humanoid	35		Epic Monsters (★)	u/Dave2oo8	1160	32	80, climb 80, fly 80, swim 80	NG	32	30	29	26	36	30	STR, DEX, CON, WIS, CHA	Athletics, Animal Handling, Nature, Perception, Survival	Nonmagicalres, nonmagicalimmu, charmedimmu, frightenedimmu, petrifiedimmu, exhaustionimmu, coldres, thunderres, lightningres, radiantres, poisonimmu, poisonedimmu	Truesight 240	Common, Elvish, Sylvan, Primordial, telepathy 120	Discorporation, Divine Might, Innate Spellcasting, Legendary Resistance, Limited Magic Immunity, Magic Weapons, Regeneration, Shape of the Wild, Spear of the Wilds																		
Intermediate God, Vecna	Medium	Undead	35		Epic Monsters (★)	u/Dave2oo8	840	28	60, fly 60	NE	26	30	35	38	30	31	DEX, CON, INT, WIS	Arcana, History, Insight, Perception	Nonmagicalres, nonmagicalimmu, charmedimmu, frightenedimmu, petrifiedimmu, exhaustionimmu, lightningres, coldimmu, necroticimmu, poisonimmu, paralyzedimmu, poisonedimmu	Truesight 240	All, telepathy 240	Discorporation, Divine Might, Innate Spellcasting, Legendary Resistance, Limited Magic Immunity, Magic Weapons, Regeneration, Undead Caster, Lord of the Dead, The Eye and Hand of Vecna, Banishing Touch, Hand of Death, Finger of Death, COrpus Liquiface																		
Primordial, Solkara	Gargantuan	Elemental	35.00		Epic Monsters (★)	u/Dave2oo8	5888	VARIES	300	CE	36	18	35	19	25	33	DEX, CON, INT, WIS, CHA	Arcana, Athletics, Investigation, insight, History, Perception	Nonmagicalres, nonmagicalimmu, charmedimmu, exhaustionimmu, frightenedimmu, forceres, necroticres, fireimmu, petrifiedimmu	Truesight 6000	All, telepathy 1000	Colossal, Colossal Parts, innate Spellcasting, Legendary Resistance, Limited Magic Immunity, Magic Weapons, Primordial Might, Primordial Slumber, Regeneration, Siege Monster, Savage Attacker, Cumbersome Tide, Trample																		
Shen	Gargantuan	Dragon	35		Epic Monsters (★)	u/Dave2oo8	1215	28	100, climb 80, fly 300, swim 100	LE	35	10	34	20	22	28	STR, DEX, CON, INT, WIS, CHA	Athletics, Intimidation, Perception, Persuasion, Stealth	Coldres, forceres, thudnerres, nonmagicalres, acidimmu, lightningimmu, necroticimmu, nonmagicalimmu, charmedimmu, exhaustionimmu, frightenedimmu, paralyzedimmu, petrifiedimmu, poisonedimmu	Blindsight 180, darkvision 300, truesight 90	Abyssal, Common, Draconic, Infernal, Primordial	Colossal, Doom's Might, Exarch of Tiamat, Doom's Scales, Innate Spellcasting, Limited Magic Immunity, Magic Weapons, Regeneration, Shadow of Doom, Siege Monster, Unstoppable, Legendary																		
Magnus, The First Scholar	Large	CElestial	35		The Solar Compendium (★)	u/Blacklight85	1365	20	50, fly 150	LG	20	20	20	34	32	32	STR, DEX, CON, INT, WIS, CHA	Perception, Arcana, History, Insight, Religion	Necroticimmu, poisonimmu, radiantimmu, nonmagicalimmu, charmedimmu, exhaustionimmu, frightenedimmu, poisonedimmu, blindedimmu	Truesight 120	All, telepathy 120	Absolute Mastery of Magic, Divine Truth, Innate Spellasting, Legendary Resistance, Magic Resistance, Solar Sight, The First Scholar, Lair																		
Abomination, Hecatoncheires	Gargantuan	Monstrosity	36		Epic Monsters (★)	u/Dave2oo8	1332	23	300	U	36	13	30	19	22	25	STR, CON, WIS, CHA	Athletics, Intimidation, Perception	Forceres, radiantres, thunderres, lightningimmu, nonmagicalimmu, poisonedimmu	Truesight 1000	All, telepathy 1200	Legendary, Colossal, Fragmented Strenght, Immutable Form, Innate Spellcasting, Limited Magic IMmunity, Magic Weapons, Multiple HEads, Multiple Limbs, Reactive, Siege Monster, Trample, Unstoppable																		
Eldritch Titan, Ityak-Ortheel, the Elf Eater	Gargantuan	Aberration	36		Epic Monsters (★)	u/Dave2oo8	1200	30	90, swim 40	CE	34	14	30	6	20	24	STR, DEX, CON, WIS, CHA	Athletics	Nonmagicalres, nonmagicalimmu, exhausitonimmu, frightenedimmu, lightningres, piercingres, thunderres, acidimmu, coldimmu, poisonimmu, charmedimmu, poisonedimmu, petrificationimmu	Blindsight 240	All	Banishment, Colossal, Innate SPellcasting, Magic Weapons, Old Ones, Regeneration, Siege Monster, Unstoppable, Warp Reality, Sense Life, Trampling Legs, Writhing Tentacles, Legendary																		
Eldritch Titan, Shub-Niggurath	Gargantuan	Aberration	36		Epic Monsters (★)	u/Dave2oo8	1400	25	60, climb 60, fly 60	CE	32	16	40	34	30	35	STR, DEX, CON, INT, WIS, CHA	Arcana, Athletics, History, Intimidation, Perception, Religion	Nonmagicalres, nonmagicalimmu, exhausitonimmu, frightenedimmu, fireres, lightningres, thudnerres, poisonimmu, psychicimmu, charmedimmu, paralyzedimmu, petrifiedimmu, poisonedimmu, proneimmu	Truesight 600	All, telepathy 1200	Banishment, Colossal, Innate SPellcasting, Magic Weapons, Old Ones, Regeneration, Siege Monster, Unstoppable, Warp Reality, Alien Mind, All-Around Sense, Amorphous, Gibbering, Reactive, Legendary																		
Greater God, Erathis	Large	Humanoid	36		Epic Monsters (★)	u/Dave2oo8	1188	35	60, burrow 40, fly 60	LN	34	30	35	32	36	30	STR, DEX, CON, INT, WIS, CHA	Arcana, History, Investigation, Insight, Nature, Perception, Religion	Nonmagicalres, nonmagicalimmu, charmedimmu, deafenedimmu, frightenedimmu, petrifiedimmu, poisonedimmu, exhaustionimmu, coldres, fireres, forceres, lightningres, psychicimmu, radiantimmu, blinededimmu, paralyzedimmu, stunnedimmu	Truesight 1000	All, telepathy 1200	Discorporation, Divine Might, Divine Reflexes, Innate Spellcasting, Legendary Resistance, limited Magic Immunity, Magic Weapons, Regeneration, Aura of Law, Polearm Master																		
Greater God, Garl Glittergold	Small	Humanoid	36		Epic Monsters (★)	u/Dave2oo8	900	33	60, climb 40	NG	31	38	34	39	34	37	STR, DEX, CON, INT, WIS, CHA	Arcana, History, Insight, Deception, Medicine, Perception, Religion, Stealth	Nonmagicalres, nonmagicalimmu, charmedimmu, deafenedimmu, frightenedimmu, petrifiedimmu, poisonedimmu, exhaustionimmu, lightningres, psychicres, thudnerres, coldimmu, necroticimmu, poisonimmu	Truesight 300	All, telepathy 800	Discorporation, Divine Might, Divine Reflexes, Innate Spellcasting, Legendary Resistance, limited Magic Immunity, Magic Weapons, Regeneration, Artificer's Lore, Evasion, Cunning, Master Tinker, Reactive, Speak with Animals, Uncanny Dodge																		
Greater God, Yondalla	Small	Humanoid	36		Epic Monsters (★)	u/Dave2oo8	912	34	60	NG	30	40	37	40	37	35	STR, DEX, CON, INT, WIS, CHA	Acrobatics, Arcana, Investigation, Medicine, Nature, Percepton, Persuasion, Religion, Slieght of Hand, Atealth	Nonmagicalres, nonmagicalimmu, charmedimmu, deafenedimmu, frightenedimmu, petrifiedimmu, poisonedimmu, exhaustionimmu, acidres lightningres, psychicres, poisonimmu, blindedimmu, paralyzedimmu, poisonedimmu	Blindsense 120, truesight 300	All, telepathy 800	Discorporation, Divine Might, Divine Reflexes, Innate Spellcasting, Legendary Resistance, limited Magic Immunity, Magic Weapons, Regeneration, Cunning Action, Elusive, Evasion, Halfling Traits, Reliable Talent, Sneak Attack, Stealthy, Stroke of Luck, Two Weapon Fighter, Uncanny DOdge																		
Greater God, Zehir	Huge	FIend	36		Epic Monsters (★)	u/Dave2oo8	1080	32	80, climb 80, swim 80	CE	30	34	34	28	28	34	STR, DEX, CON, WIS	Athletics, Intimidation, Perception	Acidres, fireres, poisonimmu, paralyzedimmu, proneimmu, stunnedimmu, radiantweak	Darkvision 240, truesight 240	All, telepathy 500	Aura of Zehir, Divine Venom, God of Darkness, Innate Spellcasting, Shapechanger, Master Assassin																		
Intermediate God, Alduin	Gargantuan	Dragon	36		Epic Monsters (★)	u/Dave2oo8	1240	29	80, climb 80, fly 250	NE	35	17	33	28	28	32	STR, DEX, CON, INT, WIS, CHA	Athletics, History, Intimidation, Perception	Nonmagicalres, nonmagicalimmu, charmedimmu, frightenedimmu, petrifiedimmu, exhaustionimmu, coldimmu, fireimmu, poisonedimmu	Darkvision 240, truesight 120	Common, Draconic, telepathy 500	Discorporation, Divine Might, Innate Spellcasting, Legendary Resistance, Limited Magic Immunity, Magic Weapons, Regeneration, Elemental Aura, Colossal, Elder Scales, Siege Monster																		
Primordial, Balcoth	Gargantuan	Elemental	36		Epic Monsters (★)	u/Dave2oo8	4128	VARIES	300	CE	38	12	35	34	28	33	DEX, CON, INT, WIS, CHA	Arcana, Athletics, Investigation, insight, History, Perception	Nonmagicalres, nonmagicalimmu, charmedimmu, exhaustionimmu, frightenedimmu, forceres, necroticres, fireimmu, petrifiedimmu	Truesight 600	All, telepathy 1000	Colossal, Colossal Parts, innate Spellcasting, Legendary Resistance, Limited Magic Immunity, Magic Weapons, Primordial Might, Primordial Slumber, Regeneration, Siege Monster, Illumination, Fire Aura, Unstable Reality																		
Caeletes, the Heavenly Body	Gargantuan	Dragon	37		Cosmic Dragons (★)	u/Blacklight85	2677	22	150, fly 200	LN	36	10	40	14	12	14	STR, DEX, CON, WIS, CHA	Perception	Nonmagicalres, coldimmu, fireimmu, poisonimmu, forceimmu, nonmagicalimmu, charmedimmu, exhaustionimmu, frightenedimmu, poisonedimmu, blindedimmu	Blindsight 250, darkvision 1000, truesight 150	Primordial, telepathy 1000	Colossal, Cosmic Biology, Innate Spellcasting, Legendary Resistance, Limited Magic Immunity, Magic Weapons, Dense Body, COsmic Strenght, Regeneration, Cosmic Siege Monster																		
Draeden, Greater	Gargantuan	Monstrosity	37.00		Epic Monsters (★)	u/Dave2oo8	4620	VARIES	fly 180	U	40	24	36	25	30	26	STR, DEX, INT, WIS, CHA	Athletics, Arcana, Intimidation	Nonmagicalres, poisonimmu, blindedimmu,. charmedimmu, deafenedimmu, exhausitonimmu, poisonedimmu, proneimum	Darkvision 1 mile, truesight 1/2 mile	Draconic, Primordial, telepathy 5000	Colossal, Colossal Parts, Limited Magic Immunity, Magic Weapons, Primal Might, SIege Monster, Swallow																		
Eldritch Titan, Emrakul, the Aeons Torn	Gargantuan	Aberration	37.00		Epic Monsters (★)	u/Dave2oo8	1440	30	fly 80	CE	35	10	30	30	28	34	STR, DEX, CON, INT, WIS, CHA	Arcana, Athletics, Insight, Perception	Nonmagicalres, nonmagicalimmu, exhausitonimmu, frightenedimmu, acidres, coldres, fireres, lightningres, psychicimmu, charmedimmu, apralyzedimmu	Truesight 300	Own, telepathy 500	Banishment, Colossal, Innate SPellcasting, Magic Weapons, Old Ones, Regeneration, Siege Monster, Unstoppable, Warp Reality, Legendary, Eldritch Mites, Infinite Mind, Strip the Flesh, Legendary																		
Greater God, Maglubiyet	Large	Humanoid	37		Epic Monsters (★)	u/Dave2oo8	1127	32	80, climb 60	LE	34	38	36	34	28	34	STR, DEX, CON, INT, WIS, CHA	Athletics, Intimidation, Perception, Persuasion, Religion, Stealth	Nonmagicalres, nonmagicalimmu, charmedimmu, deafenedimmu, frightenedimmu, petrifiedimmu, poisonedimmu, exhaustionimmu, coldres, radiantres, fireimmu	Truesight 240	All, telepathy 1000	Discorporation, Divine Might, Divine Reflexes, Innate Spellcasting, Legendary Resistance, limited Magic Immunity, Magic Weapons, Regeneration, Cunning Action, War Lord																		
Greater God, Myrkul	Large	Undead	37		Epic Monsters (★)	u/Dave2oo8	1035	28	80, fly 120	NE	30	32	36	38	37	36	STR, DEX, CON, INT, WIS, CHA	Arcana, History, Insight, Deception, Medicine, Perception, Religion	Nonmagicalres, nonmagicalimmu, charmedimmu, deafenedimmu, frightenedimmu, petrifiedimmu, poisonedimmu, exhaustionimmu, lightningres, psychicres, coldimmu, necroticimmu, poisonimmu	Truesight 300	All, telepathy 800	Discorporation, Divine Might, Divine Reflexes, Innate Spellcasting, Legendary Resistance, limited Magic Immunity, Magic Weapons, Regeneration, Aura of Death, MAster of Death																		
Greater God, Pelor	Medium	Humanoid	37		Epic Monsters (★)	u/Dave2oo8	920	32	80, fly 200	NG	33	26	30	32	40	37	STR, DEX, CON, INT, WIS, CHA	Arcana, History, Insight, Nature, Perception, Persuasion, Religion, Survival	Nonmagicalres, nonmagicalimmu, charmedimmu, deafenedimmu, frightenedimmu, petrifiedimmu, poisonedimmu, exhaustionimmu, acidres, lightningres, necroticres, poisonres, fireimmu, radiantimmu	Truesight 1000	All, telepathy 1000	Discorporation, Divine Might, Divine Reflexes, Innate Spellcasting, Legendary Resistance, limited Magic Immunity, Magic Weapons, Regeneration, Divine Magic, Divine Smite, Robes of Pelor, Solar Corona, Speed of Light, Turn Undead, Destroy Undead																		
Greater God, Tharizdun	Gargantuan	Humanoid	37		Epic Monsters (★)	u/Dave2oo8	820	35	fly 180	CE	28	30	30	35	32	40	DEX, INT, WIS, CHA	Stealth, insight, Perception, Deception, Intimidation, Persuasion	Acidres, coldres, fireres, lightningres, necroticres, thunderres, psychicres, forceimmu, poisonimmu, grappledimmu, apralyzedimmu, proneimmu, restrainedimmu	Truesight 360	All, telepathy 1000	Elder of Annihilation, Innate Spellcasting, Regeneration, Wraith FOrm																		
Adithar, The Soul God	Large	Celestial	37		The Solar Compendium (★)	u/Blacklight85	1485	24	50, fly 300	LG	20	20	32	30	30	36	STR, DEX, CON, INT, WIS, CHA	Perception, Arcana, History, Insight, Religion	Allres, nonmagicalres, necroticimmu, poisonimmu, radiantimmu, forceimmu, nonmagicalimmu, charmedimmu, exhaustionimmu, frightenedimmu, poisonedimmu, blindedimmu	Truesight 250	All, telepathy 1000	Divine Awareness, Innate Spellcasting, Legendary Resistance, Limited Magic Immunity, Solar Sight, Soul Armament, Soul GOd's Infinity Box, Soul Magnet, Soul Borrow, Soul Manipulation, Lair																		
Taciax, The Infinite Void	Large	Celestial	37		The Solar Compendium (★)	u/Blacklight85	1487	24	50, fly 300	N	36	25	34	25	25	30	STR, DEX, CON, INT, WIS, CHA	Perception, Arcana, History, Insight, Religion, Nature	Forceres, nonmagicalres, necroticimmu, poisonimmu, psychicimmu, radiantimmu, nonmagicalimmu, charmedimmu, exhausitonimmu, frightenedimmu, poisonedimmu, blindedimmu	Truesight 250	All, telepathy 1000	Death's Eye, Death's Step, Death's Wings, Divine Awareness, Innate Spellcasting, Legendary Resistance, Limited Magic Immunity, Master of Life and Death, Solar Sight, Siphon, True Weapons of the Reaper, Lair																		
Impetus, the Law of Force	Gargantuan	Dragon	38		Cosmic Dragons (★)	u/Blacklight85	1845	26	150, fly 500	LN	26	30	30	24	22	30	STR, DEX, CON, WIS, CHA	Perception	Nonmagicalres, coldimmu, fireimmu, poisonimmu, forceimmu, nonmagicalimmu, charmedimmu, exhaustionimmu, frightenedimmu, poisonedimmu, blindedimmu	Blindsight 250, darkvision 1000, truesight 150	Primordial, telepathy 1000	Colossal, Cosmic Biology, Innate Spellcasting, Legendary Resistance, Limited Magic Immunity, Magic Weapons, Force Constitution, Force Storm, Regeneration, Cosmic Siege Monster																		
Colossus, Godforged	Gargantuan	COnstruct	38		Epic Monsters (★)	u/Dave2oo8	1372	34	300	U	38	10	38	3	18	28	STR, CON, WIS, CHA	None	Coldres, radiantres, nonmagicalres, fireimmu, poisonimmu, psychicimmu, nonmagicalimmu, charmedimmu, exhaustionimmu, frightenedimmu, paralyzedimmu, petrifiedimmu, poisonedimmu	Truesight 1200	All, Creator	Colossal, Colossal Resistance, Immutable Form, Magic Resistance, Magic Weapons, Siege Monster																		
Eldritch Titan, Bolothamogg / Yog-Sothoth	Huge	Aberration	38		Epic Monsters (★)	u/Dave2oo8	1320	26	fly 120	U	0	32	30	40	36	34	DEX, CON, INT, WIS, CHA	Arcana, History, Insight, Perception, Persuasion, Religion	Nonmagicalres, nonmagicalimmu, exhausitonimmu, frightenedimmu, lightningres, thunderres, coldimmu, necroticimmu, poisonimmu, psychicimmu, blindedimmu, charmedimmu, deafenedimmu, paralyzedimmu, petrifiedimmu, poisonedimmu, proneimmu	Blindsight 480, truesight 480	All, telepathy 2000	Banishment, Colossal, Innate SPellcasting, Magic Weapons, Old Ones, Regeneration, Siege Monster, Unstoppable, Warp Reality, Supernatural Speed, Elder Evil, Warp Continuum, Legendary																		
Greater God, Gruumsh	Large	Humanoid	38.00		Epic Monsters (★)	u/Dave2oo8	1200	34	120	CE	37	36	38	30	28	35	STR, DEX, CON, INT, WIS, CHA	Athletics, Intimidation, Perception	Acidres, fireres, forceres, poisonimmu, necroticimmu, paralyzedimmu	Truesight 240	All, telepathy 1000	God of Destruction, Innate Spellcasting, Iron Spear, Rage, Reckless																		
Greater God, Ioun	Large	Humanoid	38		Epic Monsters (★)	u/Dave2oo8	1100	30	60, fly 60	N	30	30	34	42	35	33	STR, DEX, CON, INT, WIS, CHA	Arcana, History, Investigation, Insight, Nature, Perception, Religion	Nonmagicalres, nonmagicalimmu, charmedimmu, deafenedimmu, frightenedimmu, petrifiedimmu, poisonedimmu, exhaustionimmu, coldres, fireres, forceres, lightningres, necroticres, thunderres, psychicimmu, radiantimmu, blindedimmu, paralyzedimmu, stunnedimmu	Truesight 1000	All, telepathy 1200	Discorporation, Divine Might, Divine Reflexes, Innate Spellcasting, Legendary Resistance, limited Magic Immunity, Magic Weapons, Regeneration, Aura of Knowledge, Divine Celerity, Keen Perception																		
Cavum, the Abyssal Void	Gargantuan	Dragon	39		Cosmic Dragons (★)	u/Blacklight85	2042	28	100, fly 300	N	28	14	32	24	22	26	STR, DEX, CON, WIS, CHA	Perception	Radiantres, forceres, nonmagicalres, coldimmu, fireimmu, poisonimmu, necroticimmu, nonmagicalimmu, charmedimmu, exhaustionimmu, frightenedimmu, poisonedimmu, blindedimmu	Blindsight 250, darkvision 1000, truesight 150	Primordial, telepathy 1000	Colossal, Cosmic Biology, Innate Spellcasting, Legendary Resistance, Limited Magic Immunity, Magic Weapons, Void Scales, Void Aura, Regeneration, Cosmic Siege Monster																		
Greater God, Bane	Large	Humanoid	39		Epic Monsters (★)	u/Dave2oo8	1440	34	60, climb 60	LE	37	37	40	30	34	36	STR, DEX, CON, INT, WIS, CHA	Acrobatics, Athletics, Insight, Intimidation, Perception, Stealth	Nonmagicalres, nonmagicalimmu, charmedimmu, deafenedimmu, frightenedimmu, petrifiedimmu, poisonedimmu, exhaustionimmu, acidres, coldres, forceres, necroticres, poisonimmu	Truesight 300	All, telepathy 800	Discorporation, Divine Might, Divine Reflexes, Innate Spellcasting, Legendary Resistance, limited Magic Immunity, Magic Weapons, Regeneration, Black Iron Shield, God of War, Quick Step, Weapon Master																		
Greater God, Corellon Larethian	Medium	Humanoid	39		Epic Monsters (★)	u/Dave2oo8	960	34	120	CG	34	40	34	40	39	40	STR, DEX, CON, INT, WIS, CHA	Arcana, Acrobatics, History, Insight, Nature, Perception, Persuasion, Survival	Acidres, coldres, lightningres, necroticres, radiantres, forceimmu, poisonimmu, paralyzedimmu, restrainedimmu, stunnedimmu	Truesight 360	All, telepathy 1000	Favored Enemy, Foe Slayer, God of Magic, Limited Magic Immunity, Innate Spellcasting, Regeneration, Wild Step																		
Astralis, the Star Forger	Gargantuan	Dragon	40		Cosmic Dragons (★)	u/Blacklight85	2350	26	100, fly 300	CN	30	10	36	22	20	24	STR, DEX, CON, WIS, CHA	Perception	Necroticres, forceres, nonmagicalres, coldimmu, firemmu, poisonimmu, radiantimmu, nonmagicalimmu, charmedimmu, exhaustionimmu, frightenedimmu, poisonedimmu, blindedimmu	Blindsight 250, darkvision 1000, truesight 150	Primordial, telepathy 1000	COlossal, Cosmic Biology, Innate SPellcasting, Legendary Resistance, Limited Magic Immunity, Magic Weapons, Starwoven Scales, Star Aura, Regeneration, Cosmic Siege Monster																		
Greater God, Moradin	Medium	Humanoid	40		Epic Monsters (★)	u/Dave2oo8	1242	37	60, climb 60	LG	38	34	40	37	32	38	STR, DEX, CON, INT, WIS, CHA	Arcana, History, Insight, Intimidation, Investigation, Perception, Survival	Nonmagicalres, nonmagicalimmu, charmedimmu, deafenedimmu, frightenedimmu, petrifiedimmu, poisonedimmu, exhaustionimmu, necroticres, radiantres, fireimmu, poisonimmu, thunderimmu, paralyzedimmu	Truesight 480	All, telepathy 1200	Discorporation, Divine Might, Divine Reflexes, Innate Spellcasting, Legendary Resistance, limited Magic Immunity, Magic Weapons, Regeneration, Aura of Devotion, Divine Sense, God of Forge and Craft, Quick Step, Rooted in Stone																		
Primordial, Mual-Tar	Gargantuan	Monstrosity	40		Epic Monsters (★)	u/Dave2oo8	3450	VARIES	fly 800	NE	30	37	30	27	30	35	STR, DEX, CON, WIS, CHA	Acrobatics, Arcana, Athletics	Nonmagicalres, nonmagicalimmu, charmedimmu, exhaustionimmu, frightenedimmu, allres, lightningimmu, thunderimmu, charmedimmu, grappledimmu, paralyzedimmu, petrifiedimmu, poisonedimmu, proneimmu, restrainedimmu, stunnedimmu	Truesight 1200	Auran, Primordial, telepathy 5000	Colossal, Colossal Parts, innate Spellcasting, Legendary Resistance, Limited Magic Immunity, Magic Weapons, Primordial Might, Primordial Slumber, Regeneration, Siege Monster, Lightning Speed, Lord of Storms, Storm Form, Storm Aura																		
Magnus, The Curator of Infinity	Large	CElestial	41		The Solar Compendium (★)	u/Blacklight85	2170	26	50, fly 300	LG	20	20	30	40	36	36	STR, DEX, CON, INT, WIS, CHA	Perception, Arcana, History, Insight, Religion	Forceimmu, necroticimmu, poisonimmu, radiantimmu, nonmagicalimmu, charmedimmu, exhausitonimmu, frightenedimmu, poisonedimmu, blindedimmu	Truesight 250	All, telepathy 1000	Divine Truth, Infinite Mastery of Magic, Innate SPellcasting, Legendary Resistance, Limited Magic Immunity, Lair																		
Greater God, Bahamut	Gargantuan	Dragon	43		Epic Monsters (★)	u/Dave2oo8	1650	34	140, climb 120, fly 500, swim 120	LG	37	20	37	34	30	38	STR, DEX, CON, INT, WIS, CHA	Arcana, Athletics, History, Insight, nature, Perception, Religion	Nonmagicalres, nonmagicalimmu, charmedimmu, deafenedimmu, frightenedimmu, petrifiedimmu, poisonedimmu, exhaustionimmu, acidres, fireres, lightningres, poisonres, thudnerres, coldimmu, forceimmu, radiantimmu, blindedimmu, stunnedimmu	Blindsight 480, darkvision 600, truesight 240	All, telepathy 1200	Discorporation, Divine Might, Divine Reflexes, Innate Spellcasting, Legendary Resistance, limited Magic Immunity, Magic Weapons, Regeneration, Aura of Dragon King, Colossal, God of Metallic Dragons, Scales of the Dragon King, Siege Monster																		
Greater God, Tharizdun (Empowered)	Gargantuan	Humanoid	44		Epic Monsters (★)	u/Dave2oo8	1360	37	fly 240	CE	34	38	38	40	36	45	DEX, INT, WIS, CHA	Stealth, Insight, Perception, Deception, intimidation, Persuasion	Acidres, coldres, fireres, lightningres, necroticres, thunderres, psychicres, forceimmu, poisonimmu, grappledimmu, apralyzedimmu, proneimmu, restrainedimmu	Truesight 360	All, telepahy 1 mile	Annihilation, Aura of Madness, Innate Spellcasting, Magic Weapons, Wraith Form																		
Primordial, Dendar	Gargantuan	Elemental	45		Epic Monsters (★)	u/Dave2oo8	7070	VARIES	300, fly 300	LN	36	14	45	40	30	38	STR, DEX, CON, INT, WIS, CHA	Arcana, Athletics, Intimidation, Perception, Stealth	Nonmagicalres, nonmagicalimmu, charmedimmu, exhaustionimmu, frightenedimmu, necroticres, psychicres, coldimmu, poisonimmu, paralyzedimmu, petrifiedimmu, poisonedimmu	Tremorsense 1200, truesight 1200	All, telepathy 6000	Colossal, Colossal Parts, innate Spellcasting, Legendary Resistance, Limited Magic Immunity, Magic Weapons, Primordial Might, Primordial Slumber, Regeneration, Siege Monster, Lord of Illusions, Nightmare Aura, Nightmare Scales, Trample																		
Primordial, Primus	Gargantuan	Elemental	45		Epic Monsters (★)	u/Dave2oo8	7400	VARIES	300, fly 300	LN	36	14	45	40	30	38	STR, DEX, CON, INT, WIS, CHA	Arcana, History, Insight, Investigation, Nature, Perception, Persuasion, Religion	Nonmagicalres, nonmagicalimmu, charmedimmu, exhaustionimmu, frightenedimmu, radiantres, acidimmu, coldimmu, fireimmu, forceimmu, lightningimmu, thunderimmu, petrifiedimmu	Tremorsense 1000, truesight 600	All, telepathy 1000	Colossal, Colossal Parts, innate Spellcasting, Legendary Resistance, Limited Magic Immunity, Magic Weapons, Primordial Might, Primordial Slumber, Regeneration, Siege Monster, Impose Order, Temporal Order, The One and the Prime,  Energy Pool, Energy Step, Trample																		
Protean, Astral	Gargantuan	Monstrosity	45		Epic Monsters (★)	u/Dave2oo8	2550	32	80, climb 80	U	40	8	40	2	12	1	STR, DEX, CON, WIS	Athletics	Coldres, fireres, lightningres, poisonres, bludgeoningres, acidimmu, poisonimmu, psychicimmu, blindedimmu, charmedimmu, deafenedimmu, exhaustionimmu, frightenedimmu, poisonedimum, proneimmu	Blindsight 1000	None	Amorphous, Colossal, COnsume, Corrosive Form, Magic Immunity, Magic Weapons, Regeneration, Spider Climb																		
Greater God, Tiamat	Gargantuan	Dragon	48		Epic Monsters (★)	u/Dave2oo8	2040	33	120, climb 80, fly 480, swim 120	LE	38	10	39	32	28	36	STR, DEX, CON, INT, WIS, CHA	Arcana, Athletics, Intimidation, History, Insight, perception, Religion	Nonmagicalres, nonmagicalimmu, charmedimmu, deafenedimmu, frightenedimmu, petrifiedimmu, poisonedimmu, exhaustionimmu, forceres, necroticres, psychicres, radiantres, thunderres, acidimmu, coldimmu, fireimmu, lightningimmu, poisoimmu, blindedimmu, poisonedimmu, stunedimmu	Blindsight 480, darkvision 600, truesight 240	All, telepathy 1200	Discorporation, Divine Might, Divine Reflexes, Innate Spellcasting, Legendary Resistance, limited Magic Immunity, Magic Weapons, Regeneration, Aura of the Dragon Queen, Colossal, Chromatic Breath, Dominating Presence, Multiple Heads, Multiple Limbs, Scales of the Dragon Queen, SIege Monster, Trample																		
Eldritch Titan, Azathoth, Daemon Sultan	Gargantuan	Aberration	53.00		Epic Monsters (★)	u/Dave2oo8	410	20	0	CE	26	10	30	1	1	30	STR, DEX, CON, WIS, CHA	Arcana, Athletics, Perception	Nonmagicalres, nonmagicalimmu, exhausitonimmu, frightenedimmu, allres, psychicimmu, allimmu	Blindsense 120	All, telepathy infinite	Banishment, Colossal, Innate SPellcasting, Magic Weapons, Old Ones, Regeneration, Siege Monster, Unstoppable, Warp Reality, Alien Mind, Amorphous, Engulf, Mitosis, Regenerate, SIege Monster, Spawn Eldritch Horrors, Legendary																		
Primordial, Ahat-Hir	Gargantuan	Monstrosity	55.00		Epic Monsters (★)	u/Dave2oo8	30627	VARIES	1000, burrow 700, climb 1000, fly 3000	U	55	20	50	30	40	50	STR, DEX, CON, INT, WIS, CHA	Arcana, Athletics, Intimidation, Perception	Nonmagicalres, nonmagicalimmu, charmedimmu, exhaustionimmu, frightenedimmu, allres, fireimmu, forceimmu, lightningimmu, poisonimmu, radiantimmu, thunderimmu, paralyzedimmu, petrifiedimmu, poisonedimmu	Darkvision 4 miles, tremorsense 1 mile, truesight 1 mile	Primordial, telepathy 5 miles	Colossal, Colossal Parts, innate Spellcasting, Legendary Resistance, Limited Magic Immunity, Magic Weapons, Primordial Might, Primordial Slumber, Regeneration, Siege Monster, Adamantine Resistance, Elder of Destruction, Elemental Stride, Trample, Ignite, Elemental Aura, Disabled																		
Devastation Swarm, Centipede	Gargantuan	Monstrosity	57.00		Epic Monsters (★)	u/Dave2oo8	9750	20	60, burrow 30, climb 60	U	30	10	28	1	12	8	DEX, CON, WIS	Athletics	Nonmagicalres, poisonimmu, charmedimmu, poisonedimmu	Darkvision 240, tremorsense 90	None	Colossal, Devastating Poison, Limited Magic Resistance, Magic Weapons, Ravenous, Swarm, Swarm Tactics, Swarm Resistance, Legendary																		
Winterbrood Template	TEMP	TEMP	TEMP		City and Wild (★★)	u/AeronDrake	TEMP	TEMP	TEMP	CE	TEMP	TEMP	TEMP	TEMP	TEMP	TEMP	TEMP	TEMP	Coldimmu	TEMP	TEMP	Frozen Body																		
Dark Skeleton Template	TEMP	Undead	TEMP		Dark Arts Player's Companion (☪)	u/Jonoman3000	TEMP	TEMP	TEMP	LE	TEMP	TEMP	15	6	8	5	None	None	Bludgeoningweak, poisonimmu, exhaustedimmu, poisonedimmu	Darkvision 60	Alive	TEMP																		
Dark Zombie Template	TEMP	Undead	TEMP		Dark Arts Player's Companion (☪)	u/Jonoman3000	TEMP	TEMP	TEMP	NE	TEMP	TEMP	TEMP	3	6	5	WIS	None	Poisonimmu, poisonedimmu	Darkvision 60	Alive	Undead Fortitude																		
Shadowtouched Template	TEMP	TEMP	TEMP		Dark Arts Player's Companion (☪)	u/Jonoman3000	TEMP	TEMP	TEMP	TEMP	TEMP	TEMP	TEMP	TEMP	TEMP	TEMP	TEMP	Stealth	Necroticres	Darkvision 120	TEMP	Reanimate Shadow, Shadow Stealth, Sunlight Sensitivity																		
Beast of Xvim Template	TEMP	TEMP	TEMP		Forgotten Realms Stat Blocks (★★★)	u/Drewfro666	TEMP	TEMP	TEMP	TEMP	TEMP	TEMP	TEMP	6	TEMP	6	TEMp	TEMP	Poisonimmu, frightenedimmu, poisonedimmu	Darkvision 60	TEMP	Feed, Frightful Presence																		
Ghost Dragon Template	TEMP	Dragon	TEMP		Forgotten Realms Stat Blocks (★★★)	u/Drewfro666	TEMP	TEMP	fly 40	TEMP	7	TEMP	TEMP	TEMP	TEMP	TEMP	TEMP	TEMP	Acidres, fireres, lightningres, thunderres, nonmagicalres, coldimmu, necroticimmu, poisonimmu, charmedimmu, exhaustionimmu, frightenedimmu, grappledimmu, paralyzedimmu, petrifiedimmu, poisonedimmu, proneimmu, restrainedimmu	TEMP	TEMP	Ethereal Sight, Incorporeal Movement, Etherealness, Horrifying VIsage																		
Bone Dragon Template	TEMP	TEMP	TEMP		https://drive.google.com/file/d/1YxCrJevrMZL4M4xqCkHSQ960D7PLr2R0/view	u/badooga1	TEMP	TEMP	TEMP	TEMP	TEMP	TEMP	TEMP	TEMP	TEMP	TEMP																								
Brood Spawn Template	TEMP	TEMP	TEMP		https://drive.google.com/file/d/1YxCrJevrMZL4M4xqCkHSQ960D7PLr2R0/view	u/badooga1	TEMP	TEMP	TEMP	TEMP	TEMP	TEMP	TEMP	TEMP	TEMP	TEMP																								
Progeny of Ragnorra Template	TEMP	TEMP	TEMP		https://drive.google.com/file/d/1YxCrJevrMZL4M4xqCkHSQ960D7PLr2R0/view	u/badooga1	TEMP	TEMP	TEMP	TEMP	TEMP	TEMP	TEMP	TEMP	TEMP	TEMP																								
Vanguard Cleric Template	TEMP	TEMP	TEMP		https://drive.google.com/file/d/1YxCrJevrMZL4M4xqCkHSQ960D7PLr2R0/view	u/badooga1	TEMP	TEMP	TEMP	TEMP	TEMP	TEMP	TEMP	TEMP	TEMP	TEMP																								
Whelp of Zargon Template	TEMP	TEMP	TEMP		https://drive.google.com/file/d/1YxCrJevrMZL4M4xqCkHSQ960D7PLr2R0/view	u/badooga1	TEMP	TEMP	TEMP	TEMP	TEMP	TEMP	TEMP	TEMP	TEMP	TEMP																								
Ixor's Skeleton Template	TEMP	TEMP	TEMP		Ixor's Manual of Monstrous Findings (★★)	u/thorn1993	TEMP	TEMP	TEMP	TEMP	TEMP	TEMP	TEMP	TEMP	TEMP	TEMP	TEMP	TEMP	TEMP	TEMP	TEMP	TEMP																		
Kuo-Toa Empowered Template	TEMP	TEMP	TEMP		Ixor's Manual of Monstrous Findings (★★)	u/thorn1993	TEMP	TEMP	TEMP	TEMP	TEMP	TEMP	TEMP	TEMP	TEMP	TEMP	TEMP	TEMP	TEMP	TEMP	TEMP	TEMP																		
Frenzy Virus Template	TEMP	TEMP	TEMP		Monster Hunter's Manual (★★★★)	u/Amellwind	TEMP	TEMP	TEMP	TEMP	TEMP	TEMP	TEMP	TEMP	TEMP	TEMP	TEMP	TEMP	TEMP	TEMP	TEMP	TEMP																		
Dracolich Template	TEMP	Undead	TEMP		Monster Manual	Wizards of the Coast	TEMP	TEMP	TEMP	LE	TEMP	TEMP	TEMP	TEMP	TEMP	TEMP	TEMP	TEMP	TEMP, necroticres, poisonimmu, charmedimmu, frightenedimmu, paralyzedimmu, poisonedimmu, exhaustionimmu	TEMP	TEMP	TEMP, Magic Resistance																		
Half-Dragon Template	TEMP	TEMP	TEMP		Monster Manual	Wizards of the Coast	TEMP	TEMP	TEMP	ANY	TEMP	TEMP	TEMP	TEMP	TEMP	TEMP	TEMP	TEMP	TEMP	TEMP, Blindsight 10, Darkvision 60	TEMP, Draconic	TEMP																		
Spore Servant Template	TEMP	Plant	TEMP		Monster Manual	Wizards of the Coast	TEMP	TEMP	TEMP	U	17	12	16	2	6	1	TEMP	TEMP	TEMP	TEMP	TEMP																			
Lichenthrope Template	TEMP	TEMP	TEMP		Single (★)	u/thestray	TEMP	TEMP	TEMP	TEMP	TEMP	TEMP	TEMP	TEMP	TEMP	TEMP	TEMP	TEMP	TEMP	TEMP	TEMP	TEMP																		
Topiary Guardian Template	TEMP	TEMP	TEMP		Single (★★)	u/TheOphidian	TEMP	TEMP	TEMP	TEMP	TEMP	TEMP	TEMP	TEMP	TEMP	TEMP	TEMP	TEMP	TEMP	TEMP	TEMP	TEMP																		
Celestial Template	TEMP	TEMP	TEMP		Skip's Guide to Monsters (★★)	u/Drewfro666	TEMP	TEMP	TEMP	TEMP	TEMP	TEMP	TEMP	TEMP	TEMP	TEMP	TEMP	TEMP	TEMP	TEMP	TEMP	TEMP																		
Dragon Spellcaster Template	TEMP	TEMP	TEMP		Skip's Guide to Monsters (★★)	u/Drewfro666	TEMP	TEMP	TEMP	TEMP	TEMP	TEMP	TEMP	TEMP	TEMP	TEMP	TEMP	TEMP	TEMP	TEMP	TEMP	TEMP																		
Fiendish Creature Template	TEMP	TEMP	TEMP		Skip's Guide to Monsters (★★)	u/Drewfro666	TEMP	TEMP	TEMP	TEMP	TEMP	TEMP	TEMP	TEMP	TEMP	TEMP	TEMP	TEMP	TEMP	TEMP	TEMP	TEMP																		
Skip's Skeleton Template	TEMP	TEMP	TEMP		Skip's Guide to Monsters (★★)	u/Drewfro666	TEMP	TEMP	TEMP	TEMP	TEMP	TEMP	TEMP	TEMP	TEMP	TEMP	TEMP	TEMP	TEMP	TEMP	TEMP	TEMP																		
Skip's Zombie Template	TEMP	TEMP	TEMP		Skip's Guide to Monsters (★★)	u/Drewfro666	TEMP	TEMP	TEMP	TEMP	TEMP	TEMP	TEMP	TEMP	TEMP	TEMP	TEMP	TEMP	TEMP	TEMP	TEMP	TEMP																		
Colour Out Of Space, Blighted Template	TEMP	TEMP	TEMP		Through the Ice and Snow (★)	u/LordMediocre	TEMP	TEMP	TEMP	TEMP	TEMP	TEMP	TEMP	TEMP	TEMP	TEMP	TEMP	TEMP	TEMP	TEMP	TEMP	Color Blight, Immunity to Feed																		
Avatar of Death	Medium	Undead	VARIES		Dungeon Master's Guide	Wizards of the Coast	VARIES	20	60, fly 60	NE	16	16	16	16	16	16	None	None	Necroticimmu, poisonimmu, charmedimmu, frightenedimmu, paralyzedimmu, petrifiedimmu, poisonedimmu, unconsciousimmu	Darkvision 60, truesight 60	Creator	Incorporeal Movement, Turning Immunity																		
