Name,Size,Type,CR,URL,Font,Author,AC,HP,Speeds,Align.,STR,DEX,CON,INT,WIS,CHA,Sav. Throws,Skills,WRI,Senses,Languages,Additional,average_damage,attack_modifier,has_legendary_action,legendary_action_damage,has_flight,resistance_count,immunity_count,weakness_count,save_dc,is_spellcaster,regeneration_per_round,multiattack_count,ability_count,ability_cr_weight,recharge_damage,limited_use_damage,bonus_action_damage
Almiraj,Small,Beast,0.00,,Tomb of Annihilation,Wizards of the Coast,13,3,50,U,2,16,10,2,14,10,None,"Perception, Stealth",None,"Darkvision 30, tremorsense 60",None,"Keen Hearing, Keen Sight",,,,,,,,,,,,,,,,,
Chwinga,Tiny,Elemental,0.00,,Tomb of Annihilation,Wizards of the Coast,15,5,"20, climb 20, swim 20",N,1,20,10,14,16,16,None,"Acrobatics, Perception, Stealth",None,Blindsight 60,None,"Evasion, Innate Spellcasting",,,,,,,,,,,,,,,,,
Cranium Rat,Tiny,Beast,0.00,,Volo's Guide to Monsters,Wizards of the Coast,12,2,30,LE,2,14,10,4,11,8,None,None,None,"Darkvision 30, tremorsense 60",Telepathy 30,"Illumination, Telepathic Shroud",,,,,,,,,,,,,,,,,
Crawling Claw,Tiny,Undead,0.00,,Monster Manual,Wizards of the Coast,12,2,"20, climb 20",NE,13,14,11,5,10,4,None,None,"Poisonimmu, charmedimmu, exhaustionimmu, poisonedimmu",Blindsight 30,Common,Turn Immunity,,,,,,,,,,,,,,,,,
"Devil, Lemure",Medium,Fiend (Devil),0.00,,Monster Manual,Wizards of the Coast,7,13,15,LE,10,5,11,1,11,3,None,None,"Coldres, fireimmu, poisonimmu, charmedimmu, frightenedimmu, poisonedimmu",Darkvision 120,Infernal,"Devil's Sight, Hellish Rejuvenation",,,,,,,,,,,,,,,,,
Flying Monkey,Small,Beast,0.00,,Tomb of Annihilation,Wizards of the Coast,12,3,"20, climb 20, fly 30",U,8,14,11,5,12,6,None,None,None,Normal,None,Pack Tactics,,,,,,,,,,,,,,,,,
"Fungus, Shrieker",Medium,Plant,0.00,,Monster Manual,Wizards of the Coast,5,13,None,U,1,1,10,1,10,3,None,None,"Blindedimmu, deafenedimmu, frightenedimmu",Blindsight 30,None,False Appearance,,,,,,,,,,,,,,,,,
Giant Fly,Large,Beast,0.00,,Dungeon Master's Guide,Wizards of the Coast,11,19,"30, fly 60",U,14,13,13,2,10,3,None,None,None,Darkvision 60,None,None,,,,,,,,,,,,,,,,,
Homunculus,Tiny,Construct,0.00,,Monster Manual,Wizards of the Coast,13,5,"20, fly 40",N,4,15,11,10,10,7,None,None,"Poisonimmu, charmedimmu, poisonedimmu",Darkvision 60,Creator,Telepathic Bond,,,,,,,,,,,,,,,,,
"Misc. Creature, Awakened Shrub",Small,Plant,0.00,,Monster Manual,Wizards of the Coast,9,10,20,U,3,8,11,10,10,6,None,None,"Fireweak, piercingres",Normal,Creator,False Appearance,,,,,,,,,,,,,,,,,
"Misc. Creature, Baboon",Small,Beast,0.00,,Monster Manual,Wizards of the Coast,12,3,"30, climb 30",U,8,14,11,4,12,6,None,None,None,Normal,None,Pack Tactics,,,,,,,,,,,,,,,,,
"Misc. Creature, Badger",Tiny,Beast,0.00,,Monster Manual,Wizards of the Coast,10,3,"20, burrow 5",U,4,11,12,2,12,5,None,None,None,Darkvision 30,None,Keen Smell,,,,,,,,,,,,,,,,,
"Misc. Creature, Bat",Tiny,Beast,0.00,,Monster Manual,Wizards of the Coast,12,1,"5, fly 30",U,2,15,8,2,12,4,None,None,None,Blindsight 60,None,"Echolocation, Keen Hearing",,,,,,,,,,,,,,,,,
"Misc. Creature, Cat",Tiny,Beast,0.00,,Monster Manual,Wizards of the Coast,12,2,"40, climb 30",U,3,15,10,3,12,7,None,"Perception, Stealth",None,Normal,None,Keen Smell,,,,,,,,,,,,,,,,,
"Misc. Creature, Crab",Tiny,Beast,0.00,,Monster Manual,Wizards of the Coast,11,2,"20, swim 20",U,2,11,10,1,8,2,None,Stealth,None,Blindsight 30,None,Amphibious,,,,,,,,,,,,,,,,,
"Misc. Creature, Deer",Medium,Beast,0.00,,Monster Manual,Wizards of the Coast,13,4,50,U,11,16,11,2,14,5,None,None,None,Normal,None,None,,,,,,,,,,,,,,,,,
"Misc. Creature, Eagle",Small,Beast,0.00,,Monster Manual,Wizards of the Coast,12,3,"10, fly 60",U,6,15,10,2,14,7,None,Perception,None,Normal,None,Keen Sight,,,,,,,,,,,,,,,,,
"Misc. Creature, Frog",Tiny,Beast,0.00,,Monster Manual,Wizards of the Coast,11,1,"20, swim 20",U,1,13,8,1,8,3,None,"Perception, Stealth",None,Darkvision 30,None,"Amphibious, Standing Leap",,,,,,,,,,,,,,,,,
"Misc. Creature, Giant Fire Beetle",small,Beast,0.00,,Monster Manual,Wizards of the Coast,13,4,30,U,8,10,12,1,7,3,None,None,None,Blindsight 30,None,Illumination,,,,,,,,,,,,,,,,,
"Misc. Creature, Goat",Medium,Beast,0.00,,Monster Manual,Wizards of the Coast,10,4,40,U,12,10,11,2,10,5,None,None,None,Normal,None,"Charge, Sure-Footed",,,,,,,,,,,,,,,,,
"Misc. Creature, Hawk",Tiny,Beast,0.00,,Monster Manual,Wizards of the Coast,13,1,"10, fly 60",U,5,16,8,2,14,6,None,Perception,None,Normal,None,Keen Sight,,,,,,,,,,,,,,,,,
"Misc. Creature, Hyena",Medium,Beast,0.00,,Monster Manual,Wizards of the Coast,11,5,50,U,11,13,12,2,12,5,None,Perception,None,Normal,None,Pack Tactics,,,,,,,,,,,,,,,,,
"Misc. Creature, Jackal",Small,Beast,0.00,,Monster Manual,Wizards of the Coast,12,3,40,U,8,15,11,3,12,6,None,Perception,None,Normal,None,"Keen Hearing, Keen Smell, Pack Tactics",,,,,,,,,,,,,,,,,
"Misc. Creature, Lizard",Tiny,Beast,0.00,https://roll20.net/compendium/dnd5e/Lizard#content,Monster Manual,Wizards of the Coast,10,2,"20, climb 20",U,2,11,10,1,8,3,None,None,None,Darkvision 30,None,None,,,,,,,,,,,,,,,,,
"Misc. Creature, Octopus",Small,Beast,0.00,,Monster Manual,Wizards of the Coast,12,3,"5, swim 30",U,4,15,11,3,10,4,None,"Perception, Stealth",None,Darkvision 30,None,"Hold Breath, Underwater Camouflage, Water Breathing",,,,,,,,,,,,,,,,,
"Misc. Creature, Owl",Tiny,Beast,0.00,,Monster Manual,Wizards of the Coast,11,1,"5, fly 60",U,3,13,8,2,12,7,None,"Perception, Stealth",None,Darkvision 120,None,"FLyby, Keen Hearing, Keen Sight",,,,,,,,,,,,,,,,,
"Misc. Creature, Quipper",Tiny,Beast,0.00,,Monster Manual,Wizards of the Coast,13,1,swim 40,U,2,16,9,1,7,2,None,None,None,Darkvision 60,None,"Blood Frenzy, Water Breathing",,,,,,,,,,,,,,,,,
"Misc. Creature, Rat",Tiny,Beast,0.00,,Monster Manual,Wizards of the Coast,10,1,20,U,2,11,9,2,10,4,None,None,None,Darkvision 30,None,Keen Smell,,,,,,,,,,,,,,,,,
"Misc. Creature, Raven",Tiny,Beast,0.00,,Monster Manual,Wizards of the Coast,12,1,"10, fly 50",U,2,14,8,2,12,6,None,Perception,None,Normal,None,Mimicry,,,,,,,,,,,,,,,,,
"Misc. Creature, Scorpion",Tiny,Beast,0.00,,Monster Manual,Wizards of the Coast,11,1,10,U,2,11,8,1,8,2,None,None,None,Normal,None,None,,,,,,,,,,,,,,,,,
"Misc. Creature, Sea Horse",Tiny,Beast,0.00,,Monster Manual,Wizards of the Coast,11,1,swim 20,U,1,12,8,1,10,2,None,None,None,Normal,None,Water Breathing,,,,,,,,,,,,,,,,,
"Misc. Creature, Spider",Tiny,Beast,0.00,,Monster Manual,Wizards of the Coast,12,1,"20, climb 20",U,2,14,8,1,10,2,None,Stealth,None,Darkvision 30,None,"Spider Climb, Web Sense, Web Walker",,,,,,,,,,,,,,,,,
"Misc. Creature, Vulture",Medium,Beast,0.00,,Monster Manual,Wizards of the Coast,10,5,"10, fly 50",U,7,10,13,2,12,4,None,Perception,None,Normal,None,"Keen Sight, Keen Smell, Pack Tactics",,,,,,,,,,,,,,,,,
"Misc. Creature, Weasel",Tiny,Beast,0.00,,Monster Manual,Wizards of the Coast,13,1,30,U,3,16,8,2,12,3,None,"Perception, Stealth",None,Normal,None,"Keen Hearing, Keen Smell",,,,,,,,,,,,,,,,,
Myconid Sprout,Small,Plant,0.00,,Monster Manual,Wizards of the Coast,10,7,10,LN,8,10,10,8,11,5,None,None,None,Darkvision 120,None,"Distress Spores, Sun Sickness",,,,,,,,,,,,,,,,,
"NPC, Commoner",Medium,Humanoid,0.00,https://roll20.net/compendium/dnd5e/Commoner#content,Monster Manual,Wizards of the Coast,10,4,30,ANY,10,10,10,10,10,10,None,None,None,Normal,Any,None,,,,,,,,,,,,,,,,,
Tressym,Tiny,Beast,0.00,,Storm King's Thunder,Wizards of the Coast,12,5,"40, climb 30, fly 40",CN,3,15,10,11,12,12,None,"Perception, Stealth","Poisonimmu, poisonedimmu",Darkvision 60,Common,"Detect Invisibility, Keen Smell, Poison Sense",,,,,,,,,,,,,,,,,
"Assorted Beast, Dolphin",Medium,Beast,0.13,,Volo's Guide to Monsters,Wizards of the Coast,12,11,swim 60,U,14,13,13,6,12,7,None,Perception,None,Blindsight 60,None,"Charge, Hold Breath",,,,,,,,,,,,,,,,,
"Blight, Twig",Small,Plant,0.13,,Monster Manual,Wizards of the Coast,13,4,"20, ",NE,6,13,12,4,8,3,None,Stealth,"Fireweak, blindedimmu, deafenedimmu",Blindsight 60,Common,False Appearance,,,,,,,,,,,,,,,,,
Boggle,Small,Fey,0.13,,Volo's Guide to Monsters,Wizards of the Coast,14,18,"30, climb 30",CN,8,18,13,6,12,7,None,"Perception, Sleight of Hand, Stealth",Fireres,Darkvision 60,Sylvan,"Boggle Oil, Dimensional Rift, Uncanny Smell",,,,,,,,,,,,,,,,,
"Demon, Manes",Small,Fiend (Demon),0.13,https://www.aidedd.org/dnd/monstres.php?vo=manes,Monster Manual,Wizards of the Coast,9,9,20,CE,10,9,13,3,8,4,None,None,"Coldres, fireres, lightningres, poisonimmu, charmedimmu, frightenedimmu, poisonedimmu",Darkvision 60,Abyssal,None,,,,,,,,,,,,,,,,,
Flumph,Small,Aberration,0.13,,Monster Manual,Wizards of the Coast,12,7,"5, fly 30",LG,6,15,10,14,14,11,None,"Arcana, History, Religion",Psychicweak,Darkvision 60,"Undercommon, telepathy 60","Advanced Telepathy, Prone Deficiency, Telepathic Shroud",,,,,,,,,,,,,,,,,
Howling Hatred Initiate,Medium,Humanoid (Human),0.13,,Princes of the Apocalypse,Wizards of the Coast,13,9,30,NE,10,15,10,10,9,11,None,"Deception, Religion, Stealth",None,Normal,Common,"Guiding Wind, Hold Breath",,,,,,,,,,,,,,,,,
Kobold,Small,Humanoid,0.13,,Monster Manual,Wizards of the Coast,12,5,30,LE,7,15,9,8,7,8,None,None,None,Darkvision 60,"Common, Draconic","Sunlight Sensitivity, Pack Tactics",,,,,,,,,,,,,,,,,
"Kruthik, Young",Small,Monstrosity,0.13,,Mordenkainen's Tome of Foes,Wizards of the Coast,16,9,"30, burrow 10, climb 30",U,13,16,13,4,10,6,None,None,None,"Darkvision 30, tremorsense 60",Own,"Keen Smell, Pack Tactics, Tunneler",,,,,,,,,,,,,,,,,
Merfolk,Medium,Humanoid,0.13,,Monster Manual,Wizards of the Coast,11,11,"10, swim 40",N,10,13,12,11,11,12,None,Perception,None,Normal,"Aquan, Common",Amphibious,,,,,,,,,,,,,,,,,
"Misc. Creature, Blood Hawk",Small,Beast,0.13,,Monster Manual,Wizards of the Coast,12,7,"10, fly 60",U,6,14,10,3,14,5,None,Perception,None,Normal,None,"Keen Sight, Pack Tactics",,,,,,,,,,,,,,,,,
"Misc. Creature, Camel",Large,Beast,0.13,,Monster Manual,Wizards of the Coast,9,15,50,U,16,8,14,2,8,5,None,None,None,Normal,None,None,,,,,,,,,,,,,,,,,
"Misc. Creature, Flying Snake",Tiny,Beast,0.13,,Monster Manual,Wizards of the Coast,14,5,"30, fly 60, swim 30",U,4,18,11,2,12,5,None,None,None,Blindsight 10,None,Flyby,,,,,,,,,,,,,,,,,
"Misc. Creature, Giant Crab",Medium,Beast,0.13,,Monster Manual,Wizards of the Coast,15,13,"30, swim 30",U,13,15,11,1,9,3,None,Stealth,None,Blindsight 30,None,Amphibious,,,,,,,,,,,,,,,,,
"Misc. Creature, Giant Rat",Small,Beast,0.13,,Monster Manual,Wizards of the Coast,12,7,30,U,7,15,11,2,10,4,None,None,None,Darkvision 60,None,"Keen Smell, Pack Tactics",,,,,,,,,,,,,,,,,
"Misc. Creature, Giant Weasel",Medium,Beast,0.13,,Monster Manual,Wizards of the Coast,13,9,40,U,11,16,10,4,12,5,None,"Perception, Stealth",None,Darkvision 60,None,"Keen Hearing, Keen Smell",,,,,,,,,,,,,,,,,
"Misc. Creature, Mastiff",Medium,Beast,0.13,,Monster Manual,Wizards of the Coast,12,5,40,U,13,14,12,3,12,7,None,Perception,None,Normal,None,"Keen Hearing, Keen Smell",,,,,,,,,,,,,,,,,
"Misc. Creature, Mule",Medium,Beast,0.13,,Monster Manual,Wizards of the Coast,10,11,40,U,14,10,13,2,10,5,None,None,None,Normal,None,"Beast of Burden, Sure-Footed",,,,,,,,,,,,,,,,,
"Misc. Creature, Poisonous Snake",Tiny,Beast,0.13,,Monster Manual,Wizards of the Coast,13,13,"30, swim 30",U,2,16,11,1,10,3,None,None,None,Blindsight 10,None,None,,,,,,,,,,,,,,,,,
"Misc. Creature, Pony",Medium,Beast,0.13,,Monster Manual,Wizards of the Coast,10,11,40,U,15,10,13,2,11,7,None,None,None,Normal,None,None,,,,,,,,,,,,,,,,,
"Modron, Monodrone",Medium,Construct,0.13,,Monster Manual,Wizards of the Coast,15,5,"30, fly 30",LN,1,13,12,4,10,5,None,None,None,Truesight 120,Modron,"Axiomatic Mind, Disintegration",,,,,,,,,,,,,,,,,
Neogi Hatchling,Tiny,Aberration,0.13,,Volo's Guide to Monsters,Wizards of the Coast,11,7,"20, climb 20",LE,3,13,10,6,10,9,None,None,None,Darkvision 60,None,"Mental Fortitude, Spider Climb",,,,,,,,,,,,,,,,,
"NPC, Bandit",Medium,Humanoid,0.13,https://www.dndbeyond.com/monsters/16798-bandit?srsltid=AfmBOop9rXu5tLsNOwLC-Ge0eO3tY8Lc5ojoVKi1pG5a07MIX1DHSqta,Monster Manual,Wizards of the Coast,12,11,30,NOT LAWFUL,11,12,12,10,10,10,None,None,None,Normal,Any,None,,,,,,,,,,,,,,,,,
"NPC, Cultist",Medium,Humanoid,0.13,,Monster Manual,Wizards of the Coast,12,9,30,NOT GOOD,11,12,10,10,11,10,None,"Deception, Religion",None,Normal,Any,Dark Devotion,,,,,,,,,,,,,,,,,
"NPC, Guard",Medium,Humanoid,0.13,,Monster Manual,Wizards of the Coast,16,11,30,ANY,13,12,12,10,11,10,None,Perception,None,Normal,Any,None,,,,,,,,,,,,,,,,,
"NPC, Noble",Medium,Humanoid,0.13,,Monster Manual,Wizards of the Coast,15,9,30,ANY,11,12,11,12,14,16,None,"Deception, Insight, Persuasion",None,Normal,Any,None,,,,,,,,,,,,,,,,,
"NPC, Tribal Warrior",Medium,Humanoid,0.13,,Monster Manual,Wizards of the Coast,12,11,30,ANY,13,11,12,8,11,8,None,None,None,Normal,Any,Pack Tactics,,,,,,,,,,,,,,,,,
Slaad Tadpole,Tiny,Aberration,0.13,,Monster Manual,Wizards of the Coast,12,10,30,CN,7,15,10,3,5,3,None,Stealth,"Acidres, coldres, fireres, lightningres, thunderres",Darkvision 60,Own,Magic Resistance,,,,,,,,,,,,,,,,,
Stirge,Tiny,Beast,0.13,,Monster Manual,Wizards of the Coast,14,2,"10, fly 40",U,4,16,11,2,8,6,None,None,None,Darkvision 60,None,None,,,,,,,,,,,,,,,,,
Xvart,Small,Humanoid (Xvart),0.13,,Volo's Guide to Monsters,Wizards of the Coast,13,7,30,CE,8,14,10,8,7,7,None,Stealth,None,Darkvision 30,Abyssal,"Low Cunning, Overbearing Pack, Raxivort's Tongue",,,,,,,,,,,,,,,,,
Xvart Speaker,Small,Humanoid (Xvart),0.13,,Volo's Guide to Monsters,Wizards of the Coast,13,7,30,CE,8,14,10,13,7,7,None,Stealth,None,Darkvision 30,"Abyssal, Any","Low Cunning, Overbearing Pack, Raxivort's Tongue",,,,,,,,,,,,,,,,,
"Zuggtmoy, Bridesmaid",Medium,Plant,0.13,,Out of the Abyss,Wizards of the Coast,13,22,20,CE,14,11,11,14,8,18,None,None,None,Darkvision 60,Abyssal,Fungus Stride,,,,,,,,,,,,,,,,,
Aarakocra,Medium,Humanoid,0.25,https://www.aidedd.org/dnd/monstres.php?vo=aarakocra,Monster Manual,Wizards of the Coast,12,13,"20, 50 fly",NG,10,14,10,11,12,11,None,Perception,None,Normal,Auran,Dive Attack,,,,,,,,,,,,,,,,,
Albino Dwarf Warrior,Medium,Humanoid (Dwarf),0.25,,Tomb of Annihilation,Wizards of the Coast,13,30,25,ANY,13,13,17,12,14,11,None,"Perception, Stealth, Survival",Poisonres,Darkvision 60,"Common, Dwarvish",Dwarven Resilience,,,,,,,,,,,,,,,,,
"Animated Object, Broom of Attack",Small,Construct,0.25,,Curse of Strahd,Wizards of the Coast,15,17,50 fly,U,10,17,10,1,5,1,None,None,"Poisonimmu, psychicimmu, blindedimmu, charmedimmu deafenedimmu, exhaustionimmu, frightenedimmu, paralyzedimmu, petrifiedimmu, poisonimmu, proneimmu",Blindsight 30,None,"False, None",,,,,,,,,,,,,,,,,
"Animated Object, Flying Sword",Small,Construct,0.25,,Monster Manual,Wizards of the Coast,17,17,50 fly,U,12,15,11,1,5,1,DEX,None,"Coldres, fireres, blindedimmu, charmedimmu, deafenedimmu, exhaustionimmu, frightenedimmu paralyzedimmu, petrifiedimmu, poisonimmu",Blindsight 60,None,"Antimagic, False",,,,,,,,,,,,,,,,,
"Assorted Beast, Cattle",Large,Beast,0.25,,Volo's Guide to Monsters,Wizards of the Coast,10,15,30,U,18,10,14,2,10,4,None,None,None,Normal,None,Charge,,,,,,,,,,,,,,,,,
"Blight, Needle",Medium,Plant,0.25,,Monster Manual,Wizards of the Coast,12,11,30,NE,12,12,13,4,8,3,None,None,"Blindedimmu, deafenedimmu",Blindsight 60,Common,None,,,,,,,,,,,,,,,,,
Bullywug,Medium,Humanoid,0.25,,Monster Manual,Wizards of the Coast,15,11,"20, swim 40",NE,12,12,13,7,10,7,None,Stealth,None,Normal,Own,"Amphibious, Speak with Frogs, Speak with Toads, Swamp Camouflage, Standing Leap",,,,,,,,,,,,,,,,,
"Demon, Abyssal Wretch",Medium,Fiend (Demon),0.25,,Mordenkainen's Tome of Foes,Wizards of the Coast,11,18,20,CE,9,12,11,5,8,5,None,None,"Coldres, fireres, lightningres, poisonimmu, charmedimmu, frightenedimmu, poisonedimmu",Darkvision 120,Abyssal,None,,,,,,,,,,,,,,,,,
"Demon, Dretch",small,Fiend (Demon),0.25,,Monster Manual,Wizards of the Coast,11,18,20,CE,11,11,12,5,8,3,None,None,"Coldres, fireres, lightningres, poisonimmu, poisonedimmu",Darkvision 60,"Abyssal, telepathy 60",None,,,,,,,,,,,,,,,,,
Derro,Small,Humanoid (Derro),0.25,,Mordenkainen's Tome of Foes,Wizards of the Coast,13,13,30,CE,10,14,12,11,5,9,None,Stealth,None,Darkvision 120,"Dwarvish, Undercommon","Magic Resistance, Sunlight Sensitivity",,,,,,,,,,,,,,,,,
"Dinosaur, Dimetrodon",Medium,Beast,0.25,,Volo's Guide to Monsters,Wizards of the Coast,12,19,"30, swim 20",U,14,10,15,2,10,5,None,Perception,None,Normal,None,None,,,,,,,,,,,,,,,,,
"Dinosaur, Hadrosaurus",Large,Beast,0.25,,Volo's Guide to Monsters,Wizards of the Coast,11,19,40,U,15,10,13,2,10,5,None,Perception,None,Normal,None,None,,,,,,,,,,,,,,,,,
"Dinosaur, Pteranodon",Medium,Beast,0.25,,Monster Manual,Wizards of the Coast,13,13,"10, fly 60",U,12,15,10,2,9,5,None,Perception,None,Normal,None,Flyby,,,,,,,,,,,,,,,,,
"Dinosaur, Velociraptor",Tiny,Beast,0.25,,Volo's Guide to Monsters,Wizards of the Coast,13,10,30,U,6,14,13,4,12,6,None,Perception,None,Normal,None,Pack Tactics,,,,,,,,,,,,,,,,,
Drow,Medium,Humanoid,0.25,,Monster Manual,Wizards of the Coast,15,13,30,NE,10,14,10,11,11,12,None,"Perception, Stealth",None,Darkvision 120,"Elvish, Undercommon","Fey Ancestry, Innate Spellcasting, Sunlight Sensitivity",,,,,,,,,,,,,,,,,
"Fungus, Violet",Medium,Plant,0.25,,Monster Manual,Wizards of the Coast,5,18,5,U,3,1,10,1,3,1,None,None,"Blindedimmu, deafenedimmu, frightenedimmu",Blindsight 30,None,False Appearance,,,,,,,,,,,,,,,,,
Geonid,Small,Elemental,0.25,,The Tortle Package,Wizards of the Coast,17,26,30,N,12,10,16,9,14,11,None,"Perception, Stealth",None,"Darkvision 60, tremorsense 30",Terran,Boulder Guise,,,,,,,,,,,,,,,,,
Gnoll Witherling,Medium,Undead,0.25,http://dndroll.wikidot.com/creatures:gnoll-witherling,Volo's Guide to Monsters,Wizards of the Coast,12,11,30,CE,14,8,12,5,5,5,None,None,"Poisonimmu, exhaustionimmu, poisonedimmu",Darkvision 60,Gnoll,Rampage,,,,,,,,,,,,,,,,,
Goblin,small,Humanoid,0.25,,Monster Manual,Wizards of the Coast,15,7,30,NE,8,14,10,10,8,8,None,Stealth,None,Darkvision 60,"Common, Goblin",Nimble Escape,,,,,,,,,,,,,,,,,
Grimlock,Medium,Humanoid,0.25,,Monster Manual,Wizards of the Coast,11,11,30,NE,16,12,12,9,8,6,None,"Athletics, Perception, Stealth",Blindedimmu,Blindsight 30,Undercommon,"Blind Senses, Keen Hearing, Keen Smell, Stone Camouflage",,,,,,,,,,,,,,,,,
Grung,Small,Humanoid (Grung),0.25,,Volo's Guide to Monsters,Wizards of the Coast,12,11,"25, climb 25",LE,7,14,15,10,11,10,DEX,"Athletics, Perception, Stealth, Survival","Poisonimmu, poisonedimmu",Normal,Own,"Amphibious, Poisonous Skin, Standing Leap",,,,,,,,,,,,,,,,,
Ixitxachitl,Small,Aberration,0.25,,Out of the Abyss,Wizards of the Coast,15,18,swim 30,CE,12,16,13,12,13,7,None,None,None,Darkvision 60,"Abyssal, Own",None,,,,,,,,,,,,,,,,,
Kenku,Medium,Humanoid,0.25,,Monster Manual,Wizards of the Coast,13,13,30,CN,10,16,10,11,10,10,None,"Deception, Perception, Stealth",None,Normal,"Auran, Common","Ambusher, Mimicry",,,,,,,,,,,,,,,,,
Kobold Inventor,Small,Humanoid (Kobold),0.25,,Volo's Guide to Monsters,Wizards of the Coast,12,13,30,LE,7,15,12,8,7,8,None,Perception,None,Darkvision 60,"Common, Draconic","Pack Tactics, Sunlight Sensitivity",,,,,,,,,,,,,,,,,
"Kobold, Winged",Small,Humanoid,0.25,,Monster Manual,Wizards of the Coast,13,7,"30, fly 30",LE,7,16,9,8,7,8,None,None,None,Darkvision 60,"Common, Draconic","Sunlight Sensitivity, Pack Tactics",,,,,,,,,,,,,,,,,
Kuo-Toa,Medium,Humanoid,0.25,,Monster Manual,Wizards of the Coast,13,13,"30, swim 30",NE,13,10,11,11,10,8,None,Perception,None,Darkvision 120,Undercommon,"Amphibious, Otherworldly Perception, Slippery, Sunlight Sensitivity",,,,,,,,,,,,,,,,,
"Mephit, Mud",Small,Elemental,0.25,,Monster Manual,Wizards of the Coast,11,27,"20, fly 20, swim 20",NE,8,12,12,9,11,7,None,Stealth,"Poisonimmu, poisonedimmu",Darkivision 60,"Aquan, Terran","Death Burst, False Appearance",,,,,,,,,,,,,,,,,
"Mephit, Smoke",Small,Elemental,0.25,,Monster Manual,Wizards of the Coast,12,22,"30, fly 30",NE,6,14,12,10,10,11,None,"Perception, Stealth","Fireimmu, poisonimmu, poisonedimmu",Darkvision 60,"Auran, Ignan","Death Burst, Innate Spellcasting",,,,,,,,,,,,,,,,,
"Mephit, Steam",Small,Elemental,0.25,,Monster Manual,Wizards of the Coast,10,21,"30, fly 30",NE,5,11,10,11,10,12,None,None,"Fireimmu, poisonimmu, poisonedimmu",Darkvision 60,"Aquan, Ignan","Death Burst, Innate Spellcasting",,,,,,,,,,,,,,,,,
"Misc. Creature, Axe Beak",Large,Beast,0.25,,Monster Manual,Wizards of the Coast,11,19,50,U,14,12,12,2,10,5,None,None,None,Normal,None,None,,,,,,,,,,,,,,,,,
"Misc. Creature, Blink Dog",Medium,Fey,0.25,,Monster Manual,Wizards of the Coast,13,22,40,LG,12,17,12,10,13,11,None,"Perception, Stealth",None,Normal,"Own, Sylvan","Keen Hearing, Keen Smell, Pack Tactics",,,,,,,,,,,,,,,,,
"Misc. Creature, Boar",Medium,Beast,0.25,,Monster Manual,Wizards of the Coast,11,11,40,U,13,11,12,2,9,5,None,None,None,Normal,None,"Charge, Relentless",,,,,,,,,,,,,,,,,
"Misc. Creature, Constrictor Snake",large,Beast,0.25,,Monster Manual,Wizards of the Coast,12,13,"30, swim 30",U,15,14,12,1,10,3,None,None,None,Blindsight 10,None,None,,,,,,,,,,,,,,,,,
"Misc. Creature, Draft Horse",Large,Beast,0.25,,Monster Manual,Wizards of the Coast,10,19,40,U,18,10,12,2,11,7,None,None,None,Normal,None,None,,,,,,,,,,,,,,,,,
"Misc. Creature, Elk",Large,Beast,0.25,,Monster Manual,Wizards of the Coast,10,13,50,U,16,10,12,2,10,6,None,None,None,Normal,None,Charge,,,,,,,,,,,,,,,,,
"Misc. Creature, Giant Badger",Medium,Beast,0.25,,Monster Manual,Wizards of the Coast,10,13,"30, burrow 10",U,13,10,15,2,12,5,None,None,None,Darkvision 30,None,Keen Smell,,,,,,,,,,,,,,,,,
"Misc. Creature, Giant Bat",Large,Beast,0.25,,Monster Manual,Wizards of the Coast,13,22,"10, fly 60",U,15,16,11,2,12,6,None,None,None,Blindsight 60,None,"Echolocation, Keen Hearing",,,,,,,,,,,,,,,,,
"Misc. Creature, Giant Centipede",small,Beast,0.25,,Monster Manual,Wizards of the Coast,13,4,30,U,5,14,12,1,7,3,None,None,None,Blindsight 30,None,None,,,,,,,,,,,,,,,,,
"Misc. Creature, Giant Frog",Medium,Beast,0.25,,Monster Manual,Wizards of the Coast,11,18,"30, swim 30",U,12,13,11,2,10,3,None,"Perception, Stealth",None,Darkvision 30,None,"Amphibious, Standing Leap",,,,,,,,,,,,,,,,,
"Misc. Creature, Giant Lizard",Large,Beast,0.25,https://roll20.net/compendium/dnd5e/Giant%20Lizard#content,Monster Manual,Wizards of the Coast,12,19,"30, climb 30",U,15,12,13,2,10,5,None,None,None,Darkvision 30,None,None,,,,,,,,,,,,,,,,,
"Misc. Creature, Giant Owl",Large,Beast,0.25,,Monster Manual,Wizards of the Coast,12,19,"5, fly 60",N,13,15,12,8,13,10,None,"Perception, Stealth",None,Darkvision 120,"Own, Common, Elvish, Sylvan","FLyby, Keen Hearing, Keen Sight",,,,,,,,,,,,,,,,,
"Misc. Creature, Giant Poisonous Snake",Medium,Beast,0.25,,Monster Manual,Wizards of the Coast,14,11,"30, swim 30",U,10,18,13,2,10,3,None,Perception,None,Blindsight 10,None,None,,,,,,,,,,,,,,,,,
"Misc. Creature, Giant Wolf Spider",Medium,Beast,0.25,,Monster Manual,Wizards of the Coast,13,11,"40, climb 40",U,12,16,13,3,12,4,None,"Perception, Stealth",None,"Blindsight 10, darkvision 60",None,"Spider Climb, Web Sense, Web Walker",,,,,,,,,,,,,,,,,
"Misc. Creature, Panther",Medium,Beast,0.25,,Monster Manual,Wizards of the Coast,12,13,"50, climb 40",U,14,15,10,3,14,7,None,"Perception, Stealth",None,Normal,None,"Keen Smell, Pounce",,,,,,,,,,,,,,,,,
"Misc. Creature, Riding Horse",Large,Beast,0.25,,Monster Manual,Wizards of the Coast,10,13,60,U,16,10,12,2,11,7,None,None,None,Normal,None,None,,,,,,,,,,,,,,,,,
"Misc. Creature, Swarm of Bats",Medium,Beast,0.25,,Monster Manual,Wizards of the Coast,12,22,fly 30,U,5,15,10,2,12,4,None,None,"Bludgeoningres, piercingres, slashingres, charmedimmu, frightenedimmu, paralyzedimmu, petrifiedimmu, proneimmu, restrainedimmu, stunnedimmu",Blindsight 60,None,"Echolocation, Keen Hearing Swarm",,,,,,,,,,,,,,,,,
"Misc. Creature, Swarm of Rats",Medium,Beast,0.25,,Monster Manual,Wizards of the Coast,10,24,30,U,9,11,9,2,10,3,None,None,"Bludgeoningres, piercingres, slashingres, charmedimmu, frightenedimmu, paralyzedimmu, petrifiedimmu, proneimmu, restrainedimmu, stunnedimmu",Normal,None,"Keen Smell, Swarm",,,,,,,,,,,,,,,,,
"Misc. Creature, Swarm of Ravens",Medium,Beast,0.25,,Monster Manual,Wizards of the Coast,12,24,"10, fly 50",U,6,14,8,3,12,6,None,Perception,"Bludgeoningres, piercingres, slashingres, charmedimmu, frightenedimmu, paralyzedimmu, petrifiedimmu, proneimmu, restrainedimmu, stunnedimmu",Normal,None,Swarm,,,,,,,,,,,,,,,,,
"Misc. Creature, Wolf",Medium,Beast,0.25,https://roll20.net/compendium/dnd5e/Wolf#content,Monster Manual,Wizards of the Coast,13,11,40,U,12,15,12,3,12,6,None,"Perception, Stealth",None,Normal,None,"Keen Hearing, Keen Smell, Pack Tactics",,,,,,,,,,,,,,,,,
"Modron, Duodrone",Medium,Construct,0.25,,Monster Manual,Wizards of the Coast,15,11,30,LN,11,13,12,6,10,7,None,None,None,Truesight 120,Modron,"Axiomatic Mind, Disintegration",,,,,,,,,,,,,,,,,
Mongrelfolk,Medium,Humanoid (Mongrelfolk),0.25,,Curse of Strahd,Wizards of the Coast,11,26,20,ANY,12,9,15,9,10,6,None,"Deception, Perception, Stealth",None,Normal,Common,Mimicry,,,,,,,,,,,,,,,,,
"NPC, Acolyte",Medium,Humanoid,0.25,,Monster Manual,Wizards of the Coast,10,9,30,ANY,10,10,10,10,14,11,None,"Medicine, Religion",None,Normal,Any,Normal Spellcasting,,,,,,,,,,,,,,,,,
"NPC, Apprentice Wizard",Medium,Humanoid (Any Race),0.25,,Volo's Guide to Monsters,Wizards of the Coast,10,9,30,ANY,10,10,10,14,10,11,None,"Arcana, History",None,Normal,Any,Normal Spellcasting,,,,,,,,,,,,,,,,,
Oblex Spawn,Tiny,Ooze,0.25,,Mordenkainen's Tome of Foes,Wizards of the Coast,13,18,20,LE,8,16,15,14,11,10,"INT, CHA",None,"Blindedimmu, charmedimmu, deafenedimmu, exhaustionimmu, proneimmu",Blindsight 60,None,"Amorphous, Aversion to Fire",,,,,,,,,,,,,,,,,
Pixie,Tiny,Fey,0.25,,Monster Manual,Wizards of the Coast,15,1,"10, fly 30",NG,2,20,8,10,14,15,None,"Perception, Stealth",None,Normal,Sylvan,"Magic Resistance, Innate Spellcasting (Psionics)",,,,,,,,,,,,,,,,,
Pseudodragon,Tiny,Dragon,0.25,,Monster Manual,Wizards of the Coast,13,7,"15, fly 60",NG,6,15,13,10,12,10,None,"Perception, Stealth",None,"Blindsight 10, darkvision 60","Common, Draconic","Keen Senses, Magic Resistance, Limited Telepathy",,,,,,,,,,,,,,,,,
Skeleton,Medium,Undead,0.25,https://roll20.net/compendium/dnd5e/Skeleton#content,Monster Manual,Wizards of the Coast,13,13,30,LE,10,14,15,6,8,5,None,None,"Bludgeoningweak, poisonimmu, exhaustionimmu, poisonedimmu",Darkvision 60,Any,None,,,,,,,,,,,,,,,,,
"Sorrowsworn, The Wretched",Small,Monstrosity,0.25,,Mordenkainen's Tome of Foes,Wizards of the Coast,15,10,40,NE,7,12,9,5,6,5,None,None,Darknessres,Darkvision 60,None,Wretched Pack Tactics,,,,,,,,,,,,,,,,,
Sprite,Tiny,Fey,0.25,,Monster Manual,Wizards of the Coast,15,2,"10, fly 40",NG,3,18,10,14,13,11,None,"Perception, Stealth",None,Normal,"Common, Elvish, Sylvan",None,,,,,,,,,,,,,,,,,
Star Spawn Grue,Small,Aberration,0.25,,Mordenkainen's Tome of Foes,Wizards of the Coast,11,17,30,NE,6,13,10,9,11,6,None,None,Psychicimmu,Darkvision 60,Deep Speech,Aura of Madness,,,,,,,,,,,,,,,,,
"Steeder, Male",Medium,Monstrosity,0.25,,Mordenkainen's Tome of Foes,Wizards of the Coast,12,13,"30, climb 30",U,15,12,14,2,10,3,None,"Stealth, Perception",None,Darkvision 120,None,"Spider Climb, Extraordinary Leap",,,,,,,,,,,,,,,,,
Tabaxi Minstrel,Medium,Humanoid (Tabaxi),0.25,,Tomb of Annihilation,Wizards of the Coast,12,22,"30, climb 20",CG,10,15,11,14,12,16,None,"Perception, Performance, Persuasion, Stealth",None,Darkvision 60,"COmmon, Any","Feline Agility, Inspire",,,,,,,,,,,,,,,,,
Tortle,Medium,Humanoid (Tortle),0.25,,Mordenkainen's Tome of Foes,Wizards of the Coast,17,22,30,LG,15,10,12,11,13,12,None,"Athletics, Survival",None,Normal,"Aquan, Common",Hold Breath,,,,,,,,,,,,,,,,,
Troglodyte,Medium,Humanoid,0.25,http://dndroll.wikidot.com/creatures:troglodyte,Monster Manual,Wizards of the Coast,11,13,30,CE,14,10,14,6,10,6,None,Stealth,None,Darkvision 60,Own,"Chameleon Skin, Stench, Sunlight Sensitivity",,,,,,,,,,,,,,,,,
Vegepygmy,Small,Plant,0.25,,Volo's Guide to Monsters,Wizards of the Coast,13,9,30,N,7,14,13,6,11,7,None,"Perception, Stealth","Lightningres, piercingres",Darkvision 60,Own,"Plant Camouflage, Regeneration",,,,,,,,,,,,,,,,,
Yellow Musk Zombie,Medium,Undead,0.25,,Tomb of Annihilation,Wizards of the Coast,9,33,20,U,13,9,12,1,6,3,None,None,"Charmedimmu, exhaustionimmu",Blindsight 30,None,Undead Fortitude,,,,,,,,,,,,,,,,,
Zombie,Medium,Undead,0.25,,Monster Manual,Wizards of the Coast,8,22,20,NE,13,6,16,3,6,5,WIS,None,"Poisonimmu, poisonedimmu",Darkvision 60,Any,Undead Fortitude,,,,,,,,,,,,,,,,,
Ambush Drake,Medium,Dragon,0.50,,Hoard of the Dragon Queen,Wizards of the Coast,13,22,30,U,13,15,14,4,11,6,None,"Perception, Stealth",Poisonres,Darkvision 60,Draconic,"Pack Tactics, Surprise Attack",,,,,,,,,,,,,,,,,
"Assorted Beast, Swarm of Rot Grubs",Medium,Beast ,0.50,,Volo's Guide to Monsters,Wizards of the Coast,8,22,"5, climb 5",U,2,7,10,1,2,1,None,None,"Piercingres, slashingres, charmedimmu, frightenedimmu grappledimmu, paralyzedimmu, petrifiedimmu, proneimmu, restrainedimmu",Blindsight 10,None,Swarm,,,,,,,,,,,,,,,,,
"Beholder, Gazer",Tiny,Aberration,0.50,,Volo's Guide to Monsters,Wizards of the Coast,13,13,fly 30,NE,3,17,14,3,10,7,WIS,"Perception, Stealth",Proneimmu,Darkvision 60,None,"Aggressive, Mimicry",,,,,,,,,,,,,,,,,
"Black Earth, Sacred Stone Monk",Medium,Humanoid (Human),0.50,,Princes of the Apocalypse,Wizards of the Coast,14,22,40,LE,13,15,12,10,14,9,None,"Acrobatics, Athletics, Perception",None,Tremorsense 10,Common,"Unarmored Defense, Unarmored Movement",,,,,,,,,,,,,,,,,
"Blight, Vine",Medium,Plant,0.50,,Monster Manual,Wizards of the Coast,12,26,30,NE,15,8,14,5,10,3,None,None,"Blindedimmu, deafenedimmu",Blindsight 60,Common,False Appearance,,,,,,,,,,,,,,,,,
Chitine,Small,Monstrosity,0.50,,Volo's Guide to Monsters,Wizards of the Coast,14,18,"30, climb 30",CE,10,14,12,10,10,7,None,"Athletics, Stealth",None,Darkvision 60,Undercommon,"Fey Ancestry, Sunlight Sensitivity, Web Sense,  Web Walker",,,,,,,,,,,,,,,,,
Cockatrice,Small,Monstrosity,0.50,,Monster Manual,Wizards of the Coast,11,27,"20, fly 40",U,6,12,12,2,13,5,None,None,None,Darkvision 60,None,None,,,,,,,,,,,,,,,,,
Crushing Wave Reaver,Medium,Humanoid (Human),0.50,,Princes of the Apocalypse,Wizards of the Coast,14,22,30,NE,15,14,13,10,11,8,None,"Athletics, Stealth",None,Normal,Common,None,,,,,,,,,,,,,,,,,
Darkling,Small,Fey,0.50,,Volo's Guide to Monsters,Wizards of the Coast,14,13,30,CN,9,16,12,10,12,10,None,"Acrobatics, Deception, Perception, Stealth",None,"Blindsight 30, darkvision 120","Elvish, Sylvan","Death Flash, Light Sensitivity",,,,,,,,,,,,,,,,,
Darkmantle,Small,Monstrosity,0.50,,Monster Manual,Wizards of the Coast,11,22,"10, fly 30",U,16,12,13,2,10,5,None,Stealth,None,Blindsight 60,None,"Echolocation,  False Appearance",,,,,,,,,,,,,,,,,
"Devil, Nupperibo",Medium,Fiend (Devil),0.50,,Mordenkainen's Tome of Foes,Wizards of the Coast,13,11,20,LE,16,11,13,3,8,1,None,Perception,"Acidres, coldres, nonmagicalres, nonsilveredres, fireimmu, poisonimmu, blindedimmu, charmedimmu, frightenedimmu, poisonedimmu",Blindsight 10,Infernal,"Cloud of Vermin, Hunger-Driven",,,,,,,,,,,,,,,,,
Firenewt Warrior,Medium,Humanoid (Firenewt),0.50,,Volo's Guide to Monsters,Wizards of the Coast,16,22,30,NE,10,13,12,7,11,8,None,None,Fireimmu,Normal,"Draconic, Ignan",Amphibious,,,,,,,,,,,,,,,,,
"Fungus, Gas Spore",Large,Plant,0.50,,Monster Manual,Wizards of the Coast,5,1,fly 10,U,5,1,3,1,1,1,None,None,"Poisonimmu, blindedimmu, deafenedimmu, frightenedimmu, paralyzedimmu, poisonedimmu, proneimmu",Blindsight 30,None,"Death Burst, Eerie Resemblance",,,,,,,,,,,,,,,,,
Gnoll,Medium,Humanoid,0.50,,Monster Manual,Wizards of the Coast,15,22,30,CE,14,12,11,6,10,7,None,None,None,Darkvision 60,Gnoll,Rampage,,,,,,,,,,,,,,,,,
Gnoll Hunter,Medium,Humanoid (Gnoll),0.50,,Volo's Guide to Monsters,Wizards of the Coast,13,22,30,CE,14,14,12,8,12,8,None,"Perception, Stealth",None,Darkvision 60,GNoll,Rampage,,,,,,,,,,,,,,,,,
"Gnome, Deep (Svirfneblin)",Small,Humanoid,0.50,,Monster Manual,Wizards of the Coast,15,16,20,NG,15,14,14,12,10,9,None,"Investigation, Perception, Stealth",None,Darkvision 120,"Gnomish, Terran, Undercommon","Stone Camouflage, Gnome Cunning, Innate Spellcasting",,,,,,,,,,,,,,,,,
Hobgoblin,Medium,Humanoid,0.50,,Monster Manual,Wizards of the Coast,18,11,30,LE,13,12,12,10,10,9,None,None,None,Darkvision 60,"Common, Goblin",Martial Advantage,,,,,,,,,,,,,,,,,
Jackalwere,Medium,Humanoid,0.50,,Monster Manual,Wizards of the Coast,12,18,40,CE,11,15,11,13,11,10,None,"Deception, Perception, Stealth","Nonmagicalimmu, nonsilveredimmu",Normal,Common,"Shapechanger, Keen Hearing, Keen Smell, Pack Tactics",,,,,,,,,,,,,,,,,
Jaculi,Large,Beast,0.50,,Tomb of Annihilation,Wizards of the Coast,14,16,"30, climb 20",U,15,14,11,2,8,3,None,"Athletics, Perception, Stealth",None,Blindsight 30,None,"Camouflage, Keen Smell",,,,,,,,,,,,,,,,,
Lizardfolk,Medium,Humanoid,0.50,https://www.dndbeyond.com/monsters/16946-lizardfolk,Monster Manual,Wizards of the Coast,15,22,"30, swim 30",N,15,10,13,7,12,7,None,"Perception, Stealth, Survival",None,Normal,Draconic,Hold Breath,,,,,,,,,,,,,,,,,
Magmin,Small,Elemental,0.50,,Monster Manual,Wizards of the Coast,14,9,30,CN,7,15,12,8,11,10,None,None,"Nonmagicalres, fireimmu",Darkvision 60,Ignan,"Death Burst, Ignited Illumination",,,,,,,,,,,,,,,,,
"Mephit, Dust",Small,Elemental,0.50,,Monster Manual,Wizards of the Coast,12,17,"30, fly 30",NE,5,14,10,9,11,10,None,"Perception, Stealth","Fireweak, poisonimmu, poisonedimmu",Darkvision 60,"Auran, Terran","Death Burst, Innate Spellcasting",,,,,,,,,,,,,,,,,
"Mephit, Ice",Small,Elemental,0.50,,Monster Manual,Wizards of the Coast,11,21,"30, fly 30",NE,7,13,10,9,11,12,None,"Perception, Stealth","Bludgeoningweak, fireweak, coldimmu, poisonimmu, poisonedimmu",Darkvision 60,"Aquan, Auran","Death Burst, False Appearance, Innate Spellcasting",,,,,,,,,,,,,,,,,
"Mephit, Magma",Small,Elemental,0.50,,Monster Manual,Wizards of the Coast,11,22,"30, fly 30",NE,8,12,12,7,10,10,None,Stealth,"Coldweak, fireimmu, poisonimmu",Darkvision 60,"Ignan, Terran","Death Burst, False Appearance, Innate Spellcasting",,,,,,,,,,,,,,,,,
"Misc. Creature, Ape",Medium,Beast,0.50,,Monster Manual,Wizards of the Coast,12,19,"30, climb 30",U,16,14,14,6,12,7,None,"Athletics, Perception",None,Normal,None,None,,,,,,,,,,,,,,,,,
"Misc. Creature, Black Bear",Medium,Beast,0.50,,Monster Manual,Wizards of the Coast,11,19,"40, climb 30",U,15,10,14,2,12,7,None,Perception,None,Normal,None,Keen Smell,,,,,,,,,,,,,,,,,
"Misc. Creature, Crocodile",Large,Beast,0.50,,Monster Manual,Wizards of the Coast,12,19,"20, swim 30",U,15,10,13,2,10,5,None,Stealth,None,Normal,None,Hold Breath,,,,,,,,,,,,,,,,,
"Misc. Creature, Giant Goat",Large,Beast,0.50,,Monster Manual,Wizards of the Coast,11,19,40,U,17,11,12,3,12,6,None,None,None,Normal,None,"Charge, Sure-Footed",,,,,,,,,,,,,,,,,
"Misc. Creature, Giant Sea Horse",Large,Beast,0.50,,Monster Manual,Wizards of the Coast,13,16,swim 40,U,12,15,11,2,12,5,None,None,None,Normal,None,"Charge, Water Breathing",,,,,,,,,,,,,,,,,
"Misc. Creature, Giant Wasp",Medium,Beast,0.50,,Monster Manual,Wizards of the Coast,12,13,"10, fly 50",U,10,14,10,1,10,3,None,None,None,Normal,None,None,,,,,,,,,,,,,,,,,
"Misc. Creature, Reef Shark",Medium,Beast,0.50,,Monster Manual,Wizards of the Coast,12,22,swim 40,U,14,13,13,1,10,4,None,Perception,None,Blindsight 30,None,"Pack Tactics, Water Breathing",,,,,,,,,,,,,,,,,
"Misc. Creature, Swarm of Insects",Medium,Beast,0.50,,Monster Manual,Wizards of the Coast,12,22,"20, climb 20",U,3,13,10,1,7,1,None,None,"Bludgeoningres, piercingres, slashingres, charmedimmu, frightenedimmu, paralyzedimmu, petrifiedimmu, proneimmu, restrainedimmu, stunnedimmu",Blindsight 10,None,Swarm,,,,,,,,,,,,,,,,,
"Misc. Creature, Warhorse",Large,Beast,0.50,,Monster Manual,Wizards of the Coast,11,19,60,U,18,12,13,2,12,7,None,None,None,Normal,None,Trampling Charge,,,,,,,,,,,,,,,,,
"Misc. Creature, Worg",Large,Monstrosity,0.50,,Monster Manual,Wizards of the Coast,13,26,50,NE,16,13,13,7,11,8,None,Perception,None,Darkvision 60,"Goblin, Own","Keen Hearing, Keen Smell",,,,,,,,,,,,,,,,,
"Modron, Tridrone",Medium,Construct,0.50,,Monster Manual,Wizards of the Coast,15,16,30,LN,12,13,12,9,10,9,None,None,None,Truesight 120,Modron,"Axiomatic Mind, Disintegration",,,,,,,,,,,,,,,,,
Myconid Adult,Medium,Plant,0.50,,Monster Manual,Wizards of the Coast,12,22,20,LN,10,10,12,10,13,7,None,None,None,Darkvision 120,None,"Distress Spores, Sun Sickness",,,,,,,,,,,,,,,,,
"NPC, Scout",Medium,Humanoid,0.50,,Monster Manual,Wizards of the Coast,13,16,30,ANY,11,14,12,11,13,11,None,"Nature, Perception, Stealth, Survival",None,Normal,Any,"Keen Hearing, Keen Sight",,,,,,,,,,,,,,,,,
"NPC, Thug",Medium,Humanoid,0.50,,Monster Manual,Wizards of the Coast,11,32,30,NOT GOOD,15,11,14,10,10,11,None,Intimidation,None,Normal,Any,Pack Tactics,,,,,,,,,,,,,,,,,
"Ooze, Gray",Medium,Ooze,0.50,,Monster Manual,Wizards of the Coast,8,22,"10, climb 10",U,12,6,16,1,6,2,None,Stealth,"Acidres, coldres, fireres, blindedimmu, charmedimmu, deafenedimmu, exhaustionimmu, frightenedimmu, proneimmu",Blindsight 60,None,"Amorphous, Corrode Metal, False Appearance",,,,,,,,,,,,,,,,,
Orc,Medium,Humanoid,0.50,,Monster Manual,Wizards of the Coast,13,15,30,CE,16,12,16,7,11,10,None,Intimidation,None,Darkvision 60,"Common, Orc",Aggressive,,,,,,,,,,,,,,,,,
Orc Nurtured One of Yurtrus,Medium,Humanoid (Orc),0.50,,Volo's Guide to Monsters,Wizards of the Coast,9,30,30,CE,15,8,16,7,11,7,None,None,None,Darkvision 60,"Common, Orc","Aggressive, Corrupted Carrier, Nurtured One of Yurtrus",,,,,,,,,,,,,,,,,
Piercer,Medium,Monstrosity,0.50,,Monster Manual,Wizards of the Coast,15,22,"5, climb 5",U,10,13,16,1,7,3,None,Stealth,None,"Blindsight 30, darkvision 60",None,"False Appearance, Spider Climb",,,,,,,,,,,,,,,,,
Rust Monster,Medium,Monstrosity,0.50,,Monster Manual,Wizards of the Coast,14,27,40,U,13,12,13,2,13,6,None,None,None,Darkvision 60,None,"Iron Scent, Rust Metal",,,,,,,,,,,,,,,,,
Sahuagin,Medium,Humanoid,0.50,,Monster Manual,Wizards of the Coast,12,22,"30, swim 40",LE,13,11,12,12,13,9,None,Perception,None,Darkvision 120,Own,"Blood Frenzy, Limited Amphibious, Shark Telepathy",,,,,,,,,,,,,,,,,
Satyr,Medium,Fey,0.50,,Monster Manual,Wizards of the Coast,14,31,40,CN,12,16,11,12,10,14,None,"Perception, Performance, Stealth",None,Normal,"Common, Elvish, Sylvan",Magic Resistance,,,,,,,,,,,,,,,,,
Shadow,Medium,Undead,0.50,,Monster Manual,Wizards of the Coast,12,16,40,CE,6,14,13,6,10,8,None,Stealth,"Radiantweak, acidres, coldres, fireres, lightningres, thunderres, nonmagicalres, necroticimmu, poisonimmu, exhaustionimmu, frightenedimmu, grappledimmu, paralyzedimmu, petrifiedimmu, poisonedimmu, proneimmu, restrainedimmu",Darkvision 60,None,"Amorphous, Shadow Stealth, Sunlight Weakness",,,,,,,,,,,,,,,,,
"Skeleton, Warhorse",Large,Undead,0.50,https://roll20.net/compendium/dnd5e/Warhorse%20Skeleton#content,Monster Manual,Wizards of the Coast,13,22,60,LE,18,12,15,2,8,5,None,None,"Bludgeoningweak, poisonimmu, exhaustionimmu, poisonedimmu",Darkvision 60,None,None,,,,,,,,,,,,,,,,,
Skulk,Medium,Humanoid,0.50,https://www.aidedd.org/dnd/monstres.php?vo=skulk,Mordenkainen's Tome of Foes,Wizards of the Coast,14,18,30,CN,6,19,10,10,7,1,CON,Stealth,"Radiantimmu, blindedimmu",Darkvision 120,Common,"Fallible Invisibility, Trackless",,,,,,,,,,,,,,,,,
Thorn Slinger,Large,Plant,0.50,,Tales from the Yawning Portal,Wizards of the Coast,11,32,10,U,13,12,12,1,10,1,None,None,"Blindedimmu, deafenedimmu, frightenedimmu",Blindsight 60,None,"Adhesive Blossoms, False Appearance",,,,,,,,,,,,,,,,,
Topi,Small,Undead,0.50,,The Tortle Package,Wizards of the Coast,13,13,30,CE,7,15,12,6,10,5,None,None,"Bludgeoningres, poisonimmu, poisonedimmu",Darkvision 60,Alive,"Turn Resistance, Undead Fortitude",,,,,,,,,,,,,,,,,
Tri-Flower Frond,Medium,Plant,0.50,https://www.worldanvil.com/block/1047966,Tomb of Annihilation,Wizards of the Coast,10,11,5,U,1,10,12,1,10,1,None,None,"Blindedimmu, deafenedimmu, exhaustionimmu, proneimmu",Blindsight 30,None,None,,,,,,,,,,,,,,,,,
Zorbo,Small,Monstrosity,0.50,,Tomb of Annihilation,Wizards of the Coast,10,27,"30, climb 30",U,13,11,13,3,12,7,None,Athletics,None,Normal,None,"Magic Resistance, Natural Armor",,,,,,,,,,,,,,,,,
Aldani (Lobsterfolk),Medium,Monstrosity,1.00,,Tomb of Annihilation,Wizards of the Coast,14,49,"20, swim 30",LN,13,8,12,10,14,10,None,"Perception, Survival",None,Darkvision 60,Common,Amphibious,,,,,,,,,,,,,,,,,
"Animated Object, Armor",Medium,Construct,1.00,https://roll20.net/compendium/dnd5e/Animated%20Armor#content,Monster Manual,Wizards of the Coast,18,33,25,U,14,11,13,1,3,1,None,None,"Poisonimmu, psychicimmu, blindedimmu, charmedimmu, deafenedimmu, exhaustionimmu, frightenedimmu, paralyzedimmu, petrifiedimmu, poisonimmu",Blindsight 60,None,"Antimagic, False",,,,,,,,,,,,,,,,,
Bugbear,Medium,Humanoid,1.00,,Monster Manual,Wizards of the Coast,16,27,30,CE,15,14,13,8,11,9,None,"Stealth, Survival",None,Darkvision 60,"Common, Goblin","Brute, Surprise Attack",,,,,,,,,,,,,,,,,
Choker,Small,Aberration,1.00,,Mordenkainen's Tome of Foes,Wizards of the Coast,16,13,30,CE,16,14,13,4,12,7,None,Stealth,None,Darkvision 60,Deep Speech,"Aberrant Quickness, Boneless, Spider Climb",,,,,,,,,,,,,,,,,
"Clockwork, Bronze Scout",Medium,Construct,1.00,,Mordenkainen's Tome of Foes,Wizards of the Coast,13,18,"30, burrow 30",U,10,16,11,3,14,1,None,"Perception, Stealth","Poisonimmu, nonmagicalimmu, nonadamantineimmu, charmedimmu, exhaustionimmu, frightenedimmu, paralyzedimmu, petrifiedimmu, poisonedimmu",Darkvision 60,Creator,"Earth Armor, Magic Resistance",,,,,,,,,,,,,,,,,
Crag Cat,Large,Beast,1.00,,Storm King's Thunder,Wizards of the Coast,13,34,40,U,16,17,16,4,14,8,None,"Perception, Stealth",None,Darkvision 60,None,"Nondetection, Pounce, Spell Turning",,,,,,,,,,,,,,,,,
"Demon, Maw",Medium,Fiend (Demon),1.00,,Volo's Guide to Monsters,Wizards of the Coast,13,33,30,CE,14,8,13,5,8,5,None,None,"Coldres, fireres, lightningres, poisonimmu, charmedimmu, frightenedimmu, poisonedimmu",Darkvision 60,Abyssal,Rampage,,,,,,,,,,,,,,,,,
"Demon, Quasit",Tiny,Fiend (Demon),1.00,,Monster Manual,Wizards of the Coast,13,7,40,CE,5,17,10,7,10,10,None,Stealth,"Coldres, fireres, lightningres, nonmagicalres, poisonimmu, poisonedimmu",Darkvision 120,"Abyssal, Common","Shapechanger, Magic Resistance",,,,,,,,,,,,,,,,,
"Devil, Imp",Tiny,Fiend (Devil),1.00,,Monster Manual,Wizards of the Coast,13,10,"20, 40 fly",LE,6,17,13,11,12,14,None,"Deception, Insight, Persuasion, Stealth","Coldres, nonmagicalres, nonsilveredres, fireimmu, poisonimmu, poisonedimmu",Darkvision 120,"Infernal, Common","Shapechanger, Devil's Sight, Magic Resistance",,,,,,,,,,,,,,,,,
"Dinosaur, Deinonychus",Medium,Beast,1.00,,Volo's Guide to Monsters,Wizards of the Coast,13,26,40,U,15,15,14,4,12,6,None,Perception,None,Normal,None,Pounce,,,,,,,,,,,,,,,,,
"Dragon, Metallic, Brass, Wyrmling",Medium,Dragon,1.00,,Monster Manual,Wizards of the Coast,16,16,"30, burrow 15, fly 60",CG,15,10,13,10,11,13,"DEX, CON, WIS, CHA","Perception, Stealth",Fireimmu,"Blindsight 10, Darkvision 60",Draconic,None,,,,,,,,,,,,,,,,,
"Dragon, Metallic, Copper, Wyrmling",Medium,Dragon,1.00,,Monster Manual,Wizards of the Coast,16,22,"30, climb 30, fly 60",CG,15,12,13,14,11,13,"DEX, CON, WIS, CHA","Perception, Stealth",Acidimmu,"Blindsight 10, darkvision 60",Draconic,None,,,,,,,,,,,,,,,,,
Dragonclaw,Medium,Humanoid (Human),1.00,,Hoard of the Dragon Queen,Wizards of the Coast,14,16,30,NE,9,16,13,11,10,12,WIS,"Deception, Stealth",None,Normal,"Common, Draconic","Dragon Fanatic, Fanatical Advantage, Pack Tactics",,,,,,,,,,,,,,,,,
Dread Warrior,Medium,Undead,1.00,,Tales from the Yawning Portal,Wizards of the Coast,18,37,30,NE,15,11,16,10,12,10,WIS,"Athletics, Perception","Poisonimmu, exhaustionimmu, poisonedimmu",Darkvision 60,Common,Undead Fortitude,,,,,,,,,,,,,,,,,
Dryad,Medium,Fey,1.00,,Monster Manual,Wizards of the Coast,11,22,30,N,1,12,11,14,15,18,None,"Perception, Stealth",None,Darkvision 60,"Elvish, Sylvan","Innate Spellcasting, Magic Resistance, Speak with Beasts, Speak with Plants, Tree Stride",,,,,,,,,,,,,,,,,
Duergar,Medium,Humanoid,1.00,,Monster Manual,Wizards of the Coast,16,26,25,LE,14,11,14,11,10,9,None,None,Poisonres,Darkvision 120,"Dwarvish, Undercommon","Duergar Resilience, Sunlight Sensitivity",,,,,,,,,,,,,,,,,
Duergar Soulblade,Medium,Humanoid (Dwarf),1.00,,Mordenkainen's Tome of Foes,Wizards of the Coast,14,18,25,LE,11,16,10,11,10,12,None,None,Poisonres,Darkvision 120,"Dwarvish, Undercommon","Duergar Resilience, Create Soulblade, Innate Spellcasting, Sunlight Sensitivity",,,,,,,,,,,,,,,,,
Eblis,Large,Monstrosity,1.00,,Tomb of Annihilation,Wizards of the Coast,13,26,"30, fly 40",NE,11,16,12,12,14,11,None,None,None,Normal,"Auran, Common",Innate Spellcasting,,,,,,,,,,,,,,,,,
Faerie Dragon,Tiny,Dragon,1.00,,Monster Manual,Wizards of the Coast,15,14,"10, fly 60",CG,3,20,13,14,12,16,None,"Arcana, Perception, Stealth",None,Darkvision 60,"Draconic, Sylvan","Superior Invisibility, Limited Telepathy, Magic Resistance, Innate Spellcasting",,,,,,,,,,,,,,,,,
Firenewt Warlock of Imix,Medium,Humanoid (Firenewt),1.00,,Volo's Guide to Monsters,Wizards of the Coast,10,33,30,NE,13,11,12,9,11,14,None,None,Fireimmu,Darkvision 120,"Draconic, Ignan","Amphibious, Innate Spellcasting, Normal Spellcasting, Imix's Blessing",,,,,,,,,,,,,,,,,
Ghoul,Medium,Undead,1.00,,Monster Manual,Wizards of the Coast,12,22,30,CE,13,15,10,7,10,6,None,None,"Poisonimmu, charmedimmu, exhaustionimmu, poisonedimmu",Darkvision 60,Common,None,,,,,,,,,,,,,,,,,
Giant Strider,Large,Monstrosity,1.00,http://dndroll.wikidot.com/creatures:giant-strider,Volo's Guide to Monsters,Wizards of the Coast,14,22,50,NE,18,13,14,4,12,6,None,None,Fireimmu,Normal,None,Fire Absorption,,,,,,,,,,,,,,,,,
Gnoll Flesh Gnawer,Medium,Humanoid (Gnoll),1.00,,Volo's Guide to Monsters,Wizards of the Coast,14,22,30,CE,12,14,12,8,10,8,DEX,None,None,Darkvision 60,Gnoll,Rampage,,,,,,,,,,,,,,,,,
Goblin Boss,small,Humanoid,1.00,,Monster Manual,Wizards of the Coast,17,21,30,NE,10,14,10,10,8,10,None,Stealth,None,Darkvision 60,"Common, Goblin",Nimble Escape,,,,,,,,,,,,,,,,,
Grung Wildling,Small,Humanoid (Grung),1.00,,Volo's Guide to Monsters,Wizards of the Coast,13,27,"25, climb 25",LE,7,16,15,10,15,11,DEX,"Athletics, Perception, Stealth, Survival","Poisonimmu, poisonedimmu",Normal,Own,"Amphibious, Poisonous SKin, Normal Spellcasting, Standing Leap",,,,,,,,,,,,,,,,,
Guardian Portrait,Medium,Construct,1.00,,Curse of Strahd,Wizards of the Coast,5,22,None,U,1,1,10,14,10,10,None,None,"Poisonimmu, charmedimmu, exhaustionimmu, frightenedimmu, grappledimmu, paralyzedimmu, petrifiedimmu, poisonimmu, proneimmu, restrainedimmu",Darkvision 60,"Common, Any","False, Innate Spellcasting",,,,,,,,,,,,,,,,,
Harpy,Medium,Monstrosity,1.00,,Monster Manual,Wizards of the Coast,11,38,"20, fly 40",CE,12,13,12,7,10,13,None,None,None,Normal,Common,None,,,,,,,,,,,,,,,,,
Hippogriff,Large,Monstrosity,1.00,,Monster Manual,Wizards of the Coast,11,19,"40, fly 60",U,17,13,13,2,12,8,None,Perception,None,Normal,None,Keen Sight,,,,,,,,,,,,,,,,,
"Howling Hatred, Feathergale Knight",Medium,Humanoid (Human),1.00,,Princes of the Apocalypse,Wizards of the Coast,16,33,30,LE,14,14,12,11,10,14,None,"Animal Handling, History",None,Normal,"Auran, Common",Normal Spellcasting,,,,,,,,,,,,,,,,,
Ice Toad,Medium,Monstrosity,1.00,,Rise of Tiamat,Wizards of the Coast,12,32,"30, swim 30",N,13,10,14,8,10,6,None,Perception,Coldimmu,Darkvision 60,Own,"Amphibious, Cold Aura, Standing Leap",,,,,,,,,,,,,,,,,
Kobold Dragonshield,Small,Humanoid (Kobold),1.00,,Volo's Guide to Monsters,Wizards of the Coast,15,44,20,LE,12,15,14,8,9,10,None,Perception,"Acidres, coldres, fireres, lightningres, poisonres",Darkvision 60,"Common, Draconic","Dragon's Resistance, Heart of the Dragon, Pack Tactics, Sunlight Sensitivity",,,,,,,,,,,,,,,,,
Kobold Scale Sorcerer,Small,Humanoid (Kobold),1.00,,Volo's Guide to Monsters,Wizards of the Coast,15,27,30,LE,7,15,14,10,9,14,None,"Arcana, Medicine",None,Darkvision 60,"COmmon, Draconic","Normal Spellcasting, Sorcery Points, Pack Tactics, Sunlight Sensitivity",,,,,,,,,,,,,,,,,
Kuo-Toa Whip,Medium,Humanoid,1.00,,Monster Manual,Wizards of the Coast,11,65,"30, swim 30",NE,14,10,14,12,14,11,None,"Perception, Religion",None,Darkvision 120,Undercommon,"Amphibious, Otherworldly Perception, Slippery, Sunlight Sensitivity, Normal Spellcasting",,,,,,,,,,,,,,,,,
Mantrap,Large,Plant,1.00,,Tomb of Annihilation,Wizards of the Coast,12,45,5,U,15,14,12,1,10,2,None,None,"Blindedimmu, deafenedimmu, exhaustionimmu, proneimmu",Tremorsense 30,None,"Attractive Pollen, False Appearance",,,,,,,,,,,,,,,,,
Meazel,Medium,Humanoid (Meazel),1.00,,Mordenkainen's Tome of Foes,Wizards of the Coast,13,35,30,NE,8,17,9,14,13,10,None,"Perception, Stealth",None,Darkvision 120,Common,Shadow Stealth,,,,,,,,,,,,,,,,,
"Misc. Creature, Brown Bear",Large,Beast,1.00,,Monster Manual,Wizards of the Coast,11,34,"40, climb 30",U,19,10,16,2,13,7,None,Perception,None,Normal,None,Keen Smell,,,,,,,,,,,,,,,,,
"Misc. Creature, Death Dog",Medium,Monstrosity,1.00,,Monster Manual,Wizards of the Coast,12,39,40,NE,15,14,14,3,13,6,None,"Perception, Stealth",None,Darkvision 120,None,Two-Headed,,,,,,,,,,,,,,,,,
"Misc. Creature, Dire Wolf",Large,Beast,1.00,,Monster Manual,Wizards of the Coast,14,37,50,U,17,15,15,3,12,7,None,"Perception, Stealth",None,Normal,None,"Keen Hearing, Keen Smell, Pack Tactics",,,,,,,,,,,,,,,,,
"Misc. Creature, Giant Eagle",Large,Beast,1.00,,Monster Manual,Wizards of the Coast,13,26,"10, fly 80",NG,16,17,13,8,14,10,None,Perception,None,Normal,"Own, Common, Auran",Keen Sight,,,,,,,,,,,,,,,,,
"Misc. Creature, Giant Hyena",Large,Beast,1.00,,Monster Manual,Wizards of the Coast,12,45,50,U,16,14,14,2,12,7,None,Perception,None,Normal,None,Rampage,,,,,,,,,,,,,,,,,
"Misc. Creature, Giant Octopus",Large,Beast,1.00,,Monster Manual,Wizards of the Coast,11,52,"10, swim 60",U,17,13,13,4,10,4,None,"Perception, Stealth",None,Darkvision 60,None,"Hold Breath, Underwater Camouflage, Water Breathing",,,,,,,,,,,,,,,,,
"Misc. Creature, Giant Spider",Large,Beast,1.00,,Monster Manual,Wizards of the Coast,14,26,"30, climb 30",U,14,16,12,2,11,4,None,Stealth,None,"Blindsight 10, darkvision 60",None,"Spider Climb, Web Sense, Web Walker",,,,,,,,,,,,,,,,,
"Misc. Creature, Giant Toad",Large,Beast,1.00,,Monster Manual,Wizards of the Coast,11,39,"20, swim 40",U,15,13,13,2,10,3,None,None,None,Darkvision 30,None,"Amphibious, Standing Leap",,,,,,,,,,,,,,,,,
"Misc. Creature, Giant Vulture",Large,Beast,1.00,,Monster Manual,Wizards of the Coast,10,22,"10, fly 60",NE,15,10,15,6,12,7,None,Perception,None,Normal,Common,"Keen Sight, Keen Smell, Pack Tactics",,,,,,,,,,,,,,,,,
"Misc. Creature, Lion",Large,Beast,1.00,,Monster Manual,Wizards of the Coast,12,26,50,U,17,15,13,3,12,8,None,"Perception, Stealth",None,Normal,None,"Keen Smell, Pack Tactics, Pounce, Running Leap",,,,,,,,,,,,,,,,,
"Misc. Creature, Swarm of Quippers",Medium,Beast,1.00,,Monster Manual,Wizards of the Coast,13,28,swim 40,U,13,16,9,1,7,2,None,None,"Bludgeoningres, piercingres, slashingres, charmedimmu, frightenedimmu, paralyzedimmu, petrifiedimmu, proneimmu, restrainedimmu, stunnedimmu",Normal,None,"Blood Frenzy, Swarm, Water Breathing",,,,,,,,,,,,,,,,,
"Misc. Creature, Tiger",Large,Beast,1.00,,Monster Manual,Wizards of the Coast,12,37,40,U,17,15,14,3,12,8,None,"Perception, Stealth",None,Darkvision 60,None,"Keen Smell, Pounce",,,,,,,,,,,,,,,,,
"Modron, Quadrone",Medium,Construct,1.00,,Monster Manual,Wizards of the Coast,16,22,"30, fly 30",LN,12,14,12,10,10,11,None,Perception,None,Truesight 120,Modron,"Axiomatic Mind, Disintegration",,,,,,,,,,,,,,,,,
Nilbog,Small,Humanoid (Goblinoid),1.00,,Volo's Guide to Monsters,Wizards of the Coast,13,7,30,CE,8,14,10,10,8,15,None,Stealth,None,Darkvision 60,"COmmon, Goblin","Innate Spellcasting, Nilbogism, Nimble Escape",,,,,,,,,,,,,,,,,
"NPC, Spy",Medium,Humanoid,1.00,,Monster Manual,Wizards of the Coast,12,27,30,ANY,10,15,10,12,14,16,None,"Deception, Insight, Investigation, Perception, Persuasion, Sleight of Hand, Stealth",None,Normal,Any,"Cunning Action, Sneak Attack",,,,,,,,,,,,,,,,,
"Ogre, Half",Large,Giant,1.00,,Monster Manual,Wizards of the Coast,12,30,30,ANY CHAOTIC,17,10,14,7,9,10,None,None,None,Darkvision 60,"Common, Giant",None,,,,,,,,,,,,,,,,,
Pterafolk,Large,Monstrosity,1.00,,Tomb of Annihilation,Wizards of the Coast,12,26,"30, fly 50",NE,15,13,12,9,10,11,None,"Perception, Survival",None,Normal,Common,Terror Dive,,,,,,,,,,,,,,,,,
Quickling,Tiny,Fey,1.00,,Volo's Guide to Monsters,Wizards of the Coast,16,10,120,CE,4,23,13,10,12,7,None,"Acrobatics, Sleight of Hand, Stealth, Perception",None,Darkvision 60,"Common, Sylvan","Blurred Movement, Evasion",,,,,,,,,,,,,,,,,
"Salamander, Fire Snake",Medium,Elemental,1.00,,Monster Manual,Wizards of the Coast,14,22,30,NE,12,14,11,7,10,8,None,None,"Coldweak, nonmagicalres, fireimmu",Darkvision 60,Ignan,"Heated Body, Heated Weapons",,,,,,,,,,,,,,,,,
Scarecrow,Medium,Construct,1.00,,Monster Manual,Wizards of the Coast,11,36,30,CE,11,13,11,10,10,13,None,None,"Fireweak, nonmagicalres, poisonimmu, charmedimmu, exhaustionimmu, frightenedimmu, paralyzedimmu, poisonedimmu, unconsciousimmu",Darkvision 60,Creator,False Appearance,,,,,,,,,,,,,,,,,
Sea Spawn,Medium,Humanoid,1.00,,Volo's Guide to Monsters,Wizards of the Coast,11,32,"20, swim 30",NE,15,8,15,6,10,8,None,None,None,Darkvision 120,"Aquan, Common",Limited Amphibiousness,,,,,,,,,,,,,,,,,
Specter,Medium,Undead,1.00,,Monster Manual,Wizards of the Coast,12,22,fly 50,CE,1,14,11,10,10,11,None,None,"Acidres, coldres, fireres, lightningres, thunderres, nonmagicalres, necroticimmu, poisonimmu, charmedimmu, exhaustionimmu, grappledimmu, paralyzedimmu, petrifiedimmu, poisonedimmu, proneimmu, restrainedimmu, unconsciousimmu",Darkvision 60,Any,"Incorporeal Movement, Sunlight Sensitivity",,,,,,,,,,,,,,,,,
"Steeder, Female",Large,Monstrosity,1.00,,Mordenkainen's Tome of Foes,Wizards of the Coast,14,30,"30, climb 30",U,15,16,14,2,10,3,None,"Perception, Stealth",None,Darkvision 120,None,"Spider Climb, Extraordinary Leap",,,,,,,,,,,,,,,,,
Stone Cursed,Medium,Construct,1.00,,Mordenkainen's Tome of Foes,Wizards of the Coast,17,19,10,LE,16,5,14,5,8,7,None,None,"Bludgeoningweak, poisonimmu, charmedimmu, exhaustionimmu, frightenedimmu, petrifiedimmu, poisonedimmu",Normal,Any,"Cunning Opportunist, False Appearance",,,,,,,,,,,,,,,,,
Su-Monster,Medium,Monstrosity,1.00,,Tomb of Annihilation,Wizards of the Coast,12,27,"30, climb 30",CE,14,15,12,9,13,9,None,"Athletics, Perception",None,Normal,None,None,,,,,,,,,,,,,,,,,
Tabaxi Hunter,Medium,Humanoid (Tabaxi),1.00,,Tomb of Annihilation,Wizards of the Coast,14,40,"30, climb 20",CG,10,17,11,13,14,15,None,"Athletics, Perception, Stealth, Survival",None,Darkvision 60,"Common, Any",Feline Agility,,,,,,,,,,,,,,,,,
Thorny,Medium,Plant,1.00,,Volo's Guide to Monsters,Wizards of the Coast,14,27,30,N,13,12,13,2,10,6,None,"Perception, Stealth","Lightningres, piercingres",Darkvision 60,Own,"Plant Camouflage, Regeneration",,,,,,,,,,,,,,,,,
Thri-Kreen,Medium,Humanoid,1.00,,Monster Manual,Wizards of the Coast,15,33,40,CN,12,15,13,8,12,7,None,"Perception, Stealth, Survival",None,Darkvision 60,Own,"Chameleon Carapace, Standing Leap",,,,,,,,,,,,,,,,,
Tiny Servant,Tiny,Construct,1.00,,Xanathar's Guide to Everything,Wizards of the Coast,15,10,"30, climb 30",U,4,16,10,2,10,1,None,None,"Poisonimmu, psychicimmu, blindedimmu, charmedimmu, deafenedimmu, exhaustionimmu, frightenedimmu, paralyzedimmu, petrifiedimmu, poisonedimmu",Blindsight 60,None,None,,,,,,,,,,,,,,,,,
Vargouille,Tiny,Fiend,1.00,,Volo's Guide to Monsters,Wizards of the Coast,12,13,"5, fly 40",CE,6,14,14,4,7,2,None,None,"Coldres, fireres, lightningres, poisonimmu, poisonedimmu",Darkvision 60,"Abyssal, Infernal, Any",None,,,,,,,,,,,,,,,,,
Xvart Warlock of Raxivort,Small,Humanoid (Xvart),1.00,,Volo's Guide to Monsters,Wizards of the Coast,12,22,30,CE,8,14,12,8,11,12,None,Stealth,None,Darkvision 30,Abyssal,"Innate Spellcasting, Normal Spellcasting, Low Cunning, Raxivort's Blessing, Raxivort's Tongue",,,,,,,,,,,,,,,,,
Yuan-Ti Pureblood,Medium,Monstrosity,1.00,,Monster Manual,Wizards of the Coast,11,40,30,NE,11,12,11,13,12,14,None,"Deception, Perception, Stealth","Poisonimmu, poisonedimmu",Darkvision 60,"Abyssal, Common, Draconic","Innate Spellcasting, Magic Resistance",,,,,,,,,,,,,,,,,
"Zombie, Strahd",Medium,Undead,1.00,,Curse of Strahd,Wizards of the Coast,8,30,20,U,13,6,16,3,6,5,WIS,None,None,Darkvision 60,Any,Loathsome Limbs,,,,,,,,,,,,,,,,,
"Animated Object, Rug of Smothering",Large,Construct,2.00,,Monster Manual,Wizards of the Coast,12,33,10,U,17,14,10,1,3,1,None,None,"Poisonimmu, psychicimmu, blindedimmu, charmedimmu, deafenedimmu, frightenedimmu, paralyzedimmu, petrifiedimmu, poisonimmu",Blindsight 60,None,"Antimagic, Damage Transfer, False",,,,,,,,,,,,,,,,,
"Animated Object, Table",Large,Construct,2.00,,Tales from the Yawning Portal,Wizards of the Coast,15,39,40,U,18,8,13,1,3,1,None,None,"Poisonimmu, psychicimmu, blindedimmu, charmedimmu, deafenedimmu, exhaustionimmu, frightenedimmu, paralyzedimmu, petrifiedimmu, poisonedimmu",Blindsight 60,None,"Antimagic Susceptibility, False Appearance, Charge",,,,,,,,,,,,,,,,,
Ankheg,Large,Monstrosity,2.00,,Monster Manual,Wizards of the Coast,14,39,"30, 10 burrow",U,17,11,13,1,13,6,None,None,None,"Darkvision 60, tremorsense 60",None,None,,,,,,,,,,,,,,,,,
"Assorted Beast, Aurochs",Large,Beast,2.00,,Volo's Guide to Monsters,Wizards of the Coast,11,38,50,U,20,10,19,2,12,5,None,None,None,Normal,None,Charge,,,,,,,,,,,,,,,,,
Awakened Zurkhwood,Huge,Plant,2.00,,Out of the Abyss,Wizards of the Coast,13,59,20,U,19,6,15,10,10,7,None,None,"Fireweak, bludgeoningres, piercingres",Normal,Any,False Appearance,,,,,,,,,,,,,,,,,
Azer,Medium,Elemental,2.00,,Monster Manual,Wizards of the Coast,17,39,30,LN,17,12,15,12,13,10,CON,None,"Fireimmu, poisonimmu, poisonimmu",Normal,Ignan,"Heated Body, Heated Weapons, Illumination",,,,,,,,,,,,,,,,,
Berbalang,Medium,Aberration,2.00,,Mordenkainen's Tome of Foes,Wizards of the Coast,14,38,"30, fly 40",NE,9,16,9,17,11,10,None,"Arcana, History, Insight, Perception, Religion",None,Truesight 120,All,"Spectral Duplicate, Innate Spellcasting",,,,,,,,,,,,,,,,,
Black Earth Guard,Medium,Humanoid (Human),2.00,,Princes of the Apocalypse,Wizards of the Coast,18,39,30,NE,17,11,14,10,10,9,None,"Intimidation, Perception",None,Normal,Common,None,,,,,,,,,,,,,,,,,
Carrion Crawler,Large,Monstrosity,2.00,,Monster Manual,Wizards of the Coast,13,51,"30, 30 climb",U,14,13,16,1,12,5,None,Perception,None,Darkvision 60,None,"Keen Smell, Spider Climb",,,,,,,,,,,,,,,,,
Centaur,Large,Monstrosity,2.00,,Monster Manual,Wizards of the Coast,12,45,50,NG,18,14,14,9,13,11,None,"Athletics, Perception, Survival",None,Normal,"Elvish, Sylvan",Charge,,,,,,,,,,,,,,,,,
Crushing Wave Priest,Medium,Humanoid (Human),2.00,,Princes of the Apocalypse,Wizards of the Coast,13,52,30,NE,15,11,14,10,11,16,None,"Deception, Religion, Stealth",None,Normal,"Aquan, COmmon",Normal Spellcasting,,,,,,,,,,,,,,,,,
"Crushing Wave, Fathomer",Medium,Humanoid (Human),2.00,,Princes of the Apocalypse,Wizards of the Coast,10,52,30,NE,14,11,14,11,11,15,None,"Arcana, Perception, Stealth",None,Normal,"Aquan, Common","Shapechanger, Olhydra's Armor, Normal Spellcasting",,,,,,,,,,,,,,,,,
Darkling Elder,Medium,Fey,2.00,,Volo's Guide to Monsters,Wizards of the Coast,15,27,30,CN,13,17,12,10,14,13,None,"Acrobatics, Deception, Perception, Stealth",None,"Blindsight 30, darkvision 120","Elvish, Sylvan",Death Burn,,,,,,,,,,,,,,,,,
"Demon, Rutterkin",Medium,Fiend (Demon),2.00,,Mordenkainen's Tome of Foes,Wizards of the Coast,12,37,20,CE,14,15,17,5,12,6,None,None,"COldres, fireres, lightningres, poisonimmu, charmedimmu, frightenedimmu, poisonedimmu",Darkvision 120,Abyssal,Crippling Fear,,,,,,,,,,,,,,,,,
"Devil, Spined",Small,Fiend (Devil),2.00,,Monster Manual,Wizards of the Coast,15,22,"20, 40 fly",LE,10,15,12,11,14,8,None,None,"Coldres, nonmagicalres, nonsilveredres, fireimmu, poisonimmu, poisonedimmu",Darkvision 120,"Infernal, telepathy 120","Devil's Sight, Flyby, Limited Spines, Magic Resistance",,,,,,,,,,,,,,,,,
"Dinosaur, Allosaurus",Large,Beast,2.00,,Monster Manual,Wizards of the Coast,13,51,60,U,19,13,17,2,12,5,None,Perception,None,Normal,None,Pounce,,,,,,,,,,,,,,,,,
"Dinosaur, Plesiosaurus",Large,Beast,2.00,,Monster Manual,Wizards of the Coast,13,68,"20, swim 40",U,18,15,16,2,12,5,None,"Perception, Stealth",None,Normal,None,Hold Breath,,,,,,,,,,,,,,,,,
"Dinosaur, Quetzalcoatlus",Huge,Beast,2.00,,Volo's Guide to Monsters,Wizards of the Coast,13,30,"10, fly 80",U,15,13,13,2,10,5,None,Perception,None,Normal,None,"Dive Attack, FLyby",,,,,,,,,,,,,,,,,
"Dragon, Chromatic, Black, Wyrmling",Medium,Dragon,2.00,,Monster Manual,Wizards of the Coast,17,33,"30, fly 60, 30 swim",CE,15,14,13,10,11,13,"DEX, CON, WIS, CHA","Perception, Stealth",Acidimmu,"Blindsight 30, darkvision 120","Common, Draconic",Amphibious,,,,,,,,,,,,,,,,,
"Dragon, Chromatic, Green, Wyrmling",Medium,Dragon,2.00,,Monster Manual,Wizards of the Coast,17,38,"30, fly 60, swim 30",LE,15,12,13,14,11,13,"DEX, CON, WIS, CHA","Perception, Stealth","Poisonimmu, poisonedimmu","Blindsight 30, darkvision 120",Draconic,Amphibious,,,,,,,,,,,,,,,,,
"Dragon, Chromatic, White, Wyrmling",Medium,Dragon,2.00,,Monster Manual,Wizards of the Coast,16,32,"30, burrow 15, fly 60, swim 30",CE,14,10,14,5,10,11,"DEX, CON, WIS, CHA","Perception, Stealth",Coldimmu,"Blindsight 10, darkvision 60",Draconic,Ice Walk,,,,,,,,,,,,,,,,,
"Dragon, Metallic, Bronze, Wyrmling",Medium,Dragon,2.00,,Monster Manual,Wizards of the Coast,17,32,"30, fly 60, swim 30",LG,17,10,15,12,11,15,"DEX, CON, WIS, CHA","Perception, Stealth",Lightningimmu,"Blindsight 10, darkvision 60",Draconic,Amphibious,,,,,,,,,,,,,,,,,
"Dragon, Metallic, Silver, Wyrmling",Medium,Dragon,2.00,,Monster Manual,Wizards of the Coast,17,45,"30, fly 60",LG,19,10,17,12,11,15,"DEX, CON, WIS, CHA","Perception, Stealth",Coldimmu,"Blindsight 10, darkvision 60",Draconic,None,,,,,,,,,,,,,,,,,
Dragonwing,Medium,Humanoid (Human),2.00,,Hoard of the Dragon Queen,Wizards of the Coast,14,32,30,NE,9,16,13,11,10,12,WIS,"Deception, Stealth",None,Normal,"Common, Draconic","Dragon Fanatic, Fanatical Advantage, Pack Tactics",,,,,,,,,,,,,,,,,
Duergar Darkhaft,Medium,Humanoid (Dwarf),2.00,,Out of the Abyss,Wizards of the Coast,16,26,25,LE,14,11,14,11,10,9,None,None,Poisonres,Darkvision 120,"Dwarvish, Undercommon","Duergar Resilience, Sunlight Sensitivity, Normal Spellcasting (Psionics)",,,,,,,,,,,,,,,,,
Duergar Hammerer,Medium,Humanoid (Dwarf),2.00,,Mordenkainen's Tome of Foes,Wizards of the Coast,17,33,20,LE,17,7,12,5,5,5,None,None,"Poisonimmu, charmedimmu, exhaustionimmu, frightenedimmu, paralyzedimmu, petrifiedimmu, poisonedimmu",Darkvision 60,Dwarvish,"Engine of Pain, Siege Monster",,,,,,,,,,,,,,,,,
Duergar Kavalrachni,Medium,Humanoid (Dwarf),2.00,,Mordenkainen's Tome of Foes,Wizards of the Coast,16,26,25,LE,14,11,14,11,10,9,None,None,Poisonres,Darkvision 120,"Dwarvish, Undercommon","Cavalry Training, Duergar Resilience, Sunlight Sensitivity",,,,,,,,,,,,,,,,,
Duergar Keeper of the Flame,Medium,Humanoid (Dwarf),2.00,,Out of the Abyss,Wizards of the Coast,16,26,25,LE,14,11,14,11,10,9,None,None,Poisonres,Darkvision 120,"Dwarvish, Undercommon","Duergar Resilience, Innate Spellcasting (Psionics), Normal Spellcasting",,,,,,,,,,,,,,,,,
Duergar Mind Master,Medium,Humanoid (Dwarf),2.00,,Mordenkainen's Tome of Foes,Wizards of the Coast,14,39,25,LE,11,17,14,15,10,12,WIS,"Perception, Stealth",Poisonres,"Darkvision 120, truesight 30","Dwarvish, Undercommon","Duergar Resilience, Sunlight Sensitivity",,,,,,,,,,,,,,,,,
Duergar Spy,Medium,Humanoid (Dwarf),2.00,,Tales from the Yawning Portal,Wizards of the Coast,15,33,25,LE,10,16,12,12,10,13,None,"Deception, Insight, Investigation, Perception, Persuasion, Sleight of Hand, Stealth",Poisonres,Darkvision 120,"Dwarvish, Undercommon","Cunning Action, Duergar Resilience, Sneak Attack, Sunlight Sensitivity",,,,,,,,,,,,,,,,,
Duergar Stone Guard,Medium,Humanoid (Dwarf),2.00,,Mordenkainen's Tome of Foes,Wizards of the Coast,18,39,25,LE,18,11,14,11,10,9,None,None,Poisonres,Darkvision 120,"Dwarvish, Undercommon","Duergar Resilience, Phalanx Formation, Sunlight Sensitivity",,,,,,,,,,,,,,,,,
Duergar Xarrorn,Medium,Humanoid (Dwarf),2.00,,Mordenkainen's Tome of Foes,Wizards of the Coast,18,26,25,LE,16,11,14,11,10,9,None,None,Poisonres,Darkvision 120,"Dwarvish, Undercommon","Duergar Resilience, Sunlight Sensitivity",,,,,,,,,,,,,,,,,
Eternal Flame Guardian,Medium,Humanoid (Human),2.00,,Princes of the Apocalypse,Wizards of the Coast,17,45,30,CE,15,13,14,8,11,13,None,"Intimidation, Perception",Fireres,Normal,Common,Flaming Weapon,,,,,,,,,,,,,,,,,
Ettercap,Medium,Monstrosity,2.00,,Monster Manual,Wizards of the Coast,13,44,"30, climb 30",NE,14,15,13,7,12,8,None,"Perception, Stealth, Survival",None,Darkvision 60,None,"Spider Climb, Web Sense, Web Walker",,,,,,,,,,,,,,,,,
F,Medium,Humanoid,2.00,,Monster Manual,Wizards of the Coast,16,45,30,CE,16,12,16,9,13,12,None,"Intimidation, Religion",None,Darkvision 60,"Common, Orc","Aggressive, Gruumsh's Fury, Normal Spellcasting",,,,,,,,,,,,,,,,,
Gargoyle,Medium,Elemental,2.00,,Monster Manual,Wizards of the Coast,15,52,"30, fly 60",CE,15,11,16,6,11,7,None,None,"Nonadamantineres, poisonimmu, exhaustionimmu, petrifiedimmu, poisonedimmu",Darkvision 60,Terran,False Appearance,,,,,,,,,,,,,,,,,
"Ghoul, Ghast",Medium,Undead,2.00,,Monster Manual,Wizards of the Coast,13,36,30,CE,16,17,10,11,10,8,None,None,"Necroticres, poisonimmu, charmedimmu, exhaustionimmu, poisonedimmu",Darkvision 60,Common,"Stench, Turning Defiance",,,,,,,,,,,,,,,,,
Giant Crayfish,Large,Beast,2.00,,Tales from the Yawning Portal,Wizards of the Coast,15,45,"30, swim 30",U,15,13,13,1,9,3,None,Stealth,None,Blindsight 30,None,Amphibious,,,,,,,,,,,,,,,,,
Gibbering Mouther,Medium,Aberration,2.00,,Monster Manual,Wizards of the Coast,9,67,"10, swim 10",N,10,8,16,3,10,6,None,None,Proneimmu,Darkvision 60,None,"Aberrant Ground, Gibbering",,,,,,,,,,,,,,,,,
Githzerai Monk,Medium,Humanoid,2.00,,Monster Manual,Wizards of the Coast,14,38,30,LN,12,15,12,13,14,10,"STR, DEX, INT, WIS","Insight, Perception",None,Normal,Own,"Innate Spellcasting (Psionics), Psychic Defense",,,,,,,,,,,,,,,,,
Gnoll Pack Lord,Medium,Humanoid,2.00,,Monster Manual,Wizards of the Coast,15,49,30,CE,16,14,13,8,11,9,None,None,None,Darkvision 60,Gnoll,Rampage,,,,,,,,,,,,,,,,,
Grick,Medium,Monstrosity,2.00,,Monster Manual,Wizards of the Coast,14,27,"30, climb 30",N,14,14,11,3,14,5,None,None,Nonmagicalres,Darkvision 60,None,Stone Camouflage,,,,,,,,,,,,,,,,,
Griffon,Large,Monstrosity,2.00,,Monster Manual,Wizards of the Coast,12,59,"30, fly 80",U,18,15,16,2,13,8,None,Perception,None,Darkvision 60,None,Keen Sight,,,,,,,,,,,,,,,,,
Grung Elite Warrior,Small,Humanoid (Grung),2.00,,Volo's Guide to Monsters,Wizards of the Coast,13,49,"25, climb 25",LE,7,16,15,10,11,12,DEX,"Athletics, Perception, Stealth, Survival","Poisonimmu, poisonedimmu",Normal,Own,"Amphibious, Poisonous Skin, Standing Leap",,,,,,,,,,,,,,,,,
Guard Drake,Medium,Dragon,2.00,,Volo's Guide to Monsters,Wizards of the Coast,14,52,30,U,16,11,16,4,10,7,None,Perception,None,Darkvision 60,"Draconic, Ignan",None,,,,,,,,,,,,,,,,,
"Hag, Sea",Medium,Fey,2.00,,Monster Manual,Wizards of the Coast,14,52,"30, swim 40",CE,16,13,16,12,12,13,None,None,None,Darkvision 60,"Aquan, Common, Giant","Amphibious, Horrific Appearance",,,,,,,,,,,,,,,,,
Hobgoblin Iron Shadow,Medium,Humanoid (Goblinoid),2.00,,Volo's Guide to Monsters,Wizards of the Coast,15,32,40,LE,14,16,15,14,15,11,None,"Acrobatics, Athletics, Stealth",None,Darkvision 60,"Common, Goblin","Normal Spellcasting, Unarmored Defense",,,,,,,,,,,,,,,,,
Howling Hatred Priest,Medium,Humanoid (Human),2.00,,Princes of the Apocalypse,Wizards of the Coast,15,45,30,NE,12,16,10,14,10,14,None,"Acrobatics, Intimidation, Religion",None,Normal,"Auran, Common","Hold Breath, Normal Spellcasting",,,,,,,,,,,,,,,,,
"Howling Hatred, Hurricane",Medium,Humanoid (Human),2.00,,Princes of the Apocalypse,Wizards of the Coast,14,33,45,LE,12,16,13,10,12,10,None,Acrobatics,None,Normal,"Auran, Common","Normal Spellcasting, Unarmored Defense, Unarmored Movement",,,,,,,,,,,,,,,,,
Intellect Devourer,Tiny,Aberration,2.00,,Monster Manual,Wizards of the Coast,12,21,40,LE,6,14,13,12,11,10,None,"Perception, Stealth","Nonmagicalres, blindedimmu",Blindsight 60,"Deep Speech, telepathy 60",Detect Sentience,,,,,,,,,,,,,,,,,
"Ixitxachitl, Vampiric",Medium,Aberration,2.00,,Out of the Abyss,Wizards of the Coast,16,44,swim 30,CE,14,18,13,12,13,7,None,None,None,Darkvision 60,"Abyssal, Own",Regeneration,,,,,,,,,,,,,,,,,
"Kruthik, Adult",Medium,Monstrosity,2.00,,Mordenkainen's Tome of Foes,Wizards of the Coast,18,39,"40, burrow 20, climb 40",U,15,16,15,7,12,8,None,None,None,"Darkvision 60, tremorsense 60",Own,"Keen Smell, Pack Tactics, Tunneler",,,,,,,,,,,,,,,,,
Lizardfolk Shaman,Medium,Humanoid,2.00,,Monster Manual,Wizards of the Coast,13,27,"30, swim 30",N,15,10,13,10,15,8,None,"Perception, Stealth, Survival",None,Normal,Draconic,"Hold Breath, Normal Spellcasting",,,,,,,,,,,,,,,,,
"Lycanthrope, Wererat",Medium,Humanoid,2.00,,Monster Manual,Wizards of the Coast,12,33,30,LE,10,15,12,11,10,8,None,"Perception, Stealth","Nonmagicalimmu, nonsilveredimmu",Darkvision 60,Common,"Shapechanger, Keen Smell",,,,,,,,,,,,,,,,,
"Lycanthrope, Wereraven",Medium,"Humanoid (Human)
Humanoid (Shapechanger)",2.00,,Curse of Strahd,Wizards of the Coast,12,31,30,LG,10,15,11,13,15,14,None,"Insight, Perception","Nonmagicalimmu, nonsilveredimmu",Normal,Common,"Shapechanger, Mimicry",,,,,,,,,,,,,,,,,
Meenlock,Small,Fey,2.00,,Volo's Guide to Monsters,Wizards of the Coast,15,31,30,NE,7,15,12,11,10,8,None,"Perception, Stealth, Survival",Frightenedimmu,Darkvision 120,Telepathy 120,"Fear Aura, Light Sensitivity, Shadow Teleport",,,,,,,,,,,,,,,,,
Merrow,Large,Monstrosity,2.00,,Monster Manual,Wizards of the Coast,13,45,"10, swim 40",CE,18,10,15,8,10,9,None,"Death Burst, Innate Spellcasting",None,Darkvision 60,"Abyssal, Aquan",Amphibious,,,,,,,,,,,,,,,,,
Mimic,Medium,Monstrosity,2.00,,Monster Manual,Wizards of the Coast,12,58,15,N,17,12,15,5,13,8,None,Stealth,"Acidimmu, proneimmu",Darkvision 60,None,"Shapechanger, Adhesive, False Appearance, Grappler",,,,,,,,,,,,,,,,,
"Misc. Creature, Awakened Tree",Huge,Plant,2.00,,Monster Manual,Wizards of the Coast,13,59,20,U,19,6,15,10,10,7,None,None,"Fireweak, bludgeoningres, piercingres",Normal,Creator,False Appearance,,,,,,,,,,,,,,,,,
"Misc. Creature, Giant Boar",Large,Beast,2.00,,Monster Manual,Wizards of the Coast,12,42,40,U,17,10,16,2,7,5,None,None,None,Normal,None,"Charge, Relentless",,,,,,,,,,,,,,,,,
"Misc. Creature, Giant Constrictor Snake",Huge,Beast,2.00,,Monster Manual,Wizards of the Coast,12,60,"30, swim 30",U,19,14,12,1,10,3,None,Perception,None,Blindsight 10,None,None,,,,,,,,,,,,,,,,,
"Misc. Creature, Giant Elk",Huge,Beast,2.00,,Monster Manual,Wizards of the Coast,14,42,60,U,19,16,14,7,14,10,None,Perception,None,Normal,"Own, Common, Elvish, Sylvan",Charge,,,,,,,,,,,,,,,,,
"Misc. Creature, Hunter Shark",Large,Beast,2.00,,Monster Manual,Wizards of the Coast,12,45,swim 40,U,18,13,15,1,10,4,None,Perception,None,Blindsight 30,None,"Blood Frenzy, Water Breathing",,,,,,,,,,,,,,,,,
"Misc. Creature, Polar Bear",Large,Beast,2.00,https://roll20.net/compendium/dnd5e/Polar%20Bear#content,Monster Manual,Wizards of the Coast,12,42,"40, swim 30",U,20,10,16,2,13,7,None,Perception,None,Normal,None,Keen Smell,,,,,,,,,,,,,,,,,
"Misc. Creature, Rhinoceros",Large,Beast,2.00,,Monster Manual,Wizards of the Coast,11,45,40,U,21,8,15,2,12,6,None,None,None,Normal,None,Charge,,,,,,,,,,,,,,,,,
"Misc. Creature, Saber-Toothed Tiger",Large,Beast,2.00,,Monster Manual,Wizards of the Coast,12,52,40,U,18,14,15,3,12,8,None,"Perception, Stealth",None,Normal,None,"Keen Smell, Pounce",,,,,,,,,,,,,,,,,
"Misc. Creature, Swarm of Poisonous Snakes",Medium,Beast,2.00,,Monster Manual,Wizards of the Coast,14,36,"30, swim 30",U,8,18,11,1,10,3,None,None,"Bludgeoningres, piercingres, slashingres, charmedimmu, frightenedimmu, paralyzedimmu, petrifiedimmu, proneimmu, restrainedimmu, stunnedimmu",Blindsight 10,None,Swarm,,,,,,,,,,,,,,,,,
"Modron, Pentadrone",Large,Construct,2.00,,Monster Manual,Wizards of the Coast,16,32,40,LN,15,14,12,10,10,13,None,Perception,None,Truesight 120,Modron,"Axiomatic Mind, Disintegration",,,,,,,,,,,,,,,,,
Myconid Sovereign,Large,Plant,2.00,,Monster Manual,Wizards of the Coast,13,60,30,LN,12,10,14,13,15,10,None,None,None,Darkvision 120,None,"Distress Spores, Sun Sickness",,,,,,,,,,,,,,,,,
Nereid,Medium,Fey,2.00,,Tales from the Yawning Portal,Wizards of the Coast,13,44,"30, swim 60",ANY CHAOTIC,10,17,12,13,14,16,None,"Acrobatics, Nature, Stealth, Survival",None,Darkvision 60,"Aquan, Common, Elvish, Sylvan","Amphibious, Aquatic Invisibility, Mantle Dependent, Shape Water, Speak with Animals",,,,,,,,,,,,,,,,,
Nothic,Medium,Aberration,2.00,,Monster Manual,Wizards of the Coast,15,45,30,NE,14,16,16,13,10,8,None,"Arcana, Insight, Perception, Stealth",None,Truesight 120,Undercommon,Keen Sight,,,,,,,,,,,,,,,,,
"NPC, Bandit Captain",Medium,Humanoid,2.00,https://roll20.net/compendium/dnd5e/Bandit%20Captain#content,Monster Manual,Wizards of the Coast,15,65,30,NOT LAWFUL,15,16,14,14,11,14,"STR, DEX, WIS","Athletics, Deception",None,Normal,Any,None,,,,,,,,,,,,,,,,,
"NPC, Bard",Medium,Humanoid (Any Race),2.00,,Volo's Guide to Monsters,Wizards of the Coast,15,44,30,ANY,11,14,12,10,13,14,"DEX, WIS","Acrobatics, Perception, Performance",None,Normal,Any,"Normal SPellcasting, Song of Rest, Taunt",,,,,,,,,,,,,,,,,
"NPC, Berserker",Medium,Humanoid,2.00,,Monster Manual,Wizards of the Coast,13,67,30,ANY CHAOTIC,16,12,17,9,11,9,None,None,None,Normal,Any,Reckless,,,,,,,,,,,,,,,,,
"NPC, Cult Fanatic",Medium,Humanoid,2.00,,Monster Manual,Wizards of the Coast,13,33,30,NOT GOOD,11,14,12,10,13,14,None,"Deception, Persuasion, Religion",None,Normal,Any,"Dark Devotion, Normal Spellcasting",,,,,,,,,,,,,,,,,
"NPC, Druid",Medium,Humanoid,2.00,,Monster Manual,Wizards of the Coast,11,27,30,ANY,10,12,13,12,15,11,None,"Medicine, Nature, Perception",None,Normal,"Druidic, Any",Normal Spellcasting,,,,,,,,,,,,,,,,,
"NPC, Priest",Medium,Humanoid,2.00,,Monster Manual,Wizards of the Coast,13,27,25,ANY,10,10,12,13,16,13,None,"Medicine, Persuasion, Religion",None,Normal,Any,"Divine Eminence, Spellcasting",,,,,,,,,,,,,,,,,
Ogre,Large,Giant,2.00,,Monster Manual,Wizards of the Coast,11,59,40,CE,19,8,16,5,7,7,None,None,None,Darkvision 60,"Common, Giant",None,,,,,,,,,,,,,,,,,
Ogre Bolt Launcher,Large,Giant,2.00,,Mordenkainen's Tome of Foes,Wizards of the Coast,13,59,40,CE,19,12,16,5,7,7,None,None,None,Darkvision 60,"Common, Giant",None,,,,,,,,,,,,,,,,,
Ogre Howdah,Large,Giant,2.00,,Mordenkainen's Tome of Foes,Wizards of the Coast,13,59,40,CE,19,8,16,5,7,7,None,None,None,Darkvision 60,"Common, Giant",Howdah,,,,,,,,,,,,,,,,,
"Ooze, Gelatinous Cube",Large,Ooze,2.00,,Monster Manual,Wizards of the Coast,6,84,15,U,14,3,20,1,6,1,None,None,"Blindedimmu, charmedimmu, deafenedimmu, exhaustionimmu, frightenedimmu, proneimmu",Blindsight 60,None,"Ooze Cube, Transparent",,,,,,,,,,,,,,,,,
"Ooze, Ochre Jelly",Large,Ooze,2.00,,Monster Manual,Wizards of the Coast,8,45,"10, climb 10",U,15,6,14,2,6,1,None,None,"Acidres, lightningimmu, slashingimmu, blindedimmu, charmedimmu, deafenedimmu, exhaustionimmu, frightenedimmu, proneimmu",Blindsight 60,None,"Amorphous, Spider Climb",,,,,,,,,,,,,,,,,
Orc Claw of Luthic,Medium,Humanoid (Orc),2.00,,Volo's Guide to Monsters,Wizards of the Coast,14,45,30,CE,14,15,16,10,15,11,None,"Intimidation, Medicine, Survival",None,Darkvision 60,"COmmon, Orc","Aggressive, Normal Spellcasting",,,,,,,,,,,,,,,,,
Orc Hand of Yurtrus,Medium,Humanoid (Orc),2.00,,Volo's Guide to Monsters,Wizards of the Coast,12,30,30,CE,12,11,16,11,14,9,None,"Arcana, Intimidation, Medicine, Religion",None,Darkvision 60,"Common, Orc","Aggressive, Normal Spellcasting",,,,,,,,,,,,,,,,,
"Orc, Orog",Medium,Humanoid,2.00,,Monster Manual,Wizards of the Coast,18,42,30,CE,18,12,18,12,11,12,None,"Intimidation, Survival",None,Darkvision 60,"Common, Orc",Aggressive,,,,,,,,,,,,,,,,,
Pegasus,Large,Celestial,2.00,,Monster Manual,Wizards of the Coast,12,59,"60, fly 90",CG,18,15,16,10,15,13,"DEX, WIS, CHA",Perception,None,Normal,"Celestial, Common, Elvish, Sylvan",None,,,,,,,,,,,,,,,,,
Peryton,Medium,Monstrosity,2.00,,Monster Manual,Wizards of the Coast,13,33,"20, fly 60",CE,16,12,13,9,12,10,None,Perception,Nonmagicalres,Normal,"Common, Elvish","Dive Attack, Flyby, Keen Sight, Keen Smell",,,,,,,,,,,,,,,,,
"Purple Worm, Wormling",Large,Monstrosity,2.00,,Storm King's Thunder,Wizards of the Coast,12,42,20,U,16,7,16,1,6,2,None,None,None,"Blindsight 30, tremorsense 30",None,None,,,,,,,,,,,,,,,,,
Quaggoth,Medium,Humanoid,2.00,,Monster Manual,Wizards of the Coast,13,45,"30, climb 30",CN,17,12,16,6,12,7,None,Athletics,"Poisonimmu, poisonedimmu",Darkvision 120,Undercommon,Wounded Fury,,,,,,,,,,,,,,,,,
Sahuagin Priestess,Medium,Humanoid,2.00,,Monster Manual,Wizards of the Coast,12,33,"30, swim 40",LE,13,11,12,12,14,13,None,"Perception, Religion",None,Darkvision 120,Own,"Blood Frenzy, Limited Amphibious, Shark Telepathy, Normal Spellcasting",,,,,,,,,,,,,,,,,
Shadow Mastiff,Medium,Monstrosity,2.00,,Volo's Guide to Monsters,Wizards of the Coast,12,33,40,NE,16,14,13,5,12,5,None,"Perception, Stealth","Nonmagicalres, darknessres",Darkvision 60,None,"Ethereal Awareness, Keen Hearing, Keen Smell, Shadow Blend, Sunlight Weakness",,,,,,,,,,,,,,,,,
Shadow Mastiff Alpha,Medium,Monstrosity,2.00,,Volo's Guide to Monsters,Wizards of the Coast,12,48,40,NE,16,14,13,6,12,5,None,"Perception, Stealth","Nonmagicalres, darknessres",Darkvision 60,None,"Ethereal Awareness, Keen Hearing, Keen Smell, Shadow Blend, Sunlight Weakness",,,,,,,,,,,,,,,,,
"Skeleton, Minotaur",Large,Undead,2.00,https://roll20.net/compendium/dnd5e/Minotaur%20Skeleton#content,Monster Manual,Wizards of the Coast,12,67,40,LE,18,11,15,6,8,5,None,None,"Bludgeoningweak, poisonimmu, exhaustionimmu, poisonedimmu",Darkvision 60,Abyssal,Charge,,,,,,,,,,,,,,,,,
Thayan Apprentice,Medium,Humanoid (Human),2.00,,Tales from the Yawning Portal,Wizards of the Coast,12,27,30,NOT GOOD,10,14,12,15,13,11,None,Arcana,None,Normal,"Common, Thayan","Doomvault Devotion, Normal Spellcasting",,,,,,,,,,,,,,,,,
Thayan Warrior,Medium,Humanoid (Human),2.00,,Tales from the Yawning Portal,Wizards of the Coast,16,52,30,NOT GOOD,16,13,14,10,11,11,None,Perception,None,Normal,"Common, Thayan","Doomvault Devotion, Pack Tactics",,,,,,,,,,,,,,,,,
Tortle Druid,Medium,Humanoid (Tortle),2.00,,Mordenkainen's Tome of Foes,Wizards of the Coast,17,33,30,LN,14,10,12,11,15,12,None,"Animal Handling, Nature, Survival",None,Normal,"Aquan, Common","Hold Breath, Normal Spellcasting",,,,,,,,,,,,,,,,,
Uthgardt Shaman,Medium,Humanoid (Human),2.00,,Storm King's Thunder,Wizards of the Coast,13,38,30,NE,14,12,13,10,15,12,None,"Medicine, Nature, Perception, Survival",None,Normal,"Bothii, COmmon",Innate Spellcasting,,,,,,,,,,,,,,,,,
Vegepygmy Chief,Small,Plant,2.00,,Volo's Guide to Monsters,Wizards of the Coast,14,33,30,N,14,14,14,7,12,9,None,"Perception, Stealth","Lightningres, piercingres",Darkvision 60,Own,"Plant Camouflage, Regeneration",,,,,,,,,,,,,,,,,
Will-O'-Wisp,Tiny,Undead,2.00,,Monster Manual,Wizards of the Coast,19,22,fly 50,CE,1,28,10,13,14,11,None,None,"Lightningimmu, poisonimmu, acidres, coldres, fireres, necroticres, thunderres, nonmagicalres, exhaustionimmu, grappledimmu, paralyzedimmu, poisonedimmu, proneimmu, restrainedimmu, unconsciousimmu",Darkvision 120,Any,"Consume Life, Ephemeral, Incorporeal Movement, Variable Illumination",,,,,,,,,,,,,,,,,
Yellow Musk Creeper,Medium,Plant,2.00,,Tomb of Annihilation,Wizards of the Coast,6,60,"5, climb 5",U,12,3,12,1,10,3,None,None,"Blindedimmu, deafenedimmu, exhaustionimmu, proneimmu",Blindsight 30,None,"False Appearance, Regeneration",,,,,,,,,,,,,,,,,
Yuan-Ti Broodguard,Medium,Humanoid (Yuan-Ti),2.00,,Volo's Guide to Monsters,Wizards of the Coast,14,45,30,NE,15,14,14,6,11,4,"STR, DEX, WIS",Perception,"Poisonimmu, poisonedimmu",Darkvision 60,"Abyssal, Common, Draconic","Mental Resistance, Reckless",,,,,,,,,,,,,,,,,
"Zombie, Ogre",Large,Undead,2.00,,Monster Manual,Wizards of the Coast,8,93,30,NE,19,6,18,3,6,5,WIS,None,"Poisonimmu, poisonedimmu",Darkvision 60,"Common, Giant",Undead Fortitude,,,,,,,,,,,,,,,,,
"Zuggtmoy, Chamberlain",Large,Plant,2.00,,Out of the Abyss,Wizards of the Coast,13,45,20,CE,17,7,14,11,8,12,None,None,"Bludgeoningres, piercingres",Darkvision 60,"Abyssal, Undercommon","Mushroom Portal, Poison Spores",,,,,,,,,,,,,,,,,
Assassin Vine,Large,Plant,3.00,,Tomb of Annihilation,Wizards of the Coast,13,85,"5, climb 5",U,18,10,16,1,10,1,None,None,"Coldres, fireres, blindedimmu, deafenedimmu, exhaustionimmu, proneimmu",Blindsight 30,None,False Appearance,,,,,,,,,,,,,,,,,
Basilisk,Medium,Monstrosity,3.00,,Monster Manual,Wizards of the Coast,15,52,30,U,16,8,15,2,8,7,"STR, CON, WIS, CHA","Deception, Insight, Perception","Coldres, nonmagicalres, nonsilvered immu, fireimmu, poisonimmu, poisonedimmu",Darkvision 120,"Infernal, telepathy 120","Barbed Hide, Devil's Sight, Magic Resistance",,,,,,,,,,,,,,,,,
"Beholder, Spectator",Medium,Aberration,3.00,https://www.dndbeyond.com/monsters/17094-spectator?srsltid=AfmBOoorN8f9b4gTnwus5zMeuJTKrKANdCzfscZGimj6POkGr9t0rxXy,Monster Manual,Wizards of the Coast,14,39,20 fly,LN,8,14,14,13,14,11,"INT, WIS, CHA",Perception,Proneimmu,Darkvision 120,"Deep Speech, Undercommon","Antimagic Cone, Lair, Legendary",,,,,,,,,,,,,,,,,
Black Earth Priest,Medium,Humanoid (Human),3.00,,Princes of the Apocalypse,Wizards of the Coast,17,45,30,NE,15,11,14,12,10,16,None,"Intimidation, Religion, Persuasion",None,Normal,"Common, Terran",Normal Spellcasting,,,,,,,,,,,,,,,,,
Bugbear Chief,Medium,Humanoid,3.00,,Monster Manual,Wizards of the Coast,17,65,30,CE,17,14,14,11,12,11,None,"Intimidation, Stealth, Survival",None,Darkvision 60,"Common, Goblin","Brute, Hearth of Hruggek, Surprise Attack",,,,,,,,,,,,,,,,,
Cave Fisher,Medium,Monstrosity,3.00,,Volo's Guide to Monsters,Wizards of the Coast,16,58,"20, climb 20",U,16,13,14,3,10,3,None,"Perception, Stealth",None,Blindsight 60,None,"Adhesive Filament, Flammable Blood, Spider Climb",,,,,,,,,,,,,,,,,
"Chitine, Choldrith",Medium,Monstrosity,3.00,,Volo's Guide to Monsters,Wizards of the Coast,15,66,"30, climb 30",CE,12,16,12,11,14,10,None,"Athletics, Religion, Stealth",None,Darkvision 60,Undercommon,"Fey Ancestry, Normal Spellcasting, Spider Climb, Sunlight Sensitivity, Web Sense, Web Walker",,,,,,,,,,,,,,,,,
"Crushing Wave, Dark Tide Knight",Medium,Humanoid (Human),3.00,,Princes of the Apocalypse,Wizards of the Coast,13,58,30,LE,17,16,14,10,11,11,None,"Athletics, Stealth",None,Normal,Common,Bonded Mount,,,,,,,,,,,,,,,,,
"Crushing Wave, One-Eyed Shiver",Medium,Humanoid (Human),3.00,,Princes of the Apocalypse,Wizards of the Coast,12,49,30,CE,10,14,12,13,13,17,None,"Arcana, Perception, Intimidation",Coldimmu,Normal,Common,Chilling Mist,,,,,,,,,,,,,,,,,
Deathlock Wight,Medium,Undead,3.00,,Mordenkainen's Tome of Foes,Wizards of the Coast,12,37,30,NE,11,14,16,12,14,16,WIS,"Arcana, Perception","Necroticres, nonmagicalres, poisonimmu, exhaustionimmu, poisonedimmu",Darkvision 60,Any,"Innate Spellcasting, Sunlight Sensitivity",,,,,,,,,,,,,,,,,
Deep Scion,Medium,Humanoid (Shapechanger),3.00,,Volo's Guide to Monsters,Wizards of the Coast,11,67,"30, swim 40",NE,18,13,16,10,12,14,"WIS, CHA","Deception, Insight, Sleight of Hand, Stealth",None,Darkvision 120,"Aquan, Common, Thieves' Cant","Shapechanger, Amphibious",,,,,,,,,,,,,,,,,
"Demon, Bulezau",Medium,Fiend (Demon),3.00,,Mordenkainen's Tome of Foes,Wizards of the Coast,14,52,40,CE,15,14,17,8,9,6,None,None,"Coldres, fireres, lightningres, poisonimmu, charmedimmu, frightenedimmu, poisonedimmu",Darkvision 120,"Abyssal, telepathy 60","Rotting Presence, Standing Leap, Sure-Footed",,,,,,,,,,,,,,,,,
Derro Savant,Small,Humanoid (Derro),3.00,,Mordenkainen's Tome of Foes,Wizards of the Coast,13,36,30,CE,9,14,12,11,5,14,None,Stealth,None,Darkvision 120,"Dwarvish, Undercommon","Magic Resistance, Normal Spellcasting, Sunlight Sensitivity",,,,,,,,,,,,,,,,,
"Devil, Bearded",Medium,Fiend (Devil),3.00,,Monster Manual,Wizards of the Coast,13,52,30,LE,16,15,15,9,11,11,"STR, CON, WIS",None,"Coldres, nonmagicalres, nonsilveredres, fireimmu, poisonimmu, poisonedimmu",Darkvision 120,"Infernal, telepathy 120","Devil's Sight, Magic Resistance, Steadfast",,,,,,,,,,,,,,,,,
"Dinosaur, Ankylosaurus",Huge,Beast,3.00,,Monster Manual,Wizards of the Coast,15,68,30,U,19,11,15,2,12,5,None,None,None,Normal,None,None,,,,,,,,,,,,,,,,,
Displacer Beast,Large,Monstrosity,3.00,,Monster Manual,Wizards of the Coast,13,85,40,LE,18,15,16,6,12,8,None,None,None,Darkvision 60,None,"Avoidance, Displacement",,,,,,,,,,,,,,,,,
Doppelganger,Medium,Monstrosity,3.00,,Monster Manual,Wizards of the Coast,14,52,30,N,11,18,14,11,12,14,None,"Deception, Insight",Charmedimmu,Darkvision 60,Common,"Shapechanger, Ambusher, Surprise Attack",,,,,,,,,,,,,,,,,
"Dragon, Chromatic, Blue, Wyrmling",Medium,Dragon,3.00,,Monster Manual,Wizards of the Coast,17,52,"30, 15 burrow, fly 60",LE,17,10,15,12,11,15,"DEX, CON, WIS, CHA","Perception, Stealth",Lightningimmu,"Blindsight 30, darkvision 120","Common, Draconic",None,,,,,,,,,,,,,,,,,
"Dragon, Metallic, Gold, Wyrmling",Medium,Dragon,3.00,,Monster Manual,Wizards of the Coast,17,60,"30, fly 60, swim 30",LG,19,14,17,14,11,16,"DEX, CON, WIS, CHA","Perception, Stealth",Fireimmu,"Blindsight 10, darkvision 60",Draconic,Amphibious,,,,,,,,,,,,,,,,,
Duergar Screamer,Medium,Construct,3.00,,Mordenkainen's Tome of Foes,Wizards of the Coast,15,38,20,LE,18,7,12,5,5,5,None,None,"Poisonimmu, charmedimmu, exhaustionimmu, frightenedimmu, paralyzedimmu, petrifiedimmu, poisonedimmu",Darkvision 60,Dwarvish,Engine of Pain,,,,,,,,,,,,,,,,,
Eternal Flame Priest,Medium,Humanoid (Human),3.00,,Princes of the Apocalypse,Wizards of the Coast,12,52,30,NE,12,15,14,10,11,16,None,"Deception, Intimidation, Religion",Fireres,Normal,"Common, Ignan",Normal Spellcasting,,,,,,,,,,,,,,,,,
Flail Snail,Large,Elemental,3.00,,Volo's Guide to Monsters,Wizards of the Coast,16,52,10,U,17,5,20,3,10,5,None,None,"Fireimmu, poisonimmu, poisonedimmu","Darkvision 60, tremorsense 60",None,"Antimagic Shell, Flail Tentacles",,,,,,,,,,,,,,,,,
Giant Ice Toad,Large,Monstrosity,3.00,https://www.dndbeyond.com/monsters/16896-giant-toad?srsltid=AfmBOooI_dnXcUNcMnnK62C7HpyjYPdFjIMn1FaiLvdBM2BkFwotTQUg,Tales from the Yawning Portal,Wizards of the Coast,14,52,30,N,16,13,14,8,10,6,None,None,Coldimmu,Darkvision 60,Own,"Amphibious, Cold Aura, Standing Leap",,,,,,,,,,,,,,,,,
Giant Lightning Eel,Large,Beast,3.00,,Tales from the Yawning Portal,Wizards of the Coast,13,42,"5, swim 30",U,11,17,16,2,12,3,None,None,Lightningres,Blindsight 60,None,Water Breathing,,,,,,,,,,,,,,,,,
Giant Snapping Turtle,Large,Beast,3.00,,Tomb of Annihilation,Wizards of the Coast,17,75,"30, swim 40",U,19,10,14,2,12,5,None,None,None,Darkvision 60,None,"Amphibious, Stable",,,,,,,,,,,,,,,,,
Giff,Medium,Humanoid,3.00,,Mordenkainen's Tome of Foes,Wizards of the Coast,16,60,30,LN,18,14,17,11,12,12,None,None,None,Normal,Common,"Headfirst Charge, Firearms Knowledge",,,,,,,,,,,,,,,,,
Githyanki Warrior,Medium,Humanoid,3.00,https://www.aidedd.org/dnd/monstres.php?vo=githyanki-warrior,Monster Manual,Wizards of the Coast,17,49,30,LE,15,14,12,13,13,10,"CON, INT, WIS",None,None,Normal,Own,Innate Spellcasting,,,,,,,,,,,,,,,,,
Grell,Medium,Aberration,3.00,,Monster Manual,Wizards of the Coast,12,55,"10, fly 30",NE,15,14,13,12,11,9,None,"Perception, Stealth","Lightningimmu, blindedimmu, proneimmu",Blindsight 60,Own,None,,,,,,,,,,,,,,,,,
"Hag, Green",Medium,Fey,3.00,https://roll20.net/compendium/dnd5e/Green%20Hag#content,Monster Manual,Wizards of the Coast,17,82,30,NE,18,12,16,13,14,14,None,"Arcana, Deception, Perception, Stealth",None,Darkvision 60,"Common, Draconic, Sylvan","Amphibious, Innate Spellcasting, Mimicry",,,,,,,,,,,,,,,,,
Hell Hound,Medium,Fiend,3.00,,Monster Manual,Wizards of the Coast,15,45,50,LE,17,12,14,6,13,6,None,Perception,Fireimmu,Darkvision 60,Infernal,"Keen Hearing, Keen Smell, Pack Tactics",,,,,,,,,,,,,,,,,
Hobgoblin Captain,Medium,Humanoid,3.00,,Monster Manual,Wizards of the Coast,17,39,30,LE,15,14,14,12,10,13,None,None,None,Darkvision 60,"Common, Goblin",Martial Advantage,,,,,,,,,,,,,,,,,
Hook Horror,Large,Monstrosity,3.00,,Monster Manual,Wizards of the Coast,15,75,"30, climb 30",N,18,10,15,6,12,7,None,Perception,None,"Blindsight 60, darkvision 10",None,"Echolocation, Keen Hearing",,,,,,,,,,,,,,,,,
"Howling Hatred, Skyweaver",Medium,Humanoid (Human),3.00,,Princes of the Apocalypse,Wizards of the Coast,12,44,30,CE,8,14,12,11,10,16,None,"Deception, Persuasion",None,Normal,"Auran, Common",Normal Spellcasting,,,,,,,,,,,,,,,,,
Kalka-Kylla,Large,Monstrosity,3.00,,Tales from the Yawning Portal,Wizards of the Coast,15,85,"30, swim 30",N,17,12,16,15,16,12,None,"Deception, Insight, Stealth",None,Blindsight 30,Olman,"Amphibious, False Appearance, Shell",,,,,,,,,,,,,,,,,
Leucrotta,Large,Monstrosity,3.00,,Volo's Guide to Monsters,Wizards of the Coast,14,67,50,CE,18,14,15,9,12,6,None,"Deception, Perception",None,Darkvision 60,"Abyssal, Gnoll","Keen Smell, Kicking Retreat, Mimicry, Rampage",,,,,,,,,,,,,,,,,
"Lycanthrope, Werewolf",Medium,Humanoid,3.00,,Monster Manual,Wizards of the Coast,12,58,40,CE,15,13,14,10,11,10,None,"Perception, Stealth","Nonmagicalimmu, nonsilveredimmu",Normal,Common,"Shapechanger, Keen Hearing, Keen Smell",,,,,,,,,,,,,,,,,
Manticore,Large,Monstrosity,3.00,,Monster Manual,Wizards of the Coast,14,68,"30, fly 50",LE,17,16,17,7,12,8,None,None,None,Darkvision 60,Common,Tail Spike Regrowth,,,,,,,,,,,,,,,,,
Minotaur,Large,Monstrosity,3.00,,Monster Manual,Wizards of the Coast,14,76,40,CE,18,11,16,6,16,9,None,Perception,None,Darkvision 60,Abyssal,"Charge, Labyrinthine Recall, Reckless",,,,,,,,,,,,,,,,,
"Misc. Creature, Giant Scorpion",Large,Beast,3.00,,Monster Manual,Wizards of the Coast,15,52,40,U,15,13,15,1,9,3,None,None,None,Blindsight 60,None,None,,,,,,,,,,,,,,,,,
"Misc. Creature, Killer Whale",Huge,Beast,3.00,,Monster Manual,Wizards of the Coast,12,90,swim 60,U,19,10,13,3,12,7,None,Perception,None,Blindsight 120,None,"Echolocation, Hold Breath, Keen Hearing",,,,,,,,,,,,,,,,,
"Misc. Creature, Phase Spider",Large,Monstrosity,3.00,,Monster Manual,Wizards of the Coast,13,32,"30, climb 30",U,15,15,12,6,10,6,None,Stealth,None,Darkvision 60,None,"Ethereal Jaunt, Spider Climb, Web Walker",,,,,,,,,,,,,,,,,
"Misc. Creature, Winter Wolf",Large,Monstrosity,3.00,,Monster Manual,Wizards of the Coast,13,75,50,NE,18,13,14,7,12,8,None,"Perception, Stealth",Coldimmu,Normal,"Common, Giant, Own","Keen Hearing, Keen Smell, Pack Tactics, Snow Camouflage",,,,,,,,,,,,,,,,,
Mummy,Medium,Undead,3.00,,Monster Manual,Wizards of the Coast,11,58,20,LE,16,8,15,6,10,12,WIS,None,"Fireweak, nonmagicalres, necroticimmu, poisonimmu, charmedimmu, exhaustionimmu, frightenedimmu, paralyzedimmu, poisonedimmu",Darkvision 60,Any,None,,,,,,,,,,,,,,,,,
Neogi,Small,Aberration,3.00,,Volo's Guide to Monsters,Wizards of the Coast,15,33,"30, climb 30",LE,6,16,14,13,12,15,None,"Intimidation, Perception",None,Darkvision 60,"Common, Deep SPeech, Undercommon","Mental Fortitude, Spider Climb",,,,,,,,,,,,,,,,,
Nightmare,Large,Fiend,3.00,,Monster Manual,Wizards of the Coast,13,68,"60, fly 90",NE,18,15,16,10,13,15,None,None,Fireimmu,Normal,"Abyssal, Common, Infernal","Confer Fire Resistance, Illumination",,,,,,,,,,,,,,,,,
"NPC, Archer",Medium,Humanoid (Any Race),3.00,,Volo's Guide to Monsters,Wizards of the Coast,16,75,30,ANY,11,18,16,11,13,10,None,"Acrobatics, Perception, Stealth",None,Normal,Any,Archer's Eye,,,,,,,,,,,,,,,,,
"NPC, Illusionist",Medium,Humanoid (Any Race),3.00,,Volo's Guide to Monsters,Wizards of the Coast,12,38,30,ANY,9,14,13,16,11,12,"INT, WIS","Arcana, History",None,Normal,Any,"Normal Spellcasting, Displacement",,,,,,,,,,,,,,,,,
"NPC, Knight",Medium,Humanoid,3.00,,Monster Manual,Wizards of the Coast,18,52,30,ANY,16,11,14,11,11,15,"CON, WIS",None,None,Normal,Any,Brave,,,,,,,,,,,,,,,,,
"NPC, Martial Arts Adept",Medium,Humanoid (Any Race),3.00,,Volo's Guide to Monsters,Wizards of the Coast,16,60,40,ANY,11,17,13,11,16,10,None,"Acrobatics, Insight, Stealth",None,Normal,Any,Unarmored Defense,,,,,,,,,,,,,,,,,
"NPC, Swashbuckler",Medium,Humanoid (Any Race),3.00,,Volo's Guide to Monsters,Wizards of the Coast,17,66,30,NOT LAWFUL,12,18,12,14,11,15,None,"Acrobatics, Athletics, Persuasion",None,Normal,Any,"Lightfooted, Suave Defense",,,,,,,,,,,,,,,,,
"NPC, Veteran",Medium,Humanoid,3.00,,Monster Manual,Wizards of the Coast,17,58,30,ANY,16,13,14,10,11,10,None,"Athletics, Perception",None,Normal,Any,None,,,,,,,,,,,,,,,,,
Ogre Chain Brute,Large,Giant,3.00,,Mordenkainen's Tome of Foes,Wizards of the Coast,11,59,40,CE,19,8,16,5,7,7,None,None,None,Darkvision 60,"Common, Giant",None,,,,,,,,,,,,,,,,,
Orc Red Fang of Shargaas,Medium,Humanoid (Orc),3.00,,Volo's Guide to Monsters,Wizards of the Coast,15,52,30,CE,11,16,15,9,11,9,None,"Intimidation, Perception, Stealth",None,Darkvision 60,"Common, Orc","Cunning Action, Hand of Shargaas, Shargaas' Sight, Slayer",,,,,,,,,,,,,,,,,
Owlbear,Large,Monstrosity,3.00,,Monster Manual,Wizards of the Coast,13,59,40,U,20,12,17,3,12,7,None,Perception,None,Darkvision 60,None,"Keen Sight, Keen Smell",,,,,,,,,,,,,,,,,
Phantom Warrior,Medium,Undead,3.00,,Curse of Strahd,Wizards of the Coast,16,45,30,ANY,16,11,16,8,10,15,None,"Perception, Stealth","Nonmagicalres, coldimmu, necroticimmu, poisonimmu",Darkvision 60,Any,"Ethereal Sight, Incorporeal Movement, Spectral Armor and Shield",,,,,,,,,,,,,,,,,
Redcap,Small,Fey,3.00,,Volo's Guide to Monsters,Wizards of the Coast,13,45,25,CE,18,13,18,10,12,9,None,"Athletics, Perception",None,Darkvision 60,"Common, Sylvan","Iron Boots, Outsize Strength",,,,,,,,,,,,,,,,,
Siren,Medium,Fey,3.00,,Tales from the Yawning Portal,Wizards of the Coast,14,38,"30, swim 30",CG,10,18,12,13,14,16,None,"Medicine, Nature, Stealth, Survival",None,Darkvision 60,"Common, Elvish, Sylvan","Amphibious, INnate Spellcasting, Magic Resistance",,,,,,,,,,,,,,,,,
Slithering Tracker,Medium,Ooze,3.00,,Volo's Guide to Monsters,Wizards of the Coast,14,32,"30, climb 30, swim 30",CE,16,19,15,10,14,11,None,Stealth,"COldweak,fireweak, nonmagicalres, blindedimmu, deafenedimmu, exhaustionimmu, grappledimmu, paralyzedimmu, petrifiedimmu, proneimmu, restrainedimmu, unconsciousimmu",Blindsight 120,Any,"Ambusher, Damage Transfer, False Appearance, Keen Tracker, Liquid Form, Spider Climb, Watery Stealth",,,,,,,,,,,,,,,,,
Sword Wraith Warrior,Medium,Undead,3.00,,Mordenkainen's Tome of Foes,Wizards of the Coast,16,45,30,LE,18,12,17,6,9,10,None,None,"Necroticres, nonmagicalres, poisonimmu, exhaustionimmu, frightenedimmu, poisonedimmu, unconsciousimmu",Darkvision 60,Any,Martial Fury,,,,,,,,,,,,,,,,,
Trapper,Large,Monstrosity,3.00,,Volo's Guide to Monsters,Wizards of the Coast,13,85,"10, climb 10",U,17,10,17,2,13,4,None,Stealth,None,"Blindsight 30, darkvision 60",None,"False Appearance, Spider Climb",,,,,,,,,,,,,,,,,
Troglodyte Champion of Laogzed,Medium,Humanoid (Troglodyte),3.00,,Out of the Abyss,Wizards of the Coast,14,59,30,CE,18,12,18,8,12,12,None,"Athletics, Intimidation, Stealth",None,Darkvision 60,Own,"Chameleon Skin, Stench, Sunlight Sensitivity",,,,,,,,,,,,,,,,,
Vampiric Mist,Medium,Undead,3.00,,Mordenkainen's Tome of Foes,Wizards of the Coast,13,30,fly 30,CE,6,16,16,6,12,7,WIS,None,"Acidres, coldres, lightningres, necroticres, thunderres, nonmagicalres, poisonimmu, charmedimmu, exhaustionimmu, grappledimmu, paralyzedimmu, petrifiedimmu, poisonedimmu, proneimmu, restrainedimmu",Darkvision 60,None,"Life Sense, Forbiddance, Misty Form, Sunlight Hypersensitivity",,,,,,,,,,,,,,,,,
Water Weird,Large,Elemental,3.00,,Monster Manual,Wizards of the Coast,13,58,swim 60,N,17,16,13,11,10,10,None,None,"Fireres, nonmagicalres, poisonimmu, exhaustionimmu, grappledimmu, paralyzedimmu, poisonedimmu, restrainedimmu, proneimmu, unconsciousimmu",Blindsight 30,Aquan,"Invisible in Water, Water Bound",,,,,,,,,,,,,,,,,
Wight,Medium,Undead,3.00,,Monster Manual,Wizards of the Coast,14,45,30,NE,15,14,16,10,13,15,None,"Perception, Stealth","Necroticres, nonmagicalres, poisonimmu, exhaustionimmu, poisonedimmu",Darkvision 60,Any,Sunlight Sensitivity,,,,,,,,,,,,,,,,,
Yakfolk Warrior,Large,Monstrosity,3.00,,Storm King's Thunder,Wizards of the Coast,11,60,30,NE,18,11,15,14,15,14,None,"Deception, Survival",None,Normal,"Common, Yikaria",Possession,,,,,,,,,,,,,,,,,
Yeti,Large,Monstrosity,3.00,,Monster Manual,Wizards of the Coast,12,51,"40, climb 40",CE,18,13,16,8,12,7,None,"Perception, Stealth",Coldimmu,Darkvision 60,Own,"Fear of Fire, Keen Smell, Snow Camouflage",,,,,,,,,,,,,,,,,
Yuan-Ti Malison,Medium,Monstrosity,3.00,,Monster Manual,Wizards of the Coast,12,66,30,NE,16,14,13,14,12,16,None,"Deception, Stealth","Poisonimmu, poisonedimmu",Darkvision 60,"Abyssal, Common, Draconic","Shapechanger, Innate Spellcasting, Magic Resistance, Malison Type",,,,,,,,,,,,,,,,,
"Yugoloth, Merreno",Medium,Fiend (Yugoloth),3.00,,Mordenkainen's Tome of Foes,Wizards of the Coast,13,40,"30, swim 40",NE,8,17,10,17,14,11,"DEX, INT","History, Nature, Perception, Survival","Coldres, fireres, lightningres, nonmagicalres, acidimmu, poisonimmu, poisonedimmu","Blindsight 60, darkvision 60","Abyssal, Infernal, telepathy 60","Innate Spellcasting, Magic Resistance, Magic Weapons, Teleport, Lair",,,,,,,,,,,,,,,,,
"Zombie, Ankylosaurus",Huge,Undead,3.00,,Tomb of Annihilation,Wizards of the Coast,14,68,20,U,19,9,15,2,6,3,None,None,"Poisonimmu, poisonedimmu",Darkvision 60,None,Undead Fortitude,,,,,,,,,,,,,,,,,
"Zombie, Girallon",Large,Undead,3.00,,Tomb of Annihilation,Wizards of the Coast,11,59,"30, climb 30",CE,18,12,16,3,7,5,None,None,"Poisonimmu, poisonedimmu",Darkvision 60,None,"Aggressive, Undead Fortitude",,,,,,,,,,,,,,,,,
Banshee,Medium,Undead,4.00,,Monster Manual,Wizards of the Coast,12,58,40 fly,CE,1,14,10,12,11,17,"WIS, CHA",None,"Acidres, fireres, lightningres, thunderres, nonmagicalres, coldimmu, necroticimmu, poisonimmu, charmedimmu, exhaustionimmu, frightenedimmu, grappledimmu, paralyzedimmu, petrifiedimmu, poisonedimmu, proneimmu, restrainedimmu",Darkvision 60,"Common, Elvish","Detect Life, Incorporeal Movement",,,,,,,,,,,,,,,,,
Barghest,Large,Fiend (Shapechanger),4.00,,Volo's Guide to Monsters,Wizards of the Coast,17,90,60,NE,19,15,14,13,12,14,None,"Deception, Intimidation, Perception, Stealth","Coldres, fireres, lightningres, nonmagicalres, acidimmu, poisonimmu, poisonedimmu","Blindsight 60, darkvision 60","Abyssal, Common, Goblin, Infernal, telepathy 60","Shapechanger, Fire Banishment, Keen Smell, Innate Spellcasting",,,,,,,,,,,,,,,,,
"Black Earth, Burrowshark",Medium,Humanoid (Human),4.00,,Princes of the Apocalypse,Wizards of the Coast,18,82,30,NE,18,12,16,10,11,13,None,"Animal Handling, Athletics, Intimidation, Perception",None,Normal,Common,Bond of the Black Earth,,,,,,,,,,,,,,,,,
"Black Earth, Stonemelder",Medium,Humanoid (Human),4.00,,Princes of the Apocalypse,Wizards of the Coast,17,75,30,NE,15,10,16,12,11,17,None,"Intimidation, Perception",None,Tremorsense 30,"Common, Terran","Death Burst, Normal Spellcasting",,,,,,,,,,,,,,,,,
Chuul,Large,Aberration,4.00,https://www.dndbeyond.com/monsters/16824-chuul?srsltid=AfmBOopZmAWOIwtsoeEJITlXNQ_U7zKAtgwugYaEuSbfUOII8Ar041No,Monster Manual,Wizards of the Coast,16,93,"30, 30 swim",CE,19,10,16,5,11,5,None,Perception,"Poisonimmu, poisonedimmu",Darkvision 60,Deep Speech,"Amphibious, Sense Magic",,,,,,,,,,,,,,,,,
"Clockwork, Iron Cobra",Medium,Construct,4.00,,Mordenkainen's Tome of Foes,Wizards of the Coast,13,45,30,U,12,16,14,3,10,1,None,Stealth,"Poisonimmu, nonmagicalimmu, nonadamantineimmu, charmedimmu, exhaustionimmu, frightenedimmu, paralyzedimmu, petrifiedimmu, poisonedimmu",Darkvision 60,Creator,Magic Resistance,,,,,,,,,,,,,,,,,
"Clockwork, Stone Defender",Medium,Construct,4.00,,Mordenkainen's Tome of Foes,Wizards of the Coast,16,52,30,U,19,10,17,3,10,1,None,None,"Poisonimmu,nonmagicalimmu, nonadamantineimmu, charmedimmu, exhaustionimmu, frightenedimmu, paralyzedimmu, petrifiedimmu, poisonedimmu",Darkvision 60,Creator,"False Appearance, Magic Resistance",,,,,,,,,,,,,,,,,
Couatl,Medium,Celestial,4.00,,Monster Manual,Wizards of the Coast,19,97,"30, 90 fly",LG,16,20,17,18,20,18,"CON, WIS, CHA",None,"Radiantres, psychicimmu, nonmagicalimmu",Truesight 120,"All, telepathy 120","Innate Spellcasting, Magic Weapons, Shielded Mind",,,,,,,,,,,,,,,,,
Deathlock,Medium,Undead,4.00,,Mordenkainen's Tome of Foes,Wizards of the Coast,12,36,30,NE,11,15,10,14,12,16,"INT, CHA","Arcana, History","Necroticres, nonmagicalres, nonsilveredres, poisonimmu, exhaustionimmu, poisonedimmu",Darkvision 60,Any,"Innate Spellcasting, Normal Spellcasting, Turn Resistance",,,,,,,,,,,,,,,,,
Decapus,Large,Monstrosity,4.00,,The Tortle Package,Wizards of the Coast,14,75,"15, climb 30",U,15,14,14,4,10,7,None,"Athletics, Perception, Stealth",None,Darkvision 60,None,None,,,,,,,,,,,,,,,,,
"Demon, Babau",Medium,Fiend (Demon),4.00,,Volo's Guide to Monsters,Wizards of the Coast,16,82,40,CE,19,16,16,11,12,13,None,"Perception, Stealth","Coldres, fireres, lightningres, nonmagicalres, poisonimmu, poisonedimmu",Darkvision 120,Abyssal,Innate Spellcasting,,,,,,,,,,,,,,,,,
"Demon, Dybbuk",Medium,Fiend (Demon),4.00,,Mordenkainen's Tome of Foes,Wizards of the Coast,14,37,40 fly,CE,6,19,16,16,15,14,None,"Deception, Intimidation, Perception","Acidres, coldres, fireres, lightiningres, thunderres, nonmagicalres, poisonimmu, charmedimmu, exhaustionimmu, frightenedimmu, grappledimmu, paralyzedimmu, petrifiedimmu, poisonedimmu, proneimmu, restraindeimmu",Darkvision 120,"Abyssal, Common, telepathy 120","Incorporeal Movement, Innate Spellcasting, Magic Resistance, Violate Corpse",,,,,,,,,,,,,,,,,
"Demon, Shadow",Medium,Fiend (Demon),4.00,,Monster Manual,Wizards of the Coast,13,66,"30, fly 30",CE,1,17,12,14,13,14,"DEX, CHA",Stealth,"Radiantweak, acidres, fireres, necroticres, thunderres, nonmagicalres, coldimmu, lightningimmu, poisonimmu, exhaustionimmu, grappledimmu, paralyzedimmu, petrifiedimmu, poisonedimmu, proneimmu, restrainedimmu",Darkvision 120,"Abyssal, telepathy 120","Incorporeal Movement, Light Sensitivity, Shadow Stealth",,,,,,,,,,,,,,,,,
"Devil, Merregon",Medium,Fiend (Devil),4.00,,Mordenkainen's Tome of Foes,Wizards of the Coast,16,45,30,LE,18,14,17,6,12,8,None,None,"Coldres, nonmagicalres, nonsilveredres, fireimmu, poisonimmu, frightenedimmu, poisonedimmu",Darkvision 60,"Infernal, telepathy 120","Devil's Sight, Magic Resistance",,,,,,,,,,,,,,,,,
"Dinosaur, Stegosaurus",Huge,Beast,4.00,,Volo's Guide to Monsters,Wizards of the Coast,13,76,40,U,20,9,17,2,11,5,None,None,None,Normal,None,None,,,,,,,,,,,,,,,,,
"Dragon, Chromatic, Red, Wyrmling",Medium,Dragon,4.00,,Monster Manual,Wizards of the Coast,17,75,"40, climb 40, fly 80",CE,19,10,17,12,11,15,"DEX, CON, WIS, CHA","Perception, Stealth",Fireimmu,"Blindsight 30, darkvision 120",Draconic,None,,,,,,,,,,,,,,,,,
Ettin,large,Giant,4.00,,Monster Manual,Wizards of the Coast,12,85,40',CE,21,8,17,6,10,8,None,Perception,None,Darkvision 60,"Giant, Orc","Two Heads, Wakeful",,,,,,,,,,,,,,,,,
Flameskull,Tiny,Undead,4.00,,Monster Manual,Wizards of the Coast,13,40,fly 40,NE,1,17,14,16,10,11,None,"Arcana, Perception","Lightningres, necroticres, piercingres, coldimmu, fireimmu, poisonimmu, charmedimmu, frightenedimmu, paralyzedimmu, poisonedimmu",Darkvision 60,Common,"Illumination, Magic Resistance, Rejuvenation, Normal Spellcasting",,,,,,,,,,,,,,,,,
Ghost,Medium,Undead,4.00,,Monster Manual,Wizards of the Coast,11,45,fly 40,ANY,7,13,10,10,12,17,None,None,"Acidres, fireres, lightningres, thunderres, nonmagicalres, coldimmu, necroticimmu, poisonimmu, charmedimmu, exhaustionimmu, frightenedimmu, grappledimmu, paralyzedimmu, petrifiedimmu, poisonedimmu, proneimmu, restrainedimmu",Darkvision 60,Any,"Ethereal Sight, Incorporeal Movement",,,,,,,,,,,,,,,,,
Giant Subterranean Lizard,Huge,Beast,4.00,,Tales from the Yawning Portal,Wizards of the Coast,14,66,"30, swim 50",U,21,9,17,2,10,7,None,Stealth,None,Normal,None,None,,,,,,,,,,,,,,,,,
Girallon,Large,Monstrosity,4.00,,Volo's Guide to Monsters,Wizards of the Coast,13,59,"40, climb 40",U,18,16,16,5,12,7,None,"Perception, Stealth",None,Darkvision 60,None,"Aggressive, Keen Smell",,,,,,,,,,,,,,,,,
Gnoll Fang of Yeenoghu,Medium,Humanoid,4.00,,Monster Manual,Wizards of the Coast,14,65,30,CE,17,15,15,10,11,13,"CON, WIS, CHA",None,None,Darkvision 60,"Abyssal, Gnoll",Rampage,,,,,,,,,,,,,,,,,
Helmed Horror,Medium,Construct,4.00,,Monster Manual,Wizards of the Coast,20,60,"30, fly 30",N,18,13,16,10,10,10,None,Perception,"Nonadamantineres, forceimmu, necroticimmu, poisonimmu, blindedimmu, charmedimmu, deafenedimmu, frightenedimmu, paralyzedimmu, petrifiedimmu, poisonedimmu, stunnedimmu",Blindsight 60,Creator,"Magic Resistance, Spell Immunity",,,,,,,,,,,,,,,,,
Hobgoblin Devastator,Medium,Humanoid (Goblinoid),4.00,,Volo's Guide to Monsters,Wizards of the Coast,13,45,30,LE,13,12,14,16,13,11,None,Arcana,None,Darkvision 60,"Common, Goblin","Arcane Advantage, Army Arcana, Normal Spellcasting",,,,,,,,,,,,,,,,,
Kamadan,Large,Monstrosity,4.00,,Tomb of Annihilation,Wizards of the Coast,13,67,30,U,16,16,14,3,14,10,None,"Perception, Stealth",None,Normal,None,"Keen Smell, Pounce",,,,,,,,,,,,,,,,,
Kelpie,Medium,Plant,4.00,,Tales from the Yawning Portal,Wizards of the Coast,14,67,"10, swim 30",NE,14,14,16,7,12,10,None,"Perception, Stealth","Bludgeoningres, fireres, piercingres, blindedimmu, deafenedimmu, exhaustionimmu",Blindsight 60,"Common, Sylvan","Amphibious, Seaweed Shape, False Appearance",,,,,,,,,,,,,,,,,
Lamia,Large,Monstrosity,4.00,,Monster Manual,Wizards of the Coast,13,97,30,CE,16,13,15,14,15,16,None,"Deception, Insight, Stealth",None,Darkvision 60,"Abyssal, Common",Innate Spellcasting,,,,,,,,,,,,,,,,,
Lizard King/Queen,Medium,Humanoid,4.00,,Monster Manual,Wizards of the Coast,15,78,"30, swim 30",CE,17,12,15,11,11,15,"CON, WIS","Perception, Stealth, Survival",Frightenedimmu,Darkvision 60,"Abyssal, Draconic","Hold Breath, Skewer",,,,,,,,,,,,,,,,,
"Lycanthrope, Wereboar",Medium,Humanoid,4.00,,Monster Manual,Wizards of the Coast,11,78,40,NE,17,10,15,10,11,8,None,Perception,"Nonmagicalimmu, nonsilveredimmu",Normal,Common,"Shapechanger, Charge, Relentless",,,,,,,,,,,,,,,,,
"Lycanthrope, Weretiger",Medium,Humanoid,4.00,,Monster Manual,Wizards of the Coast,12,120,40,N,17,15,16,10,13,11,None,"Perception, Stealth","Nonmagicalimmu, nonsilveredimmu",Darkvision 60,Common,"Shapechanger, Keen Hearing, Keen Smell, Pounce",,,,,,,,,,,,,,,,,
"Misc. Creature, Elephant",Huge,Beast,4.00,,Monster Manual,Wizards of the Coast,12,76,40,U,22,9,17,3,11,6,None,None,None,Normal,None,Trampling Charge,,,,,,,,,,,,,,,,,
"Naga, Bone",Large,Undead,4.00,,Monster Manual,Wizards of the Coast,15,58,30,LE,15,16,12,15,15,16,None,None,"Poisonimmu, charmedimmu, exhaustionimmu, paralyzedimmu, poisonedimmu",Darkvision 60,"Common, Any",Normal Spellcasting,,,,,,,,,,,,,,,,,
Neogi Master,Medium,Aberration,4.00,,Volo's Guide to Monsters,Wizards of the Coast,15,71,"30, climb 30",LE,6,16,14,16,12,18,WIS,"Arcana, Deception, Intimidation, Perception, Persuasion",None,Darkvision 120,"Common, Deep Speech, Undercommon","Mental Fortitude, Normal Spellcasting, Spider Climb",,,,,,,,,,,,,,,,,
"NPC, Warlock of the Archfey",Medium,Humanoid (Any Race),4.00,,Volo's Guide to Monsters,Wizards of the Coast,11,49,30,ANY,9,13,11,11,12,18,"WIS, CHA","Arcana, Deception, nature, Persuasion",Charmedimmu,Normal,Any,"Innate Spellcasting, Normal Spellcasting",,,,,,,,,,,,,,,,,
Ogre Battering Ram,Large,Giant,4.00,,Mordenkainen's Tome of Foes,Wizards of the Coast,14,59,40,CE,19,8,16,5,7,7,None,None,None,Darkvision 60,"Common, Giant",Siege Monster,,,,,,,,,,,,,,,,,
"Ooze, Black Pudding",Large,Ooze,4.00,,Monster Manual,Wizards of the Coast,7,85,"20, climb 20",U,16,5,16,1,6,1,None,None,"Acidimmu, coldimmu, lightningimmu, slashingimmu, blindedimmu, charmedimmu, deafenedimmu, exhaustionimmu, frightenedimmu, proneimmu",Blindsight 60,None,"Amorphous, Corrosive Form, Spider Climb",,,,,,,,,,,,,,,,,
Orc Blade of Ilneval,Medium,Humanoid (Orc),4.00,,Volo's Guide to Monsters,Wizards of the Coast,18,60,30,CE,17,11,17,10,12,14,WIS,"Perception, Insight, Intimidation",None,Darkvision 60,"Common, Orc","Aggressive, Foe Smiter of Ilneval",,,,,,,,,,,,,,,,,
Orc War Chief,Medium,Humanoid,4.00,,Monster Manual,Wizards of the Coast,16,93,30,CE,18,12,18,11,11,16,"STR, CON, WIS",Intimidation,None,Darkvision 60,"Common, Orc","Aggressive, Gruumsh's Fury",,,,,,,,,,,,,,,,,
Succubus/Incubus,Medium,Fiend,4.00,,Monster Manual,Wizards of the Coast,15,66,"30, fly 60",NE,8,17,13,15,12,20,None,"Deception, Insight, Perception, Persuasion, Stealth","Coldres, fireres, lightningres, poisonres, nonmagicalres",Darkvision 60,"Abyssal, Common, Infernal, telepathy 60","Telepathic Bond, Shapechanger",,,,,,,,,,,,,,,,,
Tecuziztecatl,Large,Monstrosity,4.00,,Tales from the Yawning Portal,Wizards of the Coast,13,102,"30, climb 30",N,17,10,16,15,16,13,None,"Deception, Stealth","Nonmagicalres, acidimmu",Blindsight 30,"Olman, Primal","Amphibious, Glowing, Flexible, Spider Climb",,,,,,,,,,,,,,,,,
Yakfolk Priest,Large,Monstrosity,4.00,,Storm King's Thunder,Wizards of the Coast,12,52,30,NE,16,11,15,14,18,14,None,"Deception, Medicine, Survival",None,Normal,"Common, Yikaria","Normal Spellcasting, Possession",,,,,,,,,,,,,,,,,
Yeth Hound,Large,Fey,4.00,,Volo's Guide to Monsters,Wizards of the Coast,14,51,"40, fly 40",NE,18,17,16,5,12,7,None,None,"Nonmagicalimmu, nonsilveredimmu, charmedimmu, exhaustionimmu, frightenedimmu",Darkvision 60,"Common, Elvish, Sylvan","Keen Hearing, Keen Smell, Sunlight Banishment, Telepathic Bond",,,,,,,,,,,,,,,,,
Yuan-Ti Mind Whisperer,Medium,"Monstrosity
Monstrosity (Yuan-Ti)",4.00,,Volo's Guide to Monsters,Wizards of the Coast,14,71,30,NE,16,14,13,14,12,16,"WIS, CHA","Deception, Stealth","Poisonimmu, poisonedimmu",Darkvision 120,"Abyssal, Common, Draconic","Shapechanger, Innate Spellcasting, Magic Resistance, Mind Fangs, Normal Spellcasting, Sseth's Blessing",,,,,,,,,,,,,,,,,
Yuan-Ti Nightmare Speaker,Medium,"Monstrosity
Monstrosity (Yuan-Ti)",4.00,,Volo's Guide to Monsters,Wizards of the Coast,14,71,30,NE,16,14,13,14,12,16,"WIS, CHA","Deception, Stealth","Poisonimmu, poisonedimmu",Darkvision 120,"Abyssal, Common, Draconic","Shapechanger, Death Fangs, Innate Spellcasting, Magic Resistance, Normal Spellcasting",,,,,,,,,,,,,,,,,
Allip,Medium,Undead,5.00,,Mordenkainen's Tome of Foes,Wizards of the Coast,13,40,fly 40,NE,6,17,10,17,15,16,"INT, WIS","Perception, Stealth","Acidres, fireres, lightningres, thunderres, nonmagicalres, coldimmu, necroticimmu, poisonimmu, charmedimmu, exhaustionimmu, frightenedimmu, grappledimmu, paralyzedimmu, petrifiedimmu, poisonedimmu, proneimmu, restrainedimmu",Darkvision 60,Any,Incorporeal Movement,,,,,,,,,,,,,,,,,
Banderhobb,Large,Monstrosity,5.00,,Volo's Guide to Monsters,Wizards of the Coast,15,84,30,NE,20,12,20,11,14,8,None,"Athletics, Stealth","Charmedimmu, frightenedimmu, poisonedimmu",Darkvision 120,"Common, Any","Resonant Connection, Shadow Stealth",,,,,,,,,,,,,,,,,
Bulette,Large,Monstrosity,5.00,,Monster Manual,Wizards of the Coast,17,94,"40, 40 burrow",U,19,11,21,2,10,5,None,Perception,None,"Darkvision 60, tremorsense 60",None,Standing Leap,,,,,,,,,,,,,,,,,
Cambion,Medium,Fiend,5.00,,Monster Manual,Wizards of the Coast,19,82,"30, fly 60",ANY EVIL,18,18,16,14,12,16,"STR, CON, INT, CHA","Deception, Intimidation, Perception, Stealth","Coldres, fireres, lightningres, poisonres, nonmagicalres",Darkvision 60,"Abyssal, Common, Infernal","Fiendish Blessing, Innate Spellcasting",,,,,,,,,,,,,,,,,
Catoblepas,Large,Monstrosity,5.00,,Volo's Guide to Monsters,Wizards of the Coast,14,84,30,U,19,12,21,3,4,8,None,None,None,Darkvision 60,None,"Keen Smell, Stench",,,,,,,,,,,,,,,,,
"Clockwork, Oaken Bolter",Medium,Construct,5.00,,Mordenkainen's Tome of Foes,Wizards of the Coast,16,58,30,U,12,18,15,3,10,1,None,None,"Poisonimmu, nonmagicalimmu, nonadamantineimmu, charmedimmu, exhaustionimmu, frightenedimmu, paralyzedimmu, petrifiedimmu, poisonedimmu",Darkvision 60,Creator,Magic Resistance,,,,,,,,,,,,,,,,,
"Cranium Rat, Swarm",Medium,Beast ,5.00,,Volo's Guide to Monsters,Wizards of the Coast,12,36,30,LE,9,14,10,15,11,14,None,None,"Bludgeoningres, piercingres, slashingres, charmedimmu, frightenedimmu, grappledimmu, paralyzedimmu, petrifiedimmu, proneimmu, restrainedimmu, stunnedimmu","Darkvision 30, tremorsense 60",Telepathy 30,"Illumination, Innate Spellcasting, Swarm, Telepathic Shroud",,,,,,,,,,,,,,,,,
"Demon, Barlgura",Large,Fiend (Demon),5.00,,Monster Manual,Wizards of the Coast,15,68,"30, 30 climb",CE,18,15,16,7,14,9,"DEX, CON","Perception, Stealth","Coldres, fireres, lightningres, poisonimmu, poisonedimmu","Blindsight 30, Darkvision 120","Abyssal, telepathy 120","Innate Spellcasting, Reckless, Running Leap",,,,,,,,,,,,,,,,,
"Devil, Barbed",Medium,Fiend (Devil),5.00,,Monster Manual,Wizards of the Coast,15,110,30,LE,16,17,18,12,14,14,"STR, CON, WIS, CHA","Deception, Insight, Perception","Coldres, nonmagicalres, nonsilveredres, fireimmu, poisonimmu, poisonedimmu",Darkvision 120,"Infernal, telepathy 120","Barbed Hide, Devil's Sight, Magic Resistance",,,,,,,,,,,,,,,,,
"Dinosaur, Brontosaurus",Gargantuan,Beast,5.00,,Volo's Guide to Monsters,Wizards of the Coast,15,121,30,U,21,9,17,2,10,7,CON,None,None,Normal,None,None,,,,,,,,,,,,,,,,,
"Dinosaur, Triceratops",Huge,Beast,5.00,,Monster Manual,Wizards of the Coast,13,95,50,U,22,9,17,2,11,5,None,None,None,Normal,None,Trampling Charge,,,,,,,,,,,,,,,,,
Dragonfang,Medium,Humanoid (Human),5.00,,Rise of Tiamat,Wizards of the Coast,15,78,30,NE,11,16,14,12,12,14,WIS,"Deception, Stealth","Acidres, coldres, fireres, lightningres, poisonres",Normal,"Common, Draconic, Infernal","Dragon Fanatic, Fanatic Advantage, Limited Flight, Pack Tactics",,,,,,,,,,,,,,,,,
Drow Elite Warrior,Medium,Humanoid,5.00,,Monster Manual,Wizards of the Coast,18,71,30,NE,13,18,14,11,13,12,"DEX, CON, WIS","Perception, Stealth",None,Darkvision 120,"Elvish, Undercommon","Fey Ancestry, Innate Spellcasting, Sunlight Sensitivity",,,,,,,,,,,,,,,,,
"Elemental, Air",Large,Elemental,5.00,,Monster Manual,Wizards of the Coast,15,90,fly 90,N,14,20,14,6,10,6,None,None,"Lightningres, thunderres, nonmagicalres, poisonimmu, exhaustionimmu, grappledimmu, paralyzedimmu, petrifiedimmu, poisonedimmu, proneimmu, restrainedimmu, unconsciousimmu",Darkvision 60,Auran,Air Form,,,,,,,,,,,,,,,,,
"Elemental, Earth",Large,Elemental,5.00,,Monster Manual,Wizards of the Coast,17,126,"30, burrow 30",N,20,8,20,5,10,5,None,None,"Thunderweak, nonmagicalres, poisonimmu, exhaustionimmu, paralyzedimmu, petrifiedimmu, poisonedimmu, unconsciousimmu","Darkvision 60, tremorsense 60",Terran,"Earth Glide, Siege Monster",,,,,,,,,,,,,,,,,
"Elemental, Fire",large,Elemental,5.00,,Monster Manual,Wizards of the Coast,13,102,50,N,10,17,16,6,10,7,None,None,"Nonmagicalres, fireimmu, poisonimmu, exhaustionimmu, grappledimmu, paralyzedimmu, petrifiedimmu, poisonedimmu, proneimmu, restrainedimmu, unconsciousimmu",Darkvision 60,Ignan,"Fire Form, Illumination, Water Susceptibility",,,,,,,,,,,,,,,,,
"Elemental, Water",Large,Elemental,5.00,,Monster Manual,Wizards of the Coast,14,114,"30, swim 90",N,18,14,18,5,10,8,None,None,"Acidres, nonmagicalres, poisonimmu, exhaustionimmu, grappledimmu, paralyzedimmu, petrifiedimmu, poisonedimmu, proneimmu, restrainedimmu, unconsciousimmu",Darkvision 60,Aquan,"Water Form, Freeze",,,,,,,,,,,,,,,,,
"Eternal Flame, Razerblast",Medium,Humanoid (Human),5.00,,Princes of the Apocalypse,Wizards of the Coast,17,112,30,CE,16,11,16,9,10,13,None,"Intimidation, Perception",Fireimmu,Normal,"Common, Ignan","Searing Armor, Shrapnel Explosion",,,,,,,,,,,,,,,,,
"Giant, Hill",Huge,Giant,5.00,,Monster Manual,Wizards of the Coast,13,105,40,CE,21,8,19,5,9,6,None,Perception,None,Normal,Giant,None,,,,,,,,,,,,,,,,,
"Golem, Flesh",Medium,Construct,5.00,,Monster Manual,Wizards of the Coast,9,93,30,N,19,9,18,6,10,5,None,None,"Lightningimmu, poisonimmu, nonadamantineimmu, charmedimmu, exhaustionimmu, frightenedimmu, paralyzedimmu, petrifiedimmu, poisonedimmu",Darkvision 60,Creator,"Berserk, Aversion of Fire, Immutable Form, Lightning Absorption, Magic Resistance, Magic Weapons",,,,,,,,,,,,,,,,,
Gorgon,Large,Monstrosity,5.00,,Monster Manual,Wizards of the Coast,19,114,40,U,20,11,18,2,12,7,None,Perception,Petrifiedimmu,Darkvision 60,None,Trampling Charge,,,,,,,,,,,,,,,,,
"Hag, Night",Medium,Fiend,5.00,,Monster Manual,Wizards of the Coast,17,112,30,NE,18,15,16,16,14,16,None,"Deception, Insight, Perception, Stealth","Coldres, fireres, nonmagicalres, nonsilveredres, charmedimmu",Darkvision 120,"Abyssal, Common, Infernal, Primordial","Innate Spellcasting, Magic Resistance",,,,,,,,,,,,,,,,,
Hulking Crab,Huge,Beast,5.00,,Storm King's Thunder,Wizards of the Coast,17,76,"20, swim 30",U,19,8,16,3,11,3,None,Stealth,None,Blindsight 30,None,"Amphibious, Shell Camouflage",,,,,,,,,,,,,,,,,
Kruthik Hive Lord,Large,Monstrosity,5.00,,Mordenkainen's Tome of Foes,Wizards of the Coast,20,102,"40, burrow 20, climb 40",U,19,16,17,10,14,10,None,None,None,"Darkvision 60, tremorsense 60",Own,"Keen Smell, Pack Tactics, Tunneler",,,,,,,,,,,,,,,,,
"Lycanthrope, Werebear",Medium,Humanoid,5.00,,Monster Manual,Wizards of the Coast,11,135,"40, climb 30",NG,19,10,17,11,12,12,None,Perception,"Nonmagicalimmu, nonsilveredimmu",Normal,Common,"Shapechanger, Keen Smell",,,,,,,,,,,,,,,,,
Mindwitness,Large,Aberration,5.00,,Volo's Guide to Monsters,Wizards of the Coast,15,75,fly 20,LE,10,14,14,15,15,10,"INT, WIS",Perception,Proneimmu,Darkvision 120,"Deep Speech, Undercommon, telepathy 600",Telepathic Hub,,,,,,,,,,,,,,,,,
"Misc. Creature, Giant Crocodile",Huge,Beast,5.00,,Monster Manual,Wizards of the Coast,14,85,"30, swim 50",U,21,9,17,2,10,7,None,Stealth,None,Normal,None,Hold Breath,,,,,,,,,,,,,,,,,
"Misc. Creature, Giant Shark",Huge,Beast,5.00,,Monster Manual,Wizards of the Coast,13,126,swim 50,U,23,11,21,1,10,5,None,Perception,None,Blindsight 60,None,"Blood Frenzy, Water Breathing",,,,,,,,,,,,,,,,,
"NPC, Enchanter",Medium,Humanoid (Any Race),5.00,,Volo's Guide to Monsters,Wizards of the Coast,12,40,30,ANY,9,14,11,17,12,11,"INT, WIS","Arcana, History",None,Normal,Any,Normal SPellcasting,,,,,,,,,,,,,,,,,
"NPC, Gladiator",Medium,Humanoid,5.00,,Monster Manual,Wizards of the Coast,16,112,30,ANY,18,15,16,10,12,15,"STR, DEX, CON, INT, WIS","Athletics, Intimidation",None,Normal,Any,"Brave, Brute",,,,,,,,,,,,,,,,,
"NPC, Kraken Priest",Medium,Humanoid (Any Race),5.00,,Volo's Guide to Monsters,Wizards of the Coast,10,75,"30, swim 30",ANY,12,10,16,10,15,14,None,Perception,None,Normal,Any,"Amphibious, Innate Spellcasting",,,,,,,,,,,,,,,,,
"NPC, Master Thief",Medium,Humanoid (Any Race),5.00,,Volo's Guide to Monsters,Wizards of the Coast,16,84,30,ANY,11,18,14,11,11,12,"DEX, INT","Acrobatics, Athletics, Perception, Sleight of Hand, Stealth",None,Normal,"Any, Thieves' Cant","Cunning ACtion, Evasion, Sneak Attack",,,,,,,,,,,,,,,,,
"NPC, Transmuter",Medium,Humanoid (Any Race),5.00,,Volo's Guide to Monsters,Wizards of the Coast,12,40,30,ANY,9,14,11,17,12,11,"INT, WIS","Arcana, History",None,Normal,Any,"Normal Spellcasting, Transmuter's Stone",,,,,,,,,,,,,,,,,
"Oblex, Adult",Medium,Ooze,5.00,,Mordenkainen's Tome of Foes,Wizards of the Coast,14,75,20,LE,8,19,16,19,12,15,"INT, CHA","Deception, Perception, Arcana, History, Nature, Religion","Blindedimmu, charmedimmu, deafenedimmu, exhaustionimmu, proneimmu",Blindsight 60,"Common, Any","Amorphous, Aversion to Fire, Innate Spellcasting, Sulfurous Impersonation",,,,,,,,,,,,,,,,,
"Orc, Tanarukk",Medium,"Fiend (Demon,Orc)",5.00,,Volo's Guide to Monsters,Wizards of the Coast,14,95,30,CE,18,13,20,9,9,9,None,"Intimidation, Perception","FIreres, poisonres",Darkvision 60,"Abyssal, Common, Orc","Aggressive, Magic Resistance",,,,,,,,,,,,,,,,,
Otyugh,Large,Aberration,5.00,,Monster Manual,Wizards of the Coast,14,114,30,N,16,11,19,6,13,6,CON,None,None,Darkvision 120,Own,Limited Telepathy,,,,,,,,,,,,,,,,,
"Remorhaz, Young",Large,Monstrosity,5.00,,Monster Manual,Wizards of the Coast,14,93,"30, burrow 20",U,18,13,17,3,10,4,None,None,"Coldimmu, fireimmu","Darkvision 60, tremorsense 60",None,Heated Body,,,,,,,,,,,,,,,,,
Revenant,Medium,Undead,5.00,,Monster Manual,Wizards of the Coast,13,136,30,N,18,14,18,13,16,18,"STR, CON, WIS, CHA",None,"Necroticres, psychicres, poisonimmu, charmedimmu, exhaustionimmu, frightenedimmu, paralyzedimmu, poisonedimmu, stunnedimmu",Darkvision 60,Any,"Regeneration, Rejuvenation, Turn Immunity, Vengeful Tracker",,,,,,,,,,,,,,,,,
Roper,Large,Monstrosity,5.00,,Monster Manual,Wizards of the Coast,20,93,"10, climb 10",NE,18,8,17,7,16,6,None,"Perception, Stealth",None,Darkvision 60,None,"False Appearance, Grasping Tendrils, Spider Climb",,,,,,,,,,,,,,,,,
Sahuagin Baron,Large,Humanoid,5.00,,Monster Manual,Wizards of the Coast,16,76,"30, swim 50",LE,19,15,16,14,13,17,"DEX, CON, INT, WIS",Perception,None,Darkvision 120,Own,"Blood Frenzy, Limited Amphibious, Shark Telepathy",,,,,,,,,,,,,,,,,
Salamander,Large,Elemental,5.00,,Monster Manual,Wizards of the Coast,15,90,30,NE,18,14,15,11,10,12,None,None,"Coldweak, nonmagicalres, fireimmu",Darkvision 60,Ignan,Heated Body,,,,,,,,,,,,,,,,,
Sea Lion,Large,Monstrosity,5.00,,Tales from the Yawning Portal,Wizards of the Coast,15,90,"10, swim 40",U,17,15,15,3,12,8,None,"Perception, Stealth",None,Normal,None,"Amphibious, Keen Smell, Pack Tactics, Swimming Leap",,,,,,,,,,,,,,,,,
Shambling Mound,Large,Plant,5.00,,Monster Manual,Wizards of the Coast,15,136,"20, swim 20",U,18,8,16,5,10,5,None,Stealth,"Coldres, fireres, lightningimmu, blindedimmu, deafenedimmu, exhaustionimmu",Blindsight 60,None,Lightning Absorption,,,,,,,,,,,,,,,,,
"Slaad, Red",Large,Aberration,5.00,,Monster Manual,Wizards of the Coast,14,93,30,CN,16,12,16,6,6,7,None,Perception,"Acidres, coldres, fireres, lightningres, thunderres",Darkvision 60,"Own, telepathy 60","Magic Resistance, Regeneration",,,,,,,,,,,,,,,,,
Spawn of Kyuss,Medium,Undead,5.00,,Volo's Guide to Monsters,Wizards of the Coast,10,76,30,CE,16,11,18,5,7,3,WIS,None,"Poisonimmu, exhaustionimmu, poisonedimmu",Darkvision 60,Any,"Regeneration, Worms",,,,,,,,,,,,,,,,,
Star Spawn Mangler,Medium,Aberration,5.00,,Mordenkainen's Tome of Foes,Wizards of the Coast,14,71,"40, climb 40",CE,8,18,12,11,12,7,"DEX, CON",Stealth,"Coldres, psychicimmu, charmedimmu, frightenedimmu, proneimmu",Darkvision 60,Deep Speech,"Ambusher, Shadow Stealth",,,,,,,,,,,,,,,,,
Tlincalli,Large,Monstrosity,5.00,,Volo's Guide to Monsters,Wizards of the Coast,15,85,40,NE,16,13,16,8,12,8,None,"Perception, Stealth, Survival",None,Darkvision 60,Own,None,,,,,,,,,,,,,,,,,
Troll,Large,Giant,5.00,,Monster Manual,Wizards of the Coast,15,84,30,CE,18,13,20,7,9,7,None,Perception,None,Darkvision 60,Giant,"Keen Smell, Regeneration",,,,,,,,,,,,,,,,,
Umber Hulk,Large,Monstrosity,5.00,,Monster Manual,Wizards of the Coast,18,93,"30, burrow 20",CE,20,13,16,9,10,10,None,None,None,Darkvision 120,Own,"Confusing Gaze, Tunneler",,,,,,,,,,,,,,,,,
Unicorn,Large,Celestial,5.00,,Monster Manual,Wizards of the Coast,12,67,50,LG,18,14,15,11,17,16,None,None,"Poisonimmu, charmedimmu, paralyzedimmu, poisonedimmu",Darkvision 60,"Celestial, Elvish, Sylvan, telepathy 60","Legendary, Lair, Charge, Innate Spellcasting, Magic Resistance, Magic Weapons",,,,,,,,,,,,,,,,,
Vampire Spawn,Medium,Undead,5.00,,Monster Manual,Wizards of the Coast,15,82,30,NE,16,16,16,11,10,12,"DEX, WIS","Perception, Stealth","Necroticres, nonmagicalres",Darkvision 60,Any,"Regeneration, Spider Climb, Vampire Weaknesses, Forbiddance, Harmed by Running Water, Stake to the Heart,  Sunlight Hypersensitivity",,,,,,,,,,,,,,,,,
Wood Woad,Medium,Plant,5.00,,Volo's Guide to Monsters,Wizards of the Coast,18,75,"30, climb 30",LN,18,12,16,10,13,8,None,"Athletics, Perception, Stealth","Fireweak, bludgeoningres, piercingres, charmedimmu, frightenedimmu",Darkvision 60,Sylvan,"Magic Club, Plant Camouflage, Regeneration, Tree Stride",,,,,,,,,,,,,,,,,
Wraith,Medium,Undead,5.00,,Monster Manual,Wizards of the Coast,13,67,fly 60,NE,6,16,16,12,14,15,None,None,"Acidres, coldres, fireres, lightningres, thunderres, nonmagicalres, nonsilveredres, necroticimmu, poisonimmu, charmedimmu, exhaustionimmu, grappledimmu, paralyzedimmu, petrifiedimmu, poisonedimmu, proneimmu, restrainedimmu",Darkvision 60,Any,"Incorporeal Movement, Sunlight Sensitivity",,,,,,,,,,,,,,,,,
Xorn,Medium,Elemental,5.00,,Monster Manual,Wizards of the Coast,19,73,"20, burrow 20",N,17,10,22,11,10,11,None,"Perception, Stealth",Nonadamantineres,"Darkvision 60, tremorsense 60",Terran,"Earth Glide, Stone Camouflage, Treasure Sense",,,,,,,,,,,,,,,,,
Yuan-Ti Pit Master,Medium,"Monstrosity
Monstrosity (Yuan-Ti)",5.00,,Volo's Guide to Monsters,Wizards of the Coast,14,88,30,NE,16,14,13,14,12,16,"WIS, CHA","Deception, Stealth","Poisonimmu, poisonedimmu",Darkvision 120,"Abyssal, Common, Draconic","Shapechanger, Innate Spellcasting, Magic Resistance, Poison's Disciple, Normal Spellcasting",,,,,,,,,,,,,,,,,
"Yugoloth, Mezzo",Medium,Fiend,5.00,,Monster Manual,Wizards of the Coast,18,75,40,NE,18,11,16,7,10,11,None,Perception,"Coldres, fireres, lightningres, nonmagicalres, acidimmu, poisonimmu, poisonedimmu","Blindsight 60, darkvision 60","Abyssal, Infernal, telepathy 60","Innate Spellcasting, Magic Resistance, Magic Weapons",,,,,,,,,,,,,,,,,
"Zombie, Beholder",Large,Undead,5.00,,Monster Manual,Wizards of the Coast,15,93,fly 20,NE,10,8,16,3,8,5,WIS,None,"Poisonimmu, poisonedimmu",Darkvision 60,"Deep Speech, Undercommon",Undead Fortitude,,,,,,,,,,,,,,,,,
"Zombie, Greater",Medium,Undead,5.00,,Tales from the Yawning Portal,Wizards of the Coast,15,97,30,NE,18,10,17,4,6,6,WIS,None,"Coldres, necroticres, poisonimmu, charmedimmu, exhaustionimmu, frightenedimmu, paralyzedimmu, poisonedimmu",Darkvision 60,Any,"Turn Resistance, Undead Fortitude",,,,,,,,,,,,,,,,,
"Beholder, Gauth",Medium,Aberration,6.00,,Volo's Guide to Monsters,Wizards of the Coast,15,67,fly 20,LE,10,14,16,15,15,13,"INT, WIS, CHA",Perception,Proneimmu,Darkvision 120,"Deep Speech, Undercommon","Stunning Gaze, Death Throes",,,,,,,,,,,,,,,,,
Bodak,Medium,Undead,6.00,,Volo's Guide to Monsters,Wizards of the Coast,15,58,30,CE,15,16,15,7,12,12,None,"Perception, Stealth","Coldres, fireres, necroticres, nonmagicalres, lightningimmu, poisonimmu, charmedimmu, frightenedimmu, poisonedimmu",Darkvision 120,"Abyssal, Any","Aura of Annihilation, Death Gazer, Sunlight Hypersensitivity",,,,,,,,,,,,,,,,,
Centaur Mummy,Large,Undead,6.00,,Tales from the Yawning Portal,Wizards of the Coast,13,85,30,LE,20,12,16,5,14,12,WIS,None,"Fireweak, nonmagicalres, necroticimmu, poisonimmu, charmedimmu, exhaustionimmu, frightenedimmu, paralyzedimmu, poisonedimmu",Darkvision 60,"Common, Sylvan",Charge,,,,,,,,,,,,,,,,,
Chimera,Large,Monstrosity,6.00,,Monster Manual,Wizards of the Coast,14,114,"30, fly 60",CE,19,11,19,3,14,10,None,Perception,None,Darkvision 60,Draconic,None,,,,,,,,,,,,,,,,,
Cyclops,Huge,Giant,6.00,,Monster Manual,Wizards of the Coast,14,138,30,CN,22,11,20,8,6,10,None,None,None,Normal,Giant,Poor Depth Perception,,,,,,,,,,,,,,,,,
"Demon, Chasme",Large,Fiend (Demon),6.00,,Monster Manual,Wizards of the Coast,15,84,"20, fly 60",CE,15,15,12,11,14,10,"DEX, WIS",Perception,"Coldres, fireres, lightningres, poisonimmu, poisonedimmu","Blindsight 10, darkvision 120","Abyssal, telepathy 120","Drone, Magic Resistance, Spider Climb",,,,,,,,,,,,,,,,,
"Demon, Vrock",Large,Fiend (Demon),6.00,,Monster Manual,Wizards of the Coast,15,104,"40, fly 60",CE,17,15,18,8,13,8,"DEX, WIS, CHA",None,"Coldres, fireres, lightningres, nonmagicalres, poisonimmu, poisonedimmu",Darkvision 120,"Abyssal, telepathy 120",Magic Resistance,,,,,,,,,,,,,,,,,
"Devil, Abishai, White",Medium,Fiend (Devil),6.00,,Mordenkainen's Tome of Foes,Wizards of the Coast,15,68,"30, fly 40",LE,16,11,18,11,12,13,"STR, CON",None,"Nonmagicalres, nonsilveredres, coldimmu, fireimmu, poisonimmu, poisonedimmu",Darkvision 120,"Draconic, Infernal, telepathy 120","Devil's Sight, Magic Resistance, Magic Weapons, Reckless",,,,,,,,,,,,,,,,,
"Dragon, Chromatic, White, Young",Large,Dragon,6.00,,Monster Manual,Wizards of the Coast,14,133,"40, burrow 20, fly 80, swim 40",CE,18,10,18,6,11,12,"DEX, CON, WIS, CHA","Perception, Stealth",Coldimmu,"Blindsight 30, darkvision 120","Common, Draconic",Ice Walk,,,,,,,,,,,,,,,,,
"Dragon, Metallic, Brass, Young",Large,Dragon,6.00,,Monster Manual,Wizards of the Coast,17,110,"40, burrow 20, fly 80",CG,19,10,17,12,11,15,"DEX, CON, WIS, CHA","Perception, Persuasion, Stealth",Fireimmu,"Blindsight 30, Darkvision 120","Common, Draconic",None,,,,,,,,,,,,,,,,,
Drider,Large,Monstrosity,6.00,https://www.dndbeyond.com/monsters/16847-drider,Monster Manual,Wizards of the Coast,19,123,"30, climb 30",CE,16,16,18,13,14,12,None,"Perception, Stealth",None,Darkvision 120,"Elvish, Undercommon","Fey Ancestry, Innate Spellcasting, Spider Climb, Sunlight Sensitivity, Web Walker",,,,,,,,,,,,,,,,,
Duergar Warlord,Medium,Humanoid (Dwarf),6.00,,Mordenkainen's Tome of Foes,Wizards of the Coast,20,75,25,LE,18,11,17,12,12,14,None,None,Poisonres,Darkvision 120,"Dwarvish, Undercommon","Duergar Resilience, Sunlight Sensitivity",,,,,,,,,,,,,,,,,
"Eternal Flame, Flamewrath",Medium,Humanoid (Human),6.00,,Princes of the Apocalypse,Wizards of the Coast,12,105,30,CE,10,14,16,11,10,16,None,"Arcana, Religion",Fireimmu,Normal,"Common, Ignan","Normal Spellcasting, Wreathed in Flame",,,,,,,,,,,,,,,,,
Galeb Duhr,Medium,Elemental,6.00,,Monster Manual,Wizards of the Coast,16,85,"15, rolling",N,20,14,20,11,12,11,None,None,"Nonmagicalres, poisonimmu, exhaustionimmu, paralyzedimmu, poisonedimmu, petrifiedimmu","Darkvision 60, tremorsense 60",Terran,"False Appearance, Rolling Charge",,,,,,,,,,,,,,,,,
"Giant, Hill, Mouth of Grolantor",Huge,"Giant (Giant, Hill)",6.00,,Volo's Guide to Monsters,Wizards of the Coast,14,105,50,CE,21,10,18,5,7,5,None,Perception,Frightenedimmu,Normal,Giant,Mouth of Madness,,,,,,,,,,,,,,,,,
Githzerai Zerth,Medium,Humanoid,6.00,,Monster Manual,Wizards of the Coast,17,84,30,LN,13,18,15,16,17,12,"STR, DEX, INT, WIS","Arcana, Insight, Perception",None,Normal,Own,"Innate Spellcasting, Psychic Defense",,,,,,,,,,,,,,,,,
"Hag, Annis",Large,Fey,6.00,,Volo's Guide to Monsters,Wizards of the Coast,17,75,40,CE,21,12,14,13,14,15,CON,"Deception, Perception","Coldres, nonmagicalres",Darkvision 60,"COmmon, Giant, Sylvan",Innate Spellcasting,,,,,,,,,,,,,,,,,
Hobgoblin Warlord,Medium,Humanoid,6.00,,Monster Manual,Wizards of the Coast,20,97,30,LE,16,14,16,14,11,15,"INT, WIS, CHA",None,None,Darkvision 60,"Common, Goblin",Martial Advantage,,,,,,,,,,,,,,,,,
Invisible Stalker,Medium,Elemental,6.00,,Monster Manual,Wizards of the Coast,14,104,"50, fly 50",N,16,19,14,10,15,11,None,"Perception, Stealth","Nonmagicalres, poisonimmu, exhaustionimmu, grappledimmu, paralyzedimmu, petrifiedimmu, poisonedimmu, proneimmu, restrainedimmu, unconscious",Darkvision 60,"Auran, Common","Invisibility, Faultless Tracker",,,,,,,,,,,,,,,,,
Kuo-Toa Archpriest,Medium,Humanoid,6.00,,Monster Manual,Wizards of the Coast,13,97,"30, swim 30",NE,16,14,16,13,16,14,None,"Perception, Religion",None,Darkvision 120,Undercommon,"Amphibious, Otherworldly Perception, Slippery, Sunlight Sensitivity, Normal Spellcasting",,,,,,,,,,,,,,,,,
Medusa,Medium,Monstrosity,6.00,,Monster Manual,Wizards of the Coast,15,127,30,LE,10,15,16,12,13,15,None,"Deception, Insight, Perception, Stealth",None,Darkvision 60,Common,Petrifying Gaze,,,,,,,,,,,,,,,,,
"Misc. Creature, Mammoth",Huge,Beast,6.00,,Monster Manual,Wizards of the Coast,13,126,40,U,24,9,21,3,11,6,None,None,None,Normal,None,Trampling Charge,,,,,,,,,,,,,,,,,
"NPC, Conjurer",Medium,Humanoid (Any Race),6.00,,Volo's Guide to Monsters,Wizards of the Coast,12,40,30,ANY,9,14,11,17,12,11,"INT, WIS","Arcana, History",None,Normal,Any,"Normal Spellcasting, Benign Transportation",,,,,,,,,,,,,,,,,
"NPC, Mage",Medium,Humanoid,6.00,,Monster Manual,Wizards of the Coast,12,40,30,ANY,9,14,11,17,12,11,"INT, WIS","Arcana, History",None,Normal,Any,Normal Spellcasting,,,,,,,,,,,,,,,,,
"NPC, Warlock of the Great Old One",Medium,Humanoid (Any Race),6.00,,Volo's Guide to Monsters,Wizards of the Coast,12,91,30,ANY,9,14,15,12,12,18,"WIS, CHA","Arcana, History",Psychicres,Darkvision 60,"Any, telepathy 30","Innate Spellcasting, Normal Spellcasting, Whispering Aura",,,,,,,,,,,,,,,,,
Strahd's Animated Armor,Medium,Construct,6.00,,Curse of Strahd,Wizards of the Coast,21,112,30,LE,17,13,16,9,10,9,None,Perception,"Coldres, fireres, blindedimmu, charmedimmu, deafenedimmu, exhaustionimmu, frightenedimmu paralyzedimmu, petrifiedimmu, poisonimmu",Blindsight 60,Common,None,,,,,,,,,,,,,,,,,
Wyvern,Large,Dragon,6.00,,Monster Manual,Wizards of the Coast,13,110,"20, fly 80",U,19,1,16,5,12,6,None,Perception,None,Darkvision 60,None,None,,,,,,,,,,,,,,,,,
"Blight, Tree",Huge,Plant,7.00,,Curse of Strahd,Wizards of the Coast,15,149,30,NE,23,10,20,6,10,3,None,None,"Blindedimmu, deafenedimmu",Blindsight 60,"Common, Druidic","False, Siege",,,,,,,,,,,,,,,,,
"Demon, Armanite",Large,Fiend (Demon),7.00,,Mordenkainen's Tome of Foes,Wizards of the Coast,16,84,60,CE,21,18,21,8,12,13,None,None,"Coldres, fireres, lightningres, poisonimmu, poisonedimmu",Darkvision 120,"Abyssal, telepathy 120","Magic Resistance, Magic Weapons",,,,,,,,,,,,,,,,,
"Demon, Draegloth",Large,Fiend (Demon),7.00,http://dndroll.wikidot.com/creatures:draegloth-legacy,Volo's Guide to Monsters,Wizards of the Coast,15,123,30,CE,20,15,18,13,11,11,None,"Perception, Stealth","COldres, fireres, lightningres, poisonimmu, poisonedimmu",Darkvision 120,"Abyssal, Elvish, Undercommon","Fey Ancestry, Innate Spellcasting",,,,,,,,,,,,,,,,,
"Demon, Maurezhi",Medium,Fiend (Demon),7.00,,Mordenkainen's Tome of Foes,Wizards of the Coast,15,88,30,CE,14,17,12,11,12,15,None,Deception,"Coldres, fireres, lightningres, necroticres, nonmagicalres, poisonimmu, charmedimmu, exhaustionimmu, poisonedimmu",Darkvision 120,"Abyssal, Elvish, telepathy 120","Assume Form, Magic Resistance",,,,,,,,,,,,,,,,,
"Devil, Abishai, Black",Medium,Fiend (Devil),7.00,,Mordenkainen's Tome of Foes,Wizards of the Coast,15,58,"30, fly 40",LE,14,17,14,13,16,11,"DEX, WIS","Perception, Stealth","COldres, nonmagicalres, nonsilveredres, acidimmu, fireimmu, poisonimmu, poisonedimmu",Darkvision 120,"Draconic, Infernal, telepathy 120","Devil's Sight, Magic Resistance, Magic Weapons, Shadow Stealth",,,,,,,,,,,,,,,,,
"Dragon, Chromatic, Black, Young",Large,Dragon,7.00,,Monster Manual,Wizards of the Coast,18,127,"40, 80 fly, swim 40",CE,19,14,17,12,11,15,"DEX, CON, WIS, CHA","Perception, Stealth",Acidimmu,"Blindsight 10, darkvision 60",Draconic,Amphibious,,,,,,,,,,,,,,,,,
"Dragon, Metallic, Copper, Young",Large,Dragon,7.00,,Monster Manual,Wizards of the Coast,17,119,"40, climb 40, fly 80",CG,19,12,17,16,13,15,"DEX, CON, WIS, CHA","Deception, Perception, Stealth",Acidimmu,"Blindsight 30, darkvision 120","Common, Draconic",None,,,,,,,,,,,,,,,,,
Dragonsoul,Medium,Humanoid (Human),7.00,,Rise of Tiamat,Wizards of the Coast,16,110,30,NE,11,18,14,13,12,16,WIS,"Deception, Stealth","Acidres, coldres, fireres, lightningres, poisonres",Normal,"Common, Draconic, Infernal","Dragon Fanatic, Fanatic Advantage, Limited Flight, Pack Tactics",,,,,,,,,,,,,,,,,
Drow Mage,Medium,Humanoid,7.00,,Monster Manual,Wizards of the Coast,12,45,30,NE,9,14,10,17,13,12,None,"Arcana, Deception, Perception, Stealth",None,Darkvision 120,"Elvish, Undercommon","Fey Ancestry, Innate Spellcasting, Normal Spellcasting, Sunlight Sensitivity",,,,,,,,,,,,,,,,,
"Elemental Myrmidon, Air",Medium,Elemental,7.00,,Mordenkainen's Tome of Foes,Wizards of the Coast,18,117,"30, fly 30",N,18,14,14,9,10,10,None,None,"Lightningres, thunderres, nonmagicalres, poisonimmu, paralyzedimmu, petrifiedimmu, poisonedimmu, proneimmu",Darkvision 60,"Auran, Any",Magic Weapons,,,,,,,,,,,,,,,,,
"Elemental Myrmidon, Earth",Medium,Elemental,7.00,,Mordenkainen's Tome of Foes,Wizards of the Coast,18,127,30,N,18,10,17,8,10,10,None,None,"Nonmagicalres, poisonimmu, paralyzedimmu, petrifiedimmu, poisonedimmu, proneimmu",Darkvision 60,"Terran, Any",Magic Weapons,,,,,,,,,,,,,,,,,
"Elemental Myrmidon, Fire",Medium,Elemental,7.00,,Mordenkainen's Tome of Foes,Wizards of the Coast,18,123,40,N,13,18,15,9,10,10,None,None,"Nonmagicalres, fireimmu, poisonimmu, paralyzedimmu, petrifiedimmu, poisonedimmu, proneimmu",Darkvision 60,"Ignan, Any","Illumination, Magic Weapons, Water Susceptibility",,,,,,,,,,,,,,,,,
"Elemental Myrmidon, Water",Medium,Elemental,7.00,,Mordenkainen's Tome of Foes,Wizards of the Coast,18,127,"40, swim 40",N,18,14,15,8,10,10,None,None,"Acidres, nonmagicalres, poisonimmu, paralyzedimmu, petrifiedimmu, poisonedimmu, proneimmu",Darkvision 60,"Aquan, Any",Magic Weapons,,,,,,,,,,,,,,,,,
"Giant, Stone",Huge,Giant,7.00,,Monster Manual,Wizards of the Coast,17,126,40,N,23,15,20,10,12,9,"DEX, CON, WIS","Athletics, Perception",None,Darkvision 60,Giant,Stone Camouflage,,,,,,,,,,,,,,,,,
Grick Alpha,Medium,Monstrosity,7.00,,Monster Manual,Wizards of the Coast,18,75,"30, climb 30",N,18,16,15,4,14,9,None,None,Nonmagicalres,Darkvision 60,None,Stone Camouflage,,,,,,,,,,,,,,,,,
"Hag, Bheur",Medium,Fey,7.00,,Volo's Guide to Monsters,Wizards of the Coast,17,91,30,CE,13,16,14,12,13,16,WIS,"Nature, Perception, Stealth, Survival",Coldimmu,Darkvision 60,"Auran, Common, Giant","Graystaff Magic, Ice Walk, Innate Spellcasting",,,,,,,,,,,,,,,,,
Korred,Small,Fey,7.00,,Volo's Guide to Monsters,Wizards of the Coast,17,102,"30, burrow 30",CN,23,14,20,10,15,9,None,"Athletics, Perception, Stealth",Nonmagicalres,"Darkvision 120, tremorsense 120","Dwarvish, Gnomish, Sylvan, Terran, Undercommon","Command Hair, Innate Spellcasting, Stone Camouflage, Stone's Strength",,,,,,,,,,,,,,,,,
Mind Flayer,Medium,Aberration,7.00,,Monster Manual,Wizards of the Coast,15,71,30,LE,11,12,12,19,17,17,"INT, WIS, CHA","Arcana, Deception, Insight, Perception, Persuasion, Stealth",None,"Darkvision 120,","Deep Speech, Undercommon, telepathy 120","Magic Resistance, Innate Spellcasting (Psionics)",,,,,,,,,,,,,,,,,
"Misc. Creature, Giant Ape",Huge,Beast,7.00,,Monster Manual,Wizards of the Coast,12,157,"40, climb 40",U,23,14,18,7,12,7,None,"Athletics, Perception",None,Normal,None,None,,,,,,,,,,,,,,,,,
"NPC, Warlock of the Fiend",Medium,Humanoid (Any Race),7.00,,Volo's Guide to Monsters,Wizards of the Coast,12,78,30,ANY,10,14,15,12,12,18,"WIS, CHA","Arcana, Deception, Persuasion, Religion","Nonmagicalres, nonsilveredres",Darkvision 60,Any,"Innate SPellcasting, Normal Spellcasting, Dark One's Own Luck",,,,,,,,,,,,,,,,,
Oni,Large,Giant,7.00,,Monster Manual,Wizards of the Coast,16,110,"30, fly 30",LE,19,11,16,14,12,15,"DEX, CON, WIS, CHA","Arcana, Deception, Perception",None,Darkvision 60,"Common, Giant","Innate Spellcasting, Magic Weapons, Regeneration",,,,,,,,,,,,,,,,,
Shadar-Kai Shadow Dancer,Medium,Humanoid (Elf),7.00,,Mordenkainen's Tome of Foes,Wizards of the Coast,15,71,30,N,12,16,13,11,12,12,"DEX, CHA",Stealth,"Necroticimmu, charmedimmu, exhaustionimmu",Darkvision 60,"Common, Elvish","Fey Ancestry, Shadow Jump",,,,,,,,,,,,,,,,,
Shield Guardian,Large,Construct,7.00,,Monster Manual,Wizards of the Coast,17,142,30,U,18,8,18,7,1,,None,None,"Poisonimmu, charmedimmu, exhaustionimmu, frightenedimmu, paralyzedimmu, poisonedimmu","Blindsight 10, darkvision 60",Any,"Bound, Regeneration, Spell Storing",,,,,,,,,,,,,,,,,
"Skeleton, Giant",Huge,Undead,7.00,https://5e.tools/bestiary/giant-skeleton-tftyp.html,Tales from the Yawning Portal,Wizards of the Coast,17,115,30,NE,21,10,20,4,6,6,None,None,"Bludgeoningweak, poisonimmu, exhaustionimmu, poisonedimmu",Darkvision 60,Giant,"Evasion, Magic Resistance, Turn Immunity",,,,,,,,,,,,,,,,,
"Slaad, Blue",Large,Aberration,7.00,,Monster Manual,Wizards of the Coast,15,123,30,CN,20,15,18,7,7,9,None,Perception,"Acidres, coldres, fireres, lightningres, thunderres",Darkvision 60,"Own, telepathy 60","Magic Resistance, Regeneration",,,,,,,,,,,,,,,,,
"Sorrowsworn, The Lost",Medium,Monstrosity,7.00,,Mordenkainen's Tome of Foes,Wizards of the Coast,15,78,30,NE,17,12,15,6,7,5,None,Athletics,Darknessres,Darkvision 60,Common,None,,,,,,,,,,,,,,,,,
"Troll, Venom",Large,Giant,7.00,,Mordenkainen's Tome of Foes,Wizards of the Coast,15,94,30,CE,18,13,20,7,9,7,None,Perception,"Poisonimmu, poisonedimmu",Darkvision 60,Giant,"Keen Smell, Poison Splash, Regeneration",,,,,,,,,,,,,,,,,
Yuan-Ti Abomination,Large,Monstrosity,7.00,,Monster Manual,Wizards of the Coast,15,127,40,NE,19,16,17,17,15,18,None,"Perception, Stealth","Poisonimmu, poisonedimmu",Darkvision 60,"Abyssal, Common, Draconic","Shapechanger, Innate Spellcasting, Magic Resistance",,,,,,,,,,,,,,,,,
"Yugoloth, Dhergo",Medium,Fiend (Yugoloth),7.00,,Mordenkainen's Tome of Foes,Wizards of the Coast,15,119,30,NE,17,10,19,7,10,9,STR,None,"Coldres, fireres, lightningres, nonmagicalres, acidimmu, poisonimmu, poisonedimmu","Blindsight 60, darkvision 60","Abyssal, Infernal, telepathy 60","Innate Spellcasting, Magic Resistance, Magic Weapons",,,,,,,,,,,,,,,,,
Cloaker,Large,Aberration,8.00,,Monster Manual,Wizards of the Coast,14,78,"10, fly 40",CN,17,15,12,13,12,14,None,Stealth,None,Darkvision 60,"Deep Speech, Undercommon","Damage Transfer, False Appearance, Light Sensitivity",,,,,,,,,,,,,,,,,
Corpse Flower,Large,Plant,8.00,,Mordenkainen's Tome of Foes,Wizards of the Coast,12,127,"20, climb 20",CE,14,14,16,7,15,3,None,None,"Blindedimmu, deafenedimmu",Blindsight 120,None,"Corpses, Spider Climb, Stench of Death",,,,,,,,,,,,,,,,,
Deathlock Mastermind,Medium,Undead,8.00,,Mordenkainen's Tome of Foes,Wizards of the Coast,13,110,30,NE,11,16,12,15,12,17,"INT, CHA","Arcana, History, Perception","Necroticres, nonmagicalres, nonsilveredres, poisonimmu, exhaustionimmu, poisonedimmu",Darkvision 120,Any,"Innate Spellcasting, Normal Spellcasting, Turn Resistance",,,,,,,,,,,,,,,,,
"Demon, Hezrou",Large,Fiend (Demon),8.00,,Monster Manual,Wizards of the Coast,16,136,30,CE,19,17,20,5,12,13,"STR, CON, WIS",None,"Coldres, fireres, lightningres, nonmagicalres, poisonimmu, poisonedimmu",Darkvision 120,"Abyssal, telepathy 120","Magic Resistance, Stench",,,,,,,,,,,,,,,,,
"Demon, Shoosuva",Large,Fiend (Demon),8.00,,Volo's Guide to Monsters,Wizards of the Coast,14,110,40,CE,18,13,17,7,14,9,"DEX, CON, WIS",None,"COldres, fireres, lightningres, nonmagicalres, poisonimmu, charmedimmu, frightenedimmu, poisonedimmu",Darkvision 60,"Abyssal, Gnoll, telepathy 120",Rampage,,,,,,,,,,,,,,,,,
"Devil, Chain",Medium,Fiend (Devil),8.00,,Monster Manual,Wizards of the Coast,16,85,30,LE,18,15,18,11,12,14,"CON, WIS, CHA",None,"Coldres, nonmagicalres, nonsilveredres, fireimmu, poisonimmu, poisonedimmu",Darkvision 120,"Infernal, telepathy 120","Devil's Sight, Magic Resistance",,,,,,,,,,,,,,,,,
"Dinosaur, Tyrannosaurus Rex",Huge,Beast,8.00,,Monster Manual,Wizards of the Coast,13,136,50,U,25,10,19,2,12,9,None,Perception,None,Normal,None,None,,,,,,,,,,,,,,,,,
"Dragon, Chromatic, Green, Young",Large,Dragon,8.00,,Monster Manual,Wizards of the Coast,18,136,"40, fly 80, swim 40",LE,19,12,17,16,13,15,"DEX, CON, WIS, CHA","Deception, Perception, Stealth","Poisonimmu, poisonedimmu","Blindsight 60, darkvision 120","Common, Draconic",Amphibious,,,,,,,,,,,,,,,,,
"Dragon, Metallic, Bronze, Young",Large,Dragon,8.00,,Monster Manual,Wizards of the Coast,18,142,"40, fly 80, swim 40",LG,21,10,19,14,13,17,"DEX, CON, WIS, CHA","Insight, Perception, Stealth",Lightningimmu,"Blindsight 30, Darkvision 120","Common, Draconic",Amphibious,,,,,,,,,,,,,,,,,
Drow Priestess of Lolth,Medium,Humanoid,8.00,,Monster Manual,Wizards of the Coast,16,71,30,NE,10,14,12,13,17,18,"CON, WIS, CHA","Insight, Perception, Religion, Stealth",None,Darkvision 120,"Elvish, Undercommon","Fey Ancestry, Innate Spellcasting, Normal Spellcasting, Sunlight Sensitivity",,,,,,,,,,,,,,,,,
Fomorian,Huge,Giant,8.00,,Monster Manual,Wizards of the Coast,14,149,30,CE,23,10,20,9,14,6,None,"Perception, Stealth",None,Darkvision 120,"Giant, Undercommon",None,,,,,,,,,,,,,,,,,
"Giant, Frost",Huge,Giant,8.00,,Monster Manual,Wizards of the Coast,15,138,40,NE,23,9,21,9,10,12,"CON, WIS, CHA","Athletics, Perception",Coldimmu,Normal,Giant,None,,,,,,,,,,,,,,,,,
Githyanki Knight,Medium,Humanoid,8.00,https://www.aidedd.org/dnd/monstres.php?vo=githyanki-knight,Monster Manual,Wizards of the Coast,18,91,30,LE,16,14,15,14,14,15,"CON, INT, WIS",None,None,Normal,Own,Innate Spellcasting,,,,,,,,,,,,,,,,,
Howler,Large,Fiend,8.00,,Mordenkainen's Tome of Foes,Wizards of the Coast,16,90,40,CE,17,16,15,5,20,6,None,Perception,"Coldres, fireres, lightningres, nonmagicalres, frightenedimmu",Darkvision 60,Abyssal,Pack Tactics,,,,,,,,,,,,,,,,,
Hydra,Huge,Monstrosity,8.00,,Monster Manual,Wizards of the Coast,15,172,"30, swim 30",U,20,12,20,2,10,7,None,Perception,None,Darkvision 60,None,"Hold Breath, Multiple Heads, Reactive Heads, Wakeful",,,,,,,,,,,,,,,,,
"Naga, Spirit",Large,Monstrosity,8.00,,Monster Manual,Wizards of the Coast,15,75,40,CE,18,17,14,16,15,16,"DEX, CON, INT, WIS, CHA",None,"Poisonimmu, charmedimmu, poisonedimmu",Darkvision 60,Abyssal Common,"Rejuvenation, Normal Spellcasting",,,,,,,,,,,,,,,,,
"NPC, Assassin",Medium,Humanoid,8.00,https://roll20.net/compendium/dnd5e/Assassin#content,Monster Manual,Wizards of the Coast,15,78,30,NOT GOOD,11,16,14,13,11,10,"DEX, INT","Acrobatics, Deception, Perception, Stealth",Poisonres,Normal,"Thieves' Cant, Any","Assassinate, Evasion, Sneak Attack",,,,,,,,,,,,,,,,,
"NPC, Blackguard",Medium,Humanoid (Any Race),8.00,,Volo's Guide to Monsters,Wizards of the Coast,18,153,30,NOT GOOD,18,11,18,11,14,15,"WIS, CHA","Athletics, Deception, Intimidation",None,Normal,Any,Normal Spellcasting,,,,,,,,,,,,,,,,,
"NPC, Diviner",Medium,Humanoid (Any Race),8.00,,Volo's Guide to Monsters,Wizards of the Coast,12,67,30,ANY,9,14,11,18,12,11,"INT, WIS","Arcana, History",None,Normal,Any,"Normal Spellcasting, Portent",,,,,,,,,,,,,,,,,
"Slaad, Green",Large,Aberration,8.00,,Monster Manual,Wizards of the Coast,16,127,30,CN,18,15,16,11,8,12,None,"Arcana, Perception","Acidres, coldres, fireres, lightningres, thunderres","Blindsight 30, darkvision 60","Own, telepathy 60","Shapechanger, Innate Spellcasting, Magic Resistance, Regeneration",,,,,,,,,,,,,,,,,
Sword Wraith Commander,Medium,Undead,8.00,,Mordenkainen's Tome of Foes,Wizards of the Coast,18,127,30,LE,18,14,18,11,12,14,None,Perception,"Necroticres, nonmagicalres, poisonimmu, exhaustionimmu, frightenedimmu, poisonedimmu, unconsciousimmu",Darkvision 60,Any,"Martial Fury, Turning Defiance",,,,,,,,,,,,,,,,,
"Yugoloth, Cano",Medium,Fiend (Yugoloth),8.00,,Mordenkainen's Tome of Foes,Wizards of the Coast,16,120,50,NE,18,10,17,5,17,12,None,"Investigation, Perception","Coldres, fireres, lightningres, nonmagicalres, acidimmu, poisonimmu, poisonedimmu","Darkvision 60, truesight 120","Abyssal, Infernal, telepathy 60","Dimensional Lock, Magic Resistance, Magic Weapons, Uncanny Senses",,,,,,,,,,,,,,,,,
"Zombie, Tyrannosaurus",Huge,Undead,8.00,,Tomb of Annihilation,Wizards of the Coast,11,136,40,U,25,6,19,1,3,5,None,None,"Poisonimmu, poisonedimmu",Darkvision 60,None,"Disgorge Zombie, Undead Fortitude",,,,,,,,,,,,,,,,,
"Demon, Glabrezu",Large,Fiend (Demon),9.00,,Monster Manual,Wizards of the Coast,17,157,40,CE,20,15,21,19,17,16,"STR, CON, WIS, CHA",None,"Coldres, fireres, lightningres, nonmagicalres, poisonimmu, poisonedimmu",Truesight 120,"Abyssal, telepathy 120","Innate Spellcasting, Magic Resistance",,,,,,,,,,,,,,,,,
"Devil, Bone",Large,Fiend (Devil),9.00,,Monster Manual,Wizards of the Coast,19,142,"40, 40 fly",LE,18,16,18,13,14,16,"INT, WIS, CHA","Deception, Insight","Coldres, nonmagicalres, nonsilveredres, fireimmu, poisonimmu, poisonedimmu",Darkvision 120,"Infernal, telepathy 120","Devil's Sight, Magic Resistance",,,,,,,,,,,,,,,,,
"Dragon, Chromatic, Blue, Young",Large,Dragon,9.00,,Monster Manual,Wizards of the Coast,18,152,"40, 20 burrow, 80 fly",LE,21,10,19,14,13,17,"DEX, CON, WIS, CHA","Perception, Stealth",Lightningimmu,"Blindsight 10, darkvision 60",Draconic,None,,,,,,,,,,,,,,,,,
"Dragon, Metallic, Silver, Young",Large,Dragon,9.00,,Monster Manual,Wizards of the Coast,18,168,"40, fly 80",LG,23,10,21,14,11,19,"DEX, CON, WIS, CHA","Arcana, History, Perception, Stealth",Coldimmu,"Blindsight 30, darkvision 120","Common, Draconic",None,,,,,,,,,,,,,,,,,
Drow House Captain,Medium,Humanoid (Elf),9.00,,Mordenkainen's Tome of Foes,Wizards of the Coast,16,162,30,NE,14,19,15,12,14,13,"DEX, CON, WIS","Perception, Stealth",None,Darkvision 120,"Elvish, Undercommon","Battle Command, Fey Ancestry, Innate Spellcasting, Sunlight Sensitivity",,,,,,,,,,,,,,,,,
"Giant, Cloud",Huge,Giant,9.00,,Monster Manual,Wizards of the Coast,14,200,40,NG/NE,27,10,22,12,16,16,"CON, WIS, CHA","Insight, Perception",None,Normal,"Common, Giant","Keen Smell, Innate Spellcasting",,,,,,,,,,,,,,,,,
"Giant, Fire",Huge,Giant,9.00,,Monster Manual,Wizards of the Coast,18,162,30,LE,25,9,23,10,14,13,"DEX, CON, CHA","Athletics, Perception",Fireimmu,Normal,Giant,None,,,,,,,,,,,,,,,,,
"Gnoll, Flind",Medium,Humanoid (Gnoll),9.00,,Volo's Guide to Monsters,Wizards of the Coast,16,127,30,CE,20,10,19,11,13,12,"CON, WIS","Intimation, Perception",None,Darkvision 60,"Gnoll, Abyssal",Aura of Blood Thirst,,,,,,,,,,,,,,,,,
"Golem, Clay",Large,Construct,9.00,,Monster Manual,Wizards of the Coast,14,133,20,U,20,9,18,3,8,1,None,None,"Acidimmu, poisonimmu, psychicimmu, nonadamantineimmu, charmedimmu, exhaustionimmu, frightenedimmu, paralyzedimmu, petrifiedimmu, poisonedimmu",Darkvision 60,Creator,"Acid Absorption, Berserk, Immutable Form, Magic Resistance, Magic Weapons",,,,,,,,,,,,,,,,,
"Mind Flayer, Ulitharid",Large,Aberration,9.00,,Volo's Guide to Monsters,Wizards of the Coast,15,127,30,LE,15,12,15,21,19,21,"INT, WIS, CHA","Arcana, Insight, Perception, Stealth",None,Darkvision 120,"Deep Speech, Undercommon, telepathy 2 miles","Creature Sense, Magic Resistance, Psionic Hub, Innate SPellcasting (Psionics)",,,,,,,,,,,,,,,,,
"NPC, Abjurer",Medium,Humanoid (Any Race),9.00,,Volo's Guide to Monsters,Wizards of the Coast,12,84,30,ANY,9,14,14,18,12,11,"INT, WIS","Arcana, History",None,Normal,Any,"Normal Spellcasting, Arcane Ward",,,,,,,,,,,,,,,,,
"NPC, Champion",Medium,Humanoid (Any Race),9.00,,Volo's Guide to Monsters,Wizards of the Coast,18,143,30,ANY,20,15,14,10,14,12,"STR, CON","Athletics, Intimidation, Perception",None,Normal,Any,"Indomitable, Second Wind",,,,,,,,,,,,,,,,,
"NPC, Evoker",Medium,Humanoid (Any Race),9.00,,Volo's Guide to Monsters,Wizards of the Coast,12,66,30,ANY,9,14,12,17,12,11,"INT, WIS","Arcana, History",None,Normal,Any,"Normal Spellcasting, Sculpt Spells",,,,,,,,,,,,,,,,,
"NPC, Necromancer",Medium,Humanoid (Any Race),9.00,,Volo's Guide to Monsters,Wizards of the Coast,12,66,30,ANY,9,14,12,17,12,11,"INT, WIS","Arcana, History",Necroticres,Normal,Any,"Normal Spellcasting, Grim Harvest",,,,,,,,,,,,,,,,,
"NPC, War Priest",Medium,Humanoid (Any Race),9.00,,Volo's Guide to Monsters,Wizards of the Coast,18,117,30,ANY,16,10,14,11,17,13,"CON, WIS","Intimidation, Religion",None,Normal,Any,Normal Spellcasting,,,,,,,,,,,,,,,,,
"Salamander, Frost",Huge,Elemental,9.00,,Mordenkainen's Tome of Foes,Wizards of the Coast,17,168,"60, burrow 40, climb 40",U,20,12,18,7,11,7,"CON, WIS",Perception,"Fireweak, coldimmu","Darkvision 60, tremorsense 60",Primordial,Burning Fury,,,,,,,,,,,,,,,,,
Shadar-Kai Gloom Weaver,Medium,Humanoid (Elf),9.00,,Mordenkainen's Tome of Foes,Wizards of the Coast,14,104,30,N,11,18,14,15,12,18,"DEX, CON",None,"Necroticimmu, charmedimmu, exhaustionimmu",Darkvision 60,"Common, Elvish","Burden of Time, Fey Ancestry, Innate Spellcasting, Normal Spellcasting",,,,,,,,,,,,,,,,,
"Slaad, Gray",Medium,Aberration,9.00,,Monster Manual,Wizards of the Coast,18,127,30,CN,17,17,16,13,8,14,None,"Arcana, Perception","Acidres, coldres, fireres, lightningres, thunderres","Blindsight 60, darkvision 60","Own, telepathy 60","Shapechanger, Innate Spellcasting, Magic Resistance, Magic Weapons, Regeneration",,,,,,,,,,,,,,,,,
"Sorrowsworn, The Lonely",Medium,Monstrosity,9.00,,Mordenkainen's Tome of Foes,Wizards of the Coast,16,112,30,NE,16,12,17,6,11,6,None,None,Darknessres,Darkvision 60,Common,"Psychic Leech, Thrives on Company",,,,,,,,,,,,,,,,,
Treant,Huge,Plant,9.00,,Monster Manual,Wizards of the Coast,16,138,30,CG,23,8,21,12,16,12,None,None,"Bludgeoningres, piercingres, fireweak",Normal,"Common, Druidic, Elvish, Sylvan","False Appearance, Siege Monster",,,,,,,,,,,,,,,,,
"Troll, Rot",Large,Giant,9.00,,Mordenkainen's Tome of Foes,Wizards of the Coast,16,138,30,CE,18,13,22,5,8,4,None,Perception,Necroticimmu,Darkvision 60,Giant,Rancid Degeneration,,,,,,,,,,,,,,,,,
"Yeti, Abominable",Huge,Monstrosity,9.00,,Monster Manual,Wizards of the Coast,15,137,"40, 40 climb",CE,24,10,22,9,13,9,None,"Perception, Stealth",Poisonres,Darkvision 60,Own,"Fear of Fire, Keen Smell, Snow Camouflage",,,,,,,,,,,,,,,,,
"Yugoloth, Hydro",Medium,Fiend (Yugoloth),9.00,,Mordenkainen's Tome of Foes,Wizards of the Coast,15,135,"20, swim 40",NE,12,21,16,19,10,14,None,"Insight, Perception","Fireweak, coldres, lightningres, nonmagicalres, acidimmu, poisonimmu, poisonedimmu","Blindsight 60, darkvision 60","Abyssal, Infernal, telepathy 60","Amphibious, Innate Spellcasting, Magic Resistance, Magic Weapons, Secure Memory, Watery Advantage",,,,,,,,,,,,,,,,,
"Yugoloth, Nyca",Large,Fiend,9.00,,Monster Manual,Wizards of the Coast,18,123,"40, fly 60",NE,20,11,19,12,10,15,None,"Intimidation, Perception, Stealth","Coldres, fireres, lightningres, nonmagicalres, acidimmu, poisonimmu, poisonedimmu","Blindsight 60, darkvision 60","Abyssal, Infernal, telepathy 60","Innate Spellcasting, Magic Resistance, Magic Weapons",,,,,,,,,,,,,,,,,
Aboleth,Large,Aberration,10.00,https://www.aidedd.org/dnd/monstres.php?vo=aboleth,Monster Manual,Wizards of the Coast,17,135,"10, swim 40",LE,21,9,15,18,15,18,"CON, INT, WIS","History, Perception",None,Darkvision 120,"Deep Speech, Telepathy 120","Amphibious,  Mucous Cloud, Probing Telepathy, Legendary, Lair",,,,,,,,,,,,,,,,,
"Angel, Deva",Medium,Celestial,10.00,,Monster Manual,Wizards of the Coast,17,136,"30, 90 fly",LG,18,18,18,17,20,20,"WIS, CHA","Insight, Perception","Radiantres, nonmagicalres, charmedimmu, exhaustionimmu, frightenedimmu",Darkvision 120,"All, Telepathy 120","Angelic Weapons, Innate Spellcasting, Magic Resistance",,,,,,,,,,,,,,,,,
"Beholder, Death Kiss",Large,Aberration,10.00,,Volo's Guide to Monsters,Wizards of the Coast,16,161,fly 30,NE,18,14,18,10,12,10,"CON, WIS",Perception,"Lightningimmu, proneimmu",Darkvision 120,"Deep Speech, Undercommon",Lightning Blood,,,,,,,,,,,,,,,,,
"Demon, Yochlol",Medium,Fiend (Demon),10.00,,Monster Manual,Wizards of the Coast,15,136,"30, 30 climb",CE,15,14,18,13,15,15,"DEX, INT, WIS, CHA","Deception, Insight","Coldres, fireres, lightningres, nonmagicalres, poisonimmu, poisonedimmu",Darkvision 120,"Abyssal, Elvish, Undercommon","Shapechanger, Magic Resistance, Spider Climb, Innate Spellcasting, Web Walker",,,,,,,,,,,,,,,,,
"Devil, Orthon",Large,Fiend (Devil),10.00,,Mordenkainen's Tome of Foes,Wizards of the Coast,17,105,"30, climb 30",LE,22,16,21,15,15,16,"DEX, CON, WIS","Perception, Stealth, Survival","COldres, nonmagicalres, nonsilveredres, fireimmu, poisonimmu, charmedimmu, exhaustionimmu, poisonedimmu","Darkvision 120, truesight 30","Common, INfernal, telepathy 120","Invisibility Field, Magic Resistance",,,,,,,,,,,,,,,,,
"Dragon, Chromatic, Red, Young",Large,Dragon,10.00,,Monster Manual,Wizards of the Coast,18,178,"30, climb 30, fly 60",CE,23,10,21,14,11,19,"DEX, CON, WIS, CHA","Perception, Stealth",Fireimmu,"Blindsight 10, darkvision 60","Common, Draconic",None,,,,,,,,,,,,,,,,,
"Dragon, Metallic, Gold, Young",Large,Dragon,10.00,,Monster Manual,Wizards of the Coast,18,178,"40, fly 80, swim 40",LG,23,14,21,16,13,20,"DEX, CON, WIS, CHA","Insight, Perception, Persuasion, Stealth",Fireimmu,"Blindsight 30, darkvision 120","Common, Draconic",Amphibious,,,,,,,,,,,,,,,,,
"Eladrin, Autumn",Medium,Fey,10.00,,Mordenkainen's Tome of Foes,Wizards of the Coast,19,127,30,CN,12,16,16,14,17,18,None,"Insight, Medicine",Nonmagicalres,Darkvision 60,"Common, Elvish, Sylvan","Enchanting Presence, Fey Step, Innate Spellcasting, Magic Resistance",,,,,,,,,,,,,,,,,
"Eladrin, Spring",Medium,Fey,10.00,,Mordenkainen's Tome of Foes,Wizards of the Coast,19,127,30,CN,14,16,16,18,11,18,None,"Deception, Persuasion",Nonmagicalres,Darkvision 60,"Common, Elvish, Sylvan","Fey Step, Innate Spellcasting, Joyful Presence, Magic Resistance",,,,,,,,,,,,,,,,,
"Eladrin, Summer",Medium,Fey,10.00,,Mordenkainen's Tome of Foes,Wizards of the Coast,19,127,50,CN,19,21,16,14,12,18,None,"Athletics, Intimidation",Nonmagicalres,Darkvision 60,"Common, Elvish, Sylvan","Fearsome Presence, Fey Step, Magic Resistance",,,,,,,,,,,,,,,,,
"Eladrin, Winter",Medium,Fey,10.00,,Mordenkainen's Tome of Foes,Wizards of the Coast,19,127,30,CN,11,10,16,18,17,13,None,None,"Coldres, nonmagicalres",Darkvision 60,"Common, Elvish, Sylvan","Fey Step, Innate Spellcasting, Magic Resistance, Sorrowful Presence",,,,,,,,,,,,,,,,,
Froghemoth,Huge,Monstrosity,10.00,,Volo's Guide to Monsters,Wizards of the Coast,14,184,"30, swim 30",U,23,13,20,2,12,5,"CON, WIS","Perception, Stealth","Fireres, lightningres",Darkvision 60,None,"Amphibious, Shock SUsceptibility",,,,,,,,,,,,,,,,,
"Gargoyle, Giant Four-Armed",Large,Elemental,10.00,,Tomb of Annihilation,Wizards of the Coast,17,147,"30, fly 60",CE,19,11,20,6,11,9,WIS,Perception,"Nonmagicalres, nonadamantineres, poisonimmu, exhaustionimmu, petrifiedimmu, poisonedimmu",Darkvision 60,Terran,False Appearance,,,,,,,,,,,,,,,,,
"Giant, Stone, Dreamwalker",Huge,"Giant (Giant, Stone)",10.00,,Volo's Guide to Monsters,Wizards of the Coast,18,161,40,CN,23,14,21,10,8,12,"DEX, CON, WIS","Athletics, Perception","Charmedimmu, frightenedimmu",Darkvision 60,"Common, Giant",Dreamwalker's Charm,,,,,,,,,,,,,,,,,
Githyanki Gish,Medium,Humanoid (Gith),10.00,,Mordenkainen's Tome of Foes,Wizards of the Coast,17,123,30,LE,17,15,14,16,15,16,"CON, INT, WIS","Insight, Perception, Stealth",None,Normal,Own,"Innate Spellcasting (Psionics), Normal Spellcasting, War Magic",,,,,,,,,,,,,,,,,
Githzerai Enlightened,Medium,Humanoid (Gith),10.00,,Mordenkainen's Tome of Foes,Wizards of the Coast,18,112,30,LN,14,19,16,17,19,13,"STR, DEX, INT, WIS","Arcana, Insight, Perception",None,Normal,Own,"Innate Spellcasting (Psionics), Psychic Defense",,,,,,,,,,,,,,,,,
"Golem, Stone",Large,Construct,10.00,,Monster Manual,Wizards of the Coast,17,178,30,U,22,9,20,3,11,1,None,None,"Poisonimmu, pyschicimmu, nonadamantineimmu, charmedimmu, exhaustionimmu, frightenedimmu, paralyzedimmu, petrifiedimmu,  poisonedimmu",Darkvision 120,Creator,"Immutable Form, Magic Resistance, Magic Weapons",,,,,,,,,,,,,,,,,
"Kraken, Malformed",Huge,Monstrosity,10.00,,Tales from the Yawning Portal,Wizards of the Coast,17,172,"20, swim 40",CE,25,11,20,11,15,15,"STR, CON, INT, WIS, CHA",None,"Nonmagicalres, lightningimmu, frightenedimmu, paralyzedimmu",Truesight 60,"Common, telepathy 60","Amphibious, Siege Monster",,,,,,,,,,,,,,,,,
"Mind Flayer, Alhoon",Medium,Undead,10.00,,Volo's Guide to Monsters,Wizards of the Coast,15,120,30,ANY EVIL,11,12,16,19,17,17,"CON, INT, WIS, CHA","Arcana, Deception, History, Insight, Perception, Stealth","Coldres, lightningres, necroticres, poisonimmu, nonmagicalimmu, charmedimmu, exhaustionimmu, frightenedimmu, paralyezdimmu, poisonedimmu",Truesight 120,"Deep Speech, Undercommon, telepathy 120","Magic Resistance, Innate Spellcasting (Psionics), Normal Spellcasting, Turn Resistance",,,,,,,,,,,,,,,,,
"Naga, Guardian",Large,Monstrosity,10.00,,Monster Manual,Wizards of the Coast,18,127,40,LG,19,18,16,16,19,18,"DEX, CON, INT, WIS, CHA",None,"Poisonimmu, charmedimmu, poisonedimmu",Darkvision 60,"Celestial, Common","Rejuvenation, Normal Spellcasting",,,,,,,,,,,,,,,,,
"Oblex, Elder",Huge,Ooze,10.00,,Mordenkainen's Tome of Foes,Wizards of the Coast,16,115,20,LE,15,16,21,22,13,18,"INT, CHA","Arcana, Deception, History, Nature, Perception, Religion","Blindedimmu, charmedimmu, deafenedimmu, exhaustionimmu, proneimmu",Blindsight 60,"Common, Any","Amorphous, Aversion to Fire, Innate Spellcasting, Sulfurous Impersonation",,,,,,,,,,,,,,,,,
Ooze Master,Huge,Undead,10.00,,Tales from the Yawning Portal,Wizards of the Coast,9,138,"30, climb 30",LE,16,1,20,17,10,16,"INT, WIS","Arcana, Insight","Lightningres, necroticres, nonmagicalres, acidimmu, coldimmu, poisonimmu, blindedimmu, charmedimmu, deafenedimmu, exhaustionimmu, frightenedimmu, paralyzedimmu, poisonedimmu, proneimmu",Blindsight 120,"Common, Primordial, Thayan","Corrosive Form, Instinctive Attack, Normal Spellcasting, Spider Climb",,,,,,,,,,,,,,,,,
"Slaad, Death",Medium,Aberration,10.00,,Monster Manual,Wizards of the Coast,18,170,30,CE,20,15,19,15,10,16,None,"Arcana, Perception","Acidres, coldres, fireres, lightningres, thunderres","Blindsight 60, darkvision 60","Own, telepathy 60","Shapechanger, Innate Spellcasting, Magic Resistance, Magic Weapons, Regeneration",,,,,,,,,,,,,,,,,
Star Spawn Hulk,Large,Aberration,10.00,,Mordenkainen's Tome of Foes,Wizards of the Coast,16,136,30,CE,20,8,21,7,12,9,"DEX, WIS",Perception,"Nonmagicalres, charmedimmu, frightenedimmu",Darkvision 60,Deep Speech,Psychic Mirror,,,,,,,,,,,,,,,,,
White Maw,Gargantuan,Ooze,10.00,,Tales from the Yawning Portal,Wizards of the Coast,5,217,10,CN,18,1,20,12,10,3,None,None,"Acidres, coldres, fireres, poisonimmu, blindedimmu, charmedimmu, deafenedimmu, exhuastionimmu, frightenedimmu, poisonedimmu, proneimmu",Blindsight 60,Telepathy 50,"Amorphous Form, Corrode Metal, False Appearance, Killer Response",,,,,,,,,,,,,,,,,
Baba Lysaga's Creeping Hut,Gargantuan,Construct,11.00,,Curse of Strahd,Wizards of the Coast,16,263,30,U,26,7,20,1,3,3,"CON, WIS, CHA",None,"Poisonimmu, psychicimmu, blindedimmu, charmedimmu,  deafenedimmu, exhaustionimmu, frightenedimmu, paralyzedimmu, petrifiedimmu, proneimmu",Blindsight 120,None,"False, Siege",,,,,,,,,,,,,,,,,
Balhannoth,Large,Aberration,11.00,,Mordenkainen's Tome of Foes,Wizards of the Coast,17,114,"25, climb 25",CE,17,8,18,6,15,8,CON,Perception,Blindedimmu,Blindsight 500,"Deep Speech, telepathy 1 mile","Legendary, Lair",,,,,,,,,,,,,,,,,
Behir,Huge,Monstrosity,11.00,,Monster Manual,Wizards of the Coast,17,168,"50, climb 40",NE,23,16,18,7,16,12,None,"Perception, Stealth",Lightningimmu,Darkvision 90,Draconic,None,,,,,,,,,,,,,,,,,
"Demon, Alkilith",Medium,Fiend (Demon),11.00,,Mordenkainen's Tome of Foes,Wizards of the Coast,17,157,40,CE,12,19,22,6,11,7,"DEX, CON",Stealth,"Acidres, coldres, fireres, nonmagicalres, poisonimmu, charmedimmu, frightenedimmu, poisonedimmu",Darkvision 120,Abyssal,"Amorphous, False Appearance, Foment Madness, Magic Resistance",,,,,,,,,,,,,,,,,
"Devil, Horned",Large,Fiend (Devil),11.00,,Monster Manual,Wizards of the Coast,18,178,"20, fly 60",LE,22,17,21,12,16,17,"STR, DEX, WIS, CHA",None,"Coldres, nonmagicalres, nonsilveredres, fireimmu, poisonimmu, poisonedimmu",Darkvision 120,"Infernal, telepathy 120","Devil's Sight, Magic Resistance",,,,,,,,,,,,,,,,,
Drow Shadowblade,Medium,Humanoid (Elf),11.00,,Mordenkainen's Tome of Foes,Wizards of the Coast,17,150,30,NE,14,21,16,12,14,13,"DEX, CON, WIS","Perception, Stealth",None,Darkvision 120,"Elvish, Undercommon","Fey Ancestry, Innate Spellcasting, Shadow Step, Sunlight Sensitivity",,,,,,,,,,,,,,,,,
"Genie, Dao",Large,Elemental,11.00,,Monster Manual,Wizards of the Coast,18,187,"30, burrow 30, fly 30",NE,23,12,24,12,13,14,"INT, WIS, CHA",None,Petrifiedimmu,Darkvision 120,Terran,"Earth Glide, Elemental Demise, Innate Spellcasting, Sure-Footed",,,,,,,,,,,,,,,,,
"Genie, Djinni",Large,Elemental,11.00,,Monster Manual,Wizards of the Coast,17,161,"30, fly 90",CG,21,15,22,15,16,20,"DEX, WIS, CHA",None,"Lightningimmu, thunderimmu",Darkvision 120,Auran,"Elemental Demise, Innate Spellcasting",,,,,,,,,,,,,,,,,
"Genie, Efreeti",Large,Elemental,11.00,,Monster Manual,Wizards of the Coast,17,200,"40, fly 60",LE,22,12,24,16,15,16,"INT, WIS, CHA",None,Fireimmu,Darkvision 120,Ignan,"Elemental Demise, Innate Spellcasting",,,,,,,,,,,,,,,,,
"Genie, Marid",Large,Elemental,11.00,,Monster Manual,Wizards of the Coast,17,229,"30, fly 60, swim 90",CN,22,12,26,18,17,18,"DEX, WIS, CHA",None,"Acidimmu, coldimmu, lightningimmu","Blindsight 30, darkvision 120",Aquan,"Amphibious, Elemental Demise, Innate Spellcasting",,,,,,,,,,,,,,,,,
"Giant, Cloud, Smiling One",Huge,"Giant (Giant, Cloud)",11.00,,Volo's Guide to Monsters,Wizards of the Coast,15,262,40,CN,26,12,22,15,16,17,"CON, INT, CHA","Deception, Insight, Perception, Sleight of Hand",None,Normal,"Common, Giant","INnate Spellcasting, Normal Spellcasting, Keen Smell",,,,,,,,,,,,,,,,,
Morkoth,Medium,Aberration,11.00,,Volo's Guide to Monsters,Wizards of the Coast,17,130,"25, swim 50",CE,14,14,14,20,15,13,"DEX, INT, WIS","Arcana, History, Perception, Stealth",Nonmagicalres,"Blindsight 30, darkvision 120",Telepathy 120,"Amphibious, Normal Spellcasting",,,,,,,,,,,,,,,,,
Naergoth Bladelord,Medium,Undead,11.00,,Rise of Tiamat,Wizards of the Coast,18,135,30,NE,20,12,16,12,14,16,"DEX, WIS","Perception, Stealth","Necroticres, nonmagicalres, poisonimmu, exhaustionimmu, poisonedimmu",Darkvision 60,"Common, Draconic",Sunlight Sensitivity,,,,,,,,,,,,,,,,,
Remorhaz,Huge,Monstrosity,11.00,,Monster Manual,Wizards of the Coast,17,195,"30, burrow 20",U,24,13,21,4,10,5,None,None,"Coldimmu, fireimmu","Darkvision 60, tremorsense 60",None,Heated Body,,,,,,,,,,,,,,,,,
Roc,Gargantuan,Monstrosity,11.00,,Monster Manual,Wizards of the Coast,15,248,"20, fly 120",U,28,10,20,3,10,9,"DEX, CON, WIS, CHA",Perception,None,Normal,None,Keen Sight,,,,,,,,,,,,,,,,,
Shadar-Kai Soul Monger,Medium,Humanoid (Elf),11.00,,Mordenkainen's Tome of Foes,Wizards of the Coast,15,123,30,N,8,17,14,19,15,13,"DEX, WIS, CHA",Perception,"Necroticimmu, psychicimmu, charmedimmu, exhaustionimmu, frightenedimmu",Darkvision 60,"Common, Elvish","Fey Ancestry, Innate Spellcasting, Magic Resistance, Soul Thirst, Weight of Ages",,,,,,,,,,,,,,,,,
"Sorrowsworn, The Hungry",Medium,Monstrosity,11.00,,Mordenkainen's Tome of Foes,Wizards of the Coast,17,225,30,NE,19,10,17,6,11,6,None,None,Darknessres,Darkvision 60,Common,Life Hunger,,,,,,,,,,,,,,,,,
"Sphinx, Gyno",Large,Monstrosity,11.00,,Monster Manual,Wizards of the Coast,17,136,"40, fly 60",LN,18,15,16,18,18,18,None,"Arcana, History, Perception, Religion","Nonmagicalres, psychicimmu, charmedimmu, frightenedimmu",Truesight 120,"Common, Own","Inscrutable, Magic Weapons, Normal Spellcasting, Legendary, Lair",,,,,,,,,,,,,,,,,
"Troll, Spirit",Large,Giant,11.00,,Mordenkainen's Tome of Foes,Wizards of the Coast,17,97,30,CE,1,17,13,8,9,16,None,Perception,"Acidres, coldres, fireres, lightningres, thunderres, nonmagicalimmu, exhaustionimmu, grappledimmu, paralyzedimmu, petrifiedimmu, proneimmu, restrainedimmu, unconsciousimmu",Darkvision 60,Giant,"Incorporeal Movement, Regeneration",,,,,,,,,,,,,,,,,
"Yugoloth, Yagno",Large,Fiend (Yugoloth),11.00,,Mordenkainen's Tome of Foes,Wizards of the Coast,17,147,40,NE,19,14,21,16,15,18,"DEX, INT, WIS, CHA","Deception, Insight, Perception, Persuasion","Coldres, fireres, lightningres, nonmagicalres, acidimmu, poisonimmu, poisonedimmu","Blindsight 60, darkvision 60","Abyssal, Infernal telepathy 60","Innate Spellcasting, Magic Resistance, Magic Weapons",,,,,,,,,,,,,,,,,
Boneclaw,Large,Undead,12.00,,Mordenkainen's Tome of Foes,Wizards of the Coast,16,127,40,CE,19,16,15,13,15,9,"DEX, CON, WIS","Perception, Stealth","Coldres, necroticres, nonmagicalres, charmedimmu, exhaustionimmu, frightenedimmu, paralyzedimmu, poisonedimmu",Darkvision 60,"Common, Any","Rejuvenation, Shadow Stealth",,,,,,,,,,,,,,,,,
"Devil, Erinyes",Medium,Fiend (Devil),12.00,,Monster Manual,Wizards of the Coast,18,153,"30, fly 60",LE,18,16,18,14,14,18,"DEX, CON, WIS, CHA",None,"Coldres, nonmagicalres, nonsilveredres, fireimmu, poisonimmu, poisonedimmu",Truesight 120,"Infernal, telepathy 120","Hellish Weapons, Magic Resistance",,,,,,,,,,,,,,,,,
Duergar Despot,Medium,Humanoid (Dwarf),12.00,,Mordenkainen's Tome of Foes,Wizards of the Coast,21,119,25,LE,20,5,19,15,14,13,"CON, WIS",None,"Poisonimmu, charmedimmu, exhaustionimmu, frightenedimmu, paralyzedimmu, poisonedimmu",Darkvision 120,"Dwarvish, Undercommon","Innate Spellcasting, Magic Resistance, Psychic Engine, Sunlight Sensitivity",,,,,,,,,,,,,,,,,
Eidolon,Medium,Undead,12.00,,Mordenkainen's Tome of Foes,Wizards of the Coast,9,63,fly 40,ANY,7,8,9,14,19,16,WIS,Perception,"Acidres, fireres, lightningres, thunderres, nonmagicalres, coldimmu, necroticimmu, poisonimmu, charmedimmu, exhaustionimmu, frightenedimmu, grappledimmu, paralyzedimmu, petrifiedimmu, poisonedimmu, proneimmu, restrainedimmu",Darkvision 60,Any,"Incorporeal Movement, Sacred Animation, Turn Resistance",,,,,,,,,,,,,,,,,
"Eidolon, Sacred Statue",Large,Construct,12.00,,Mordenkainen's Tome of Foes,Wizards of the Coast,19,95,25,ANY,19,8,19,14,19,16,WIS,None,"Acidres, fireres, lightningres, nonmagicalres, coldimmu, necroticimmu, poisonimmu, charmedimmu, exhaustionimmu, frightenedimmu, paralyzedimmu, petrifiedimmu, poisonedimmu",Darkvision 60,Any,"False Appearance, Ghostly Inhabitant, Inert",,,,,,,,,,,,,,,,,
"Giant, Frost, Everlasting One",Huge,"Giant (Giant, Frost)",12.00,,Volo's Guide to Monsters,Wizards of the Coast,15,189,40,CE,25,9,24,9,10,12,"STR, CON, WIS","Athletics, Perception",COldimmu,Darkvision 60,Giant,"Extra Heads, Regeneration, Vaprak's Rage",,,,,,,,,,,,,,,,,
Githyanki Kith'Rak,Medium,Humanoid (Gith),12.00,,Mordenkainen's Tome of Foes,Wizards of the Coast,18,180,30,LE,18,16,17,16,15,17,"CON, INT, WIS","Intimidation, Perception",None,Normal,Own,"Innate Spellcasting (Psionics), Rally the Troops",,,,,,,,,,,,,,,,,
Gray Render,Large,Monstrosity,12.00,,Mordenkainen's Tome of Foes,Wizards of the Coast,19,189,30,CN,19,13,20,3,6,8,"STR, CON",Perception,None,Darkvision 60,None,None,,,,,,,,,,,,,,,,,
Ki-Rin,Huge,Celestial,12.00,,Volo's Guide to Monsters,Wizards of the Coast,20,152,"60, fly 120",LG,21,16,16,19,20,20,None,"Perception, Insight, Religion","Poisonimmu, poisonedimmu","Blindsight 30, darkvision 120","All, telepathy 120","Innate Spellcasting, Legendary Resistance, lair, Magic Resistance, Magic Weapons, Normal Spellcasting",,,,,,,,,,,,,,,,,
"NPC, Archdruid",Medium,Humanoid (Any Race),12.00,,Volo's Guide to Monsters,Wizards of the Coast,16,132,30,ANY,10,14,12,12,20,11,"INT, WIS","Medicine, Nature, Perception",None,Normal,"Druidic, Any",Normal Spellcasting,,,,,,,,,,,,,,,,,
"NPC, Archmage",Medium,Humanoid,12.00,https://www.dndbeyond.com/monsters/16789-archmage?srsltid=AfmBOoobA7kJjy-WxWb3QBtBXCL3FqReD921jzi9i5XYTuxrUo6vSG0a,Monster Manual,Wizards of the Coast,12,99,30,ANY,10,14,12,20,15,16,"INT, WIS","Arcana, History","Spellres, nonmagicalres",Normal,Any,"Magic Resistance, Normal Spellcasting",,,,,,,,,,,,,,,,,
"NPC, Warlord",Medium,Humanoid (Any Race),12.00,,Volo's Guide to Monsters,Wizards of the Coast,18,229,30,ANY,20,16,18,12,12,18,"STR, DEX, CON","Athletics, Intimidation, Perception, Persuasion",None,Normal,Any,"Indomitable, Survivor",,,,,,,,,,,,,,,,,
Stone Juggernaut,Large,Construct,12.00,,Tomb of Annihilation,Wizards of the Coast,15,157,50,U,22,1,21,2,11,3,None,None,"Poisonimmu, nonmagicalimmu, blindedimmu, charmedimmu, deafenedimmu, exhaustionimmu, frightenedimmu, paralyzedimmu, petrifiedimmu, poisonedimmu, proneimmu",Blindsight 120,None,"Devastating Roll, Immutable Form, Regeneration, Siege Monster",,,,,,,,,,,,,,,,,
Yuan-Ti Anathema,Huge,"Monstrosity
Monstrosity (Yuan-Ti)",12.00,,Volo's Guide to Monsters,Wizards of the Coast,16,189,"40, climb 30, swim 30",NE,23,13,19,19,17,20,None,"Perception, Stealth","Acidres, fireres, lightningres, poisonimmu, poisonedimmu","Blindsight 30, darkvision 60","Abyssal, Common, Draconic","Innate Spellcasting, Magic Resistance, Ophidiophobia Aura, Shapechanger, Six Heads",,,,,,,,,,,,,,,,,
"Yugoloth, Arcana",Medium,Fiend,12.00,,Monster Manual,Wizards of the Coast,17,104,"30, fly 30",NE,17,12,14,20,16,17,"DEX, INT, WIS, CHA","Arcana, Deception, Insight, Perception","Coldres, fireres, lightningres, nonmagicalres, acidimmu, poisonimmu, charmedimmu, poisonedimmu",Truesight 120,"All, telepathy 120","Innate Spellcasting, Magic Resistance, Magic Weapons, Normal Spellcasting",,,,,,,,,,,,,,,,,
"Yugoloth, Oino",Medium,Fiend (Yugoloth),12.00,,Mordenkainen's Tome of Foes,Wizards of the Coast,17,126,40,NE,19,17,18,17,16,19,"CON, WIS","Deception, Intimidation, Perception","Coldres, fireres, lightningres, nonmagicalres, acidimmu, poisonimmu, poisonedimmu","Blindsight 60, darkvision 60","Abyssal, Infernal, telepathy 60","Bringer of Plagues, Innate Spellcasting, Magic Resistance, Magic Weapons",,,,,,,,,,,,,,,,,
Atropal,Huge,Undead (Titan),13.00,,Tomb of Annihilation,Wizards of the Coast,7,225,fly 50,NE,19,5,22,25,19,24,"CON, WIS",None,"Radiantweak, coldimmu, necroticimmu, nonmagicalimmu, exhaustionimmu, frightenedimmu, paralyzedimmu, poisonedimmu, proneimmu","Darkvision 120, truesight 120",Celestial,"Magic Resistance, Negative Energy Aura, Turn Resistance Aura, Legendary",,,,,,,,,,,,,,,,,
Beholder,Large,Aberration,13.00,,Monster Manual,Wizards of the Coast,18,180,30,LE,10,14,18,17,15,17,"STR, CON, WIS",None,"Coldres, nonmagicalres, nonsilveredimmu, fireimmu, poisonimmu, poisonedimmu",Darkvision 120,"Infernal, telepathy 120","Devil's Sight,  Magic Resistance, Steadfast",,,,,,,,,,,,,,,,,
"Demon, Nalfeshnee",Large,Fiend (Demon),13.00,,Monster Manual,Wizards of the Coast,18,184,"20, fly 30",LE,21,10,22,19,12,15,"CON, INT, WIS, CHA",None,"Coldres, fireres, lightningres, nonmagicalres, poisonimmu, poisonedimmu",Truesight 120,"Abyssal, telepathy 120",Magic Resistance,,,,,,,,,,,,,,,,,
"Demon, Wastrilith",Large,Fiend (Demon),13.00,,Mordenkainen's Tome of Foes,Wizards of the Coast,18,157,"30, swim 80",CE,19,18,21,19,12,14,"STR, CON",None,"Coldres, fireres, lightningres, nonmagicalres, poisonres, poisonedres",Darkvision 120,"Abyssal, telepathy 120","Amphibious, Corrupt Water, Magic Resistance, Undertow",,,,,,,,,,,,,,,,,
"Devil, Narzugon",Medium,Fiend (Devil),13.00,,Mordenkainen's Tome of Foes,Wizards of the Coast,20,112,30,LE,20,10,17,16,14,19,"DEX, CON, CHA",Perception,"Acidres, coldres, nonmagicalres, nonsilveredres, fireimmu, poisonimmu, charmedimmu, frightenedimmu, poisonedimmu",Darkvision 120,"Common, Infernal, telepathy 120","Diabolical Sense, Infernal Tack, Magic Resistance",,,,,,,,,,,,,,,,,
Devourer,Large,Fiend,13.00,,Volo's Guide to Monsters,Wizards of the Coast,16,178,30,CE,20,12,20,13,10,16,None,None,"Coldres, fireres, lightningres, poisonimmu, poisonedimmu",Darkvision 120,"Abyssal, telepathy 120",None,,,,,,,,,,,,,,,,,
"Dragon, Chromatic, White, Adult",Huge,Dragon,13.00,,Monster Manual,Wizards of the Coast,18,200,"40, burrow 30, fly 80,  swim 40",CE,22,10,22,8,12,12,"DEX, CON, WIS, CHA","Perception, Stealth",Coldimmu,"Blindsight 60, darkvision 120","Common, Draconic","Ice Walk, Legendary Resistance, Legendary, Lair",,,,,,,,,,,,,,,,,
"Dragon, Metallic, Brass, Adult",Huge,Dragon,13.00,,Monster Manual,Wizards of the Coast,18,172,"40, burrow 30, fly 80",CG,23,10,21,14,13,17,"DEX, CON, WIS, CHA","History, Perception, Persuasion, Stealth",Fireimmu,"Blindsight 60, darkvision 120,","Common, Draconic","Legendary, Legendary Resistance, Lair",,,,,,,,,,,,,,,,,
Drow Arachnomancer,Medium,Humanoid (Elf),13.00,,Mordenkainen's Tome of Foes,Wizards of the Coast,15,162,"30, climb 30",CE,11,17,14,19,14,16,"CON, INT, CHA","Arcana, Nature, Perception, Stealth",Poisonres,"Blindsight 10, darkvision 120","Elvish, Undercommon, spiders","Change Shape, Fey Ancestry, Innate Spellcasting, Normal Spellcasting, Spider Climb, Sunlight Sensitivity",,,,,,,,,,,,,,,,,
"Giant, Storm",Huge,Giant,13.00,,Monster Manual,Wizards of the Coast,16,230,"50, swim 50",CG,29,14,20,16,18,18,"STR, CON, WIS, CHA","Arcana, Athletics, History, Perception","Coldres, lightningimmu, thunderimmu",Normal,"Common, Giant","Amphibious, Innate Spellcasting",,,,,,,,,,,,,,,,,
Neothelid,Gargantuan,Aberration,13.00,,Volo's Guide to Monsters,Wizards of the Coast,16,325,30,CE,27,7,21,3,16,12,"INT, WIS, CHA",None,None,Blindsight 120,None,"Creature Sense, Innate Spellcasting (Psionics), Magic Resistance",,,,,,,,,,,,,,,,,
Rakshasa,Medium,Fiend,13.00,,Monster Manual,Wizards of the Coast,16,110,40,LE,14,17,18,13,16,20,None,"Deception, Insight","Magicalpiercingweak, nonmagicalres",Darkvision 60,"Common, Infernal","Limited Magic Immunity, Innate Spellcasting",,,,,,,,,,,,,,,,,
Shadow Dragon Template,VARIES,Dragon,13.00,,Monster Manual,Wizards of the Coast,18,TEMP,TEMP,CE,23,10,21,14,11,19,TEMP,TEMP,TEMP,TEMp,TEMp,TEMP,,,,,,,,,,,,,,,,,
"Sorrowsworn, The Angry",Medium,Monstrosity,13.00,,Mordenkainen's Tome of Foes,Wizards of the Coast,18,255,30,NE,17,10,19,8,13,6,None,Perception,Darknessres,Darkvision 60,Common,"Two Heads, Rising Anger",,,,,,,,,,,,,,,,,
Star Spawn Seer,Medium,Aberration,13.00,,Mordenkainen's Tome of Foes,Wizards of the Coast,17,153,30,NE,14,12,18,22,19,16,"DEX, INT, WIS, CHA",Perception,"Coldres, nonmagicalres, psychicimmu, charmedimmu, frightenedimmu",Darkvision 60,"Common, Deep Speech, Undercommon",Out-of-Phase Movement,,,,,,,,,,,,,,,,,
"Troll, Dire",Huge,Giant,13.00,,Mordenkainen's Tome of Foes,Wizards of the Coast,15,172,40,CE,22,15,21,9,11,5,"WIS, CHA",Perception,"Nonmagicalres, frightenedimmu, poisonedimmu",Darkvision 60,Giant,"Keen Smell, Keen Sight, Regeneration",,,,,,,,,,,,,,,,,
Vampire,Medium,Undead,13.00,,Monster Manual,Wizards of the Coast,16,144,30,LE,18,18,18,17,15,18,"DEX, WIS, CHA","Perception, Stealth","Necroticres, nonmagicalres",Darkvision 120,Any,"Shapechanger, Legendary, Lair, Misty Escape, Regeneration, Spider Climb, Vampire Weaknesses, Forbiddance, Harmed by Running Water, Sunlight Hypersensitivity, Stake to the Heart",,,,,,,,,,,,,,,,,
"Yugoloth, Ultro",Medium,Fiend,13.00,,Monster Manual,Wizards of the Coast,19,153,"30, fly 60",NE,16,16,18,18,15,19,None,"Intimidation, Perception, Stealth","Coldres, fireres, lightningres, nonmagicalres, acidimmu, poisonimmu, charmedimmu, frightenedimmu, poisonedimmu",Truesight 120,"Abyssal, Infernal, telepathy 120","Innate Spellcasting, Magic Resistance, Magic Weapons",,,,,,,,,,,,,,,,,
"Beholder, Death Tyrant",Large,Undead,14.00,,Monster Manual,Wizards of the Coast,19,187,"50, 40 climb",LE,10,14,14,19,15,19,None,"Perception, Stealth",Lightningimmu,Darkvision 90,Draconic,None,,,,,,,,,,,,,,,,,
Cadaver Collector,Large,Construct,14.00,,Mordenkainen's Tome of Foes,Wizards of the Coast,17,189,30,LE,21,14,20,5,11,8,None,None,"Necroticimmu, poisonimmu, psychicimmu, nonmagicalimmu, nonadamantineimmu, charmedimmu, exhaustionimmu, frightenedimmu, paralyzedimmu, petrifiedimmu, poisonedimmu",Darkvision 60,All,"Magic Resistance, Summon Specters",,,,,,,,,,,,,,,,,
"Devil, Ice",Large,Fiend (Devil),14.00,,Monster Manual,Wizards of the Coast,18,180,40,LE,21,14,18,18,15,18,"DEX, CON, WIS, CHA",None,"Nonmagicalres, nonsilveredres, coldimmu, fireimmu, poisonimmu, poisonedimmu","Blindsight 60, darkvision 120","Infernal, telepathy 120","Devil's Sight, Magic Resistance",,,,,,,,,,,,,,,,,
"Dragon, Chromatic, Black, Adult",Huge,Dragon,14.00,,Monster Manual,Wizards of the Coast,19,195,"40, 80 fly, swim 40",CE,23,14,21,14,13,17,"DEX, CON, WIS, CHA","Perception, Stealth",Acidimmu,"Blindsight 60, darkvision 120","Common, Draconic","Amphibious, Legendary Resistance, Legendary, Lair",,,,,,,,,,,,,,,,,
"Dragon, Metallic, Copper, Adult",Huge,Dragon,14.00,,Monster Manual,Wizards of the Coast,18,184,"40, climb 40, fly 80",CG,23,12,21,18,15,17,"DEX, CON, WIS, CHA","Deception, Perception, Stealth",Acidimmu,"Blindsight 60, darkvision 120","Common, Draconic","Legendary Resistance, Legendary, Lair",,,,,,,,,,,,,,,,,
Drow Inquisitor,Medium,Humanoid (Elf),14.00,,Mordenkainen's Tome of Foes,Wizards of the Coast,16,143,30,NE,11,15,14,16,21,20,"CON, WIS, CHA","Insight, Perception, Religion, Stealth",Frightenedimmu,Darkvision 120,"Elivhs, Undercommon","Discern Lie, Fey Ancestry, Innate Spellcasting, Magic Resistance, Spellcasting, Sunlight Sensitivity",,,,,,,,,,,,,,,,,
"Giant, Fire, Dreadnought",Huge,"Giant (Giant, Fire)",14.00,,Volo's Guide to Monsters,Wizards of the Coast,21,187,30,LE,27,9,23,8,10,11,"DEX, CON, CHA","Athletics, Perception",Fireimmu,Normal,Giant,Dual Shields,,,,,,,,,,,,,,,,,
Githyanki Supreme Commander,Medium,Humanoid (Gith),14.00,,Mordenkainen's Tome of Foes,Wizards of the Coast,18,187,30,LE,19,17,18,16,16,18,"CON, INT, WIS","Insight, Intimidation, Perception",None,Normal,Own,"Innate Spellcasting (Psionics), Legendary",,,,,,,,,,,,,,,,,
"Mind Flayer, Elder Brain",Large,Aberration,14.00,,Volo's Guide to Monsters,Wizards of the Coast,10,210,"5, swim 10",LE,15,10,20,21,19,24,"INT, WIS, CHA","Arcana, Deception, Insight, Intimidation, Persuasion",None,Blindsight 120,"Common, Deep SPeech, Undercommon, telepathy 5 miles","Creature Sense, Innate Spellcasting (Psionics), Lair, Legendary Resistance, magic Resistance, Telepathic Hub",,,,,,,,,,,,,,,,,
Retriever,Large,Construct,14.00,,Mordenkainen's Tome of Foes,Wizards of the Coast,19,210,"40, climb 40",LE,22,16,20,3,11,4,"DEX, CON, WIS","Perception, Stealth","Necroticimmu, poisonimmu, nonmagicalimmu, nonadamantineimmu, charmedimmu, exhaustionimmu, frightenedimmu, paralyzedimmu, poisonedimmu","Blindsight 30, darkvision 60","Abyssal, Elvish, Undercommon","Faultless Tracker, Innate Spellcasting",,,,,,,,,,,,,,,,,
"Demon, Nabassu",Medium,Fiend (Demon),15.00,,Mordenkainen's Tome of Foes,Wizards of the Coast,18,190,"40, fly 60",CE,22,14,21,14,15,17,"STR, DEX",Perception,"Coldres, fireres, lightningres, nonmagicalres, poisonimmu, poisonedimmu",Darkvision 60,"Abyssal, telepathy 120","Demonic Shadows, Devour Soul, Magic Resistance, Magic Weapons",,,,,,,,,,,,,,,,,
"Devil, Abishai, Green",Medium,Fiend (Devil),15.00,,Mordenkainen's Tome of Foes,Wizards of the Coast,18,187,"30, fly 40",LE,12,17,16,17,12,19,"INT, CHA","Deception, Insight, Perception, Persuasion","Coldres, nonmagicalres, nonsilveredres, fireimmu, poisonedimmu",Darkvision 120,"Draconic, Infernal, telepathy 120","Devil's Sight, Innate Spellcasting, Magic Resistance, Magic Weapons",,,,,,,,,,,,,,,,,
"Dragon, Chromatic, Green, Adult",Huge,Dragon,15.00,,Monster Manual,Wizards of the Coast,19,207,"40, 80 fly, swim 40",LE,23,12,21,18,15,17,"DEX, CON, WIS, CHA","Deception, Insight, Perception, Persuasion, Stealth","Poisonimmu, poisonedimmu","Blindsight 60, darkvision 120","Common, Draconic","Amphibious, Legendary Resistance, Legendary, Lair",,,,,,,,,,,,,,,,,
"Dragon, Metallic, Bronze, Adult",Huge,Dragon,15.00,,Monster Manual,Wizards of the Coast,19,212,"40, 80 fly, swim 40",LG,25,10,23,16,15,19,"DEX, CON, WIS, CHA","Insight, Perception, Stealth",Lightningimmu,"Blindsight 60, darkvision 120","Common, Draconic","Amphibious, Legendary Resistance, Legendary, Lair",,,,,,,,,,,,,,,,,
Mummy Lord,Medium,Undead,15.00,,Monster Manual,Wizards of the Coast,17,97,20,LE,18,10,17,11,18,16,"CON, INT, WIS, CHA","History, Religion","Fireweak, necroticimmu, poisonimmu, nonmagicalimmu, charmedimmu, exhaustionimmu, frightenedimmu, paralyzedimmu, poisonedimmu",Darkvision 60,Any,"Magic Resistance, Rejuvenation, Normal Spellcasting, Legendary, Lair",,,,,,,,,,,,,,,,,
Purple Worm,Gargantuan,Monstrosity,15.00,,Monster Manual,Wizards of the Coast,18,247,"50, burrow 30",U,28,7,22,1,8,4,"CON, WIS",None,None,"Blindsight 30, tremorsense 60",None,Tunneler,,,,,,,,,,,,,,,,,
Skull Lord,Medium,Undead,15.00,,Mordenkainen's Tome of Foes,Wizards of the Coast,18,105,30,LE,14,16,17,16,15,21,None,"Athletics, History, Perception, Stealth","Coldres, necroticres, nonmagicalres, poisonimmu, blindedimmu, charmedimmu, deafenedimmu, exhuastionimmu, frightenedimmu, poisonedimmu, stunnedimmu, unconsciousimmu","Legendary Resistance, Master of the Grave, Evasion, Normal Spellcasting",Any,"Legendary Resistance, Master of the Grave, Evasion, Normal Spellcasting",,,,,,,,,,,,,,,,,
"Angel, Planetar",Large,Celestial,16.00,,Monster Manual,Wizards of the Coast,19,200,"40, 120 fly",LG,24,20,24,19,22,25,"CON, WIS, CHA",Perception,"Radiantres, nonmagicalres, charmedimmu, exhaustionimmu, frightenedimmu",Truesight 120,"All, telepathy 120","Angelic Weapons, Divine Awareness, Innate Spellcasting, Magic Resistance",,,,,,,,,,,,,,,,,
"Demon, Marilith",Large,Fiend (Demon),16.00,,Monster Manual,Wizards of the Coast,18,189,40,CE,18,20,20,18,16,20,"STR, CON, WIS, CHA",None,"Coldres, fireres, lightningres, nonmagicalres, poisonimmu, poisonedimmu",Truesight 120,"Abyssal, telepathy 120","Magic Resistance, Magic Weapons, Reactive",,,,,,,,,,,,,,,,,
"Devil, Arch, Titivilus",Medium,Fiend (Devil),16.00,,Mordenkainen's Tome of Foes,Wizards of the Coast,20,127,"40, fly 60",LE,19,22,17,24,22,26,"DEX, CON, WIS, CHA","Deception, Insight, Intimidation, Persuasion","Coldres, nonmagicalres, nonsilveredres, fireimmu, poisonimmu, charmedimmmu, exhaustionimmu, frightenedimmu, poisonedimmu",Darkvision 120,"All, telepathy 120","Innate Spellcasting, Legendary, Lair, Magic Resistance, Magic Weapons, Regeneration, Ventriloquism",,,,,,,,,,,,,,,,,
"Devil, Hellfire Engine",Huge,Construct,16.00,,Mordenkainen's Tome of Foes,Wizards of the Coast,18,216,40,LE,20,16,24,2,10,1,"DEX, WIS, CHA",None,"Coldres, psychicres, nonmagicalres, nonsilveredres, fireimmu, poisonimmu, charmedimmu, deafenedimmu, exhaustionimmu, frightenedimmu, paralyzedimmu, poisonedimmu, unconsciousimmu",Darkvision 120,Infernal,"Immutable Form, Magic Resistance",,,,,,,,,,,,,,,,,
"Dragon, Chromatic, Blue, Adult",Huge,Dragon,16.00,,Monster Manual,Wizards of the Coast,19,225,"40, 40 burrow, 80 fly",LE,25,10,23,16,15,19,"DEX, CON, WIS, CHA","Perception, Stealth",Lightningimmu,"Blindsight 60, darkvision 120","Common, Draconic","Legendary, Legendary Resistance, Lair",,,,,,,,,,,,,,,,,
"Dragon, Metallic, Silver, Adult",Huge,Dragon,16.00,,Monster Manual,Wizards of the Coast,19,243,"40, fly 80",LG,27,10,25,16,13,21,"DEX, CON, WIS, CHA","Arcana, History, Perception, Stealth",Coldimmu,"Blindsight 60, darkvision 120","Common, Draconic","Legendary Resistance, Legendary, Lair",,,,,,,,,,,,,,,,,
"Elder Elemental, Phoenix",Gargantuan,Elemental,16.00,,Mordenkainen's Tome of Foes,Wizards of the Coast,18,175,"20, fly 120",N,19,26,25,2,21,18,"WIS, CHA",None,"Nonmagicalres, fireimmu, poisonimmu, exhaustionimmu, grappledimmu, paralyzedimmu, petrifiedimmu, poisonedimmu, proneimmu, restrainedimmu, stunnedimmu",Darkvision 60,None,"Fiery Death and Rebirth, Fire Form, Flyby, Illumination, Legendary, Siege Monster",,,,,,,,,,,,,,,,,
"Giant, Storm, Quintessent",Huge,"Giant (Giant, Storm)",16.00,,Volo's Guide to Monsters,Wizards of the Coast,12,230,"50, fly 50, swim 50",CG,29,14,20,17,20,19,"STR, CON, WIS, CHA","Arcana, History, Perception","Coldres, nonmagicalres, lightningimmu, thunderimmu",Truesight 60,"Common, Giant","Amphibious, Legendary",,,,,,,,,,,,,,,,,
Githzerai Anarch,Medium,Humanoid (Gith),16.00,,Mordenkainen's Tome of Foes,Wizards of the Coast,20,144,30,LN,16,21,18,18,20,14,"STR, DEX, INT, WIS","Arcana, Insight, Perception",None,Normal,Own,"Innate Spellcasting (Psionics), Psychic Defense, Lair, Legendary",,,,,,,,,,,,,,,,,
"Golem, Iron",Large,Construct,16.00,,Monster Manual,Wizards of the Coast,20,210,30,U,24,9,20,3,11,1,None,None,"Fireimmu, poisonimmu, psychicimmu, nonadamantineimmu, charmedimmu, exhaustionimmu, frightenedimmu, paralyzedimmu, petrifiedimmu, poisonedimmu",Darkvision 120,Creator,"Fire Absorption, Immutable Form, Magic Resistance, Magic Weapons",,,,,,,,,,,,,,,,,
Star Spawn Larva Mage,Medium,Aberration,16.00,,Mordenkainen's Tome of Foes,Wizards of the Coast,16,168,30,CE,17,12,23,18,12,16,"DEX, WIS, CHA",Perception,"Coldres, nonmagicalres, psychicimmu, charmedimmu, frightenedimmu, paralyzedimmu, petrifiedimmu, poisonedimmu, restrainedimmu",Darkvision 60,Deep Speech,"Innate Spellcasting, Return to Worms, Legendary",,,,,,,,,,,,,,,,,
Steel Predator,Large,Construct,16.00,,Mordenkainen's Tome of Foes,Wizards of the Coast,20,207,40,LE,24,17,22,4,14,6,None,"Perception, Stealth, Survival","Coldres, lightningres, necroticres, thunderres, poisonimmu, psychicimmu, nonmagicalimmu, charmedimmu, exhaustionimmu, frightenedimmu, paralyzedimmu, petrifiedimmu, poisonedimmu, stunnedimmu","Blindsight 30, darkvision 60","Modron, Any","Innate Spellcasting, Magic Resistance, Magic Weapons",,,,,,,,,,,,,,,,,
Death Knight,Medium,Undead,17.00,,Monster Manual,Wizards of the Coast,20,180,30,CE,20,11,20,12,16,18,"DEX, WIS, CHA",None,"Necroticimmu, poisonimmu, exhaustionimmu, frightenedimmu, poisonedimmu",Darkvision 120,"Abyssal, Common","Magic Resistance, Marshal Undead, Spellcasting",,,,,,,,,,,,,,,,,
"Demon, Goristro",Huge,Fiend (Demon),17.00,,Monster Manual,Wizards of the Coast,19,310,40,CE,25,11,25,6,13,14,"STR, DEX, CON, WIS",Perception,"Coldres, fireres, lightningres, nonmagicalres, poisonimmu, poisonedimmu",Darkvision 120,Abyssal,"Charge, Labyrinthine Recall, Magic Resistance, Siege",,,,,,,,,,,,,,,,,
"Devil, Abishai, Blue",Medium,Fiend (Devil),17.00,,Mordenkainen's Tome of Foes,Wizards of the Coast,19,195,"30, fly 50",LE,15,14,17,22,23,18,"INT, WIS",Arcana,"Coldres, nonmagicalres, nonsilveredres, fireimmu, lightiningimmu, poisonimmu, poisonedimmu",Darkvision 120,"Draconic, Infernal, telepathy 120","Devil's Sight, Magic Resistance, Magic Weapons, Normal Spellcasting",,,,,,,,,,,,,,,,,
"Dragon, Chromatic, Red, Adult",Huge,Dragon,17.00,http://dndroll.wikidot.com/creatures:adult-red-dragon,Monster Manual,Wizards of the Coast,19,256,"40, climb 40, fly 80",CE,27,10,25,16,13,21,"DEX, CON, WIS, CHA","Perception, Stealth",Fireimmu,"Blindsight 60, darkvision 120","Common, Draconic","Legendary Resistance, Legendary, Lair",,,,,,,,,,,,,,,,,
"Dragon, Metallic, Gold, Adult",Huge,Dragon,17.00,,Monster Manual,Wizards of the Coast,19,256,"40, fly 80, swim 40",LG,27,14,25,16,15,24,"DEX, CON, WIS, CHA","Insight, Perception, Persuasion, Stealth",Fireimmu,"Blindsight 60, darkvision 120","Common, Draconic","Amphibious, Legendary Resistance, Legendary, Lair",,,,,,,,,,,,,,,,,
"Dragon, Turtle",Gargantuan,Dragon,17.00,,Monster Manual,Wizards of the Coast,20,341,"20, swim 40",N,25,10,20,10,12,12,"DEX, CON, WIS",None,Fireres,Darkvision 120,"Aquan, Draconic",Amphibious,,,,,,,,,,,,,,,,,
Nagpa,Medium,Humanoid (Nagpa),17.00,,Mordenkainen's Tome of Foes,Wizards of the Coast,19,187,30,NE,9,15,12,23,18,21,"INT, WIS, CHA","Arcana, Deception, History, Insight, Perception",None,Truesight 120,"Common, Any","Corruption, Paralysis, Normal Spellcasting",,,,,,,,,,,,,,,,,
"Sphinx, Andro",Large,Monstrosity,17.00,,Monster Manual,Wizards of the Coast,17,199,"40, fly 60",LN,22,10,20,16,18,23,"DEX, CON, INT, WIS","Arcana, Perception, Religion","Psychicimmu, nonmagicalimmu, charmedimmu, frightenedimmu",Truesight 120,"Common, Own","Inscrutable, Magic Weapons, Normal Spellcasting, Lair, Legendary",,,,,,,,,,,,,,,,,
Demilich,Tiny,Undead,18.00,,Monster Manual,Wizards of the Coast,20,80,fly 30,NE,1,20,10,20,17,20,"CON, INT, WIS, CHA",None,"Magicalres, necroticimmu, poisonimmu, psychicimmu, nonmagicalimmu, charmedimmu, deafenedimmu, exhaustionimmu, frightenedimmu, paralyzedimmu, petrifiedimmu, poisonedimmu, proneimmu, stunnedimmu",Truesight 120,None,"Avoidance, Legendary Resistance, Turn Immunity, Legendary, Lair",,,,,,,,,,,,,,,,,
"Demon, Sibriex",Huge,Fiend (Demon),18.00,,Mordenkainen's Tome of Foes,Wizards of the Coast,19,150,fly 20,CE,10,3,23,25,24,25,"INT, CHA","Arcana, History, Perception","Coldres, fireres, lightningres, nonmagicalres, poisonimmu, poisonedimmu",Truesight 120,"All, telepathy 120","Contamination, Innate Spellcasting, Legendary, Magic Resistance",,,,,,,,,,,,,,,,,
"Devil, Amnizu",Medium,Fiend (Devil),18.00,,Mordenkainen's Tome of Foes,Wizards of the Coast,21,202,"30, fly 40",LE,11,13,16,20,12,18,"DEX, CON, WIS, CHA",Perception,"COldres, nonmagicalres, nonsilveredres, fireimmu, poisonimmu, charmedimmu, poisonedimmu",Darkvision 120,"Common, Infernal, telepathy 1000","Devil's Sight, Innate Spellcasting, Magic Resistance",,,,,,,,,,,,,,,,,
Drow Favored Consort,Medium,Humanoid (Elf),18.00,,Mordenkainen's Tome of Foes,Wizards of the Coast,15,225,30,NE,15,20,16,18,15,18,"DEX, CON, CHA","Acrobatics, Athletics, Perception, Stealth",None,Darkvision 120,"Elvish, Undercommon","Fey Ancestry, Innate Spellcasting, Normal Spellcasting, Sunlight Sensitivity, War Magic",,,,,,,,,,,,,,,,,
"Prince of Apocalypse, Olhydra",Huge,Elemental,18.00,,Princes of the Apocalypse,Wizards of the Coast,18,324,"50, swim 100",NE,21,22,24,17,18,23,"STR, CON, WIS",None,"Lightningres, nonmagicalres, acidimmu, coldimmu, poisonimmu, charmedimmu, frightenedimmu, paralyzedimmu, petrifiedimmu, poisonedimmu, proneimmu, restrainedimmu",Blindsight 120,Aquan,"Empowered Attacks, Innate Spellcasting, Legendary Resistance, Water Form, Lair",,,,,,,,,,,,,,,,,
"Prince of Apocalypse, Yan-C-BIn",Huge,Elemental,18.00,,Princes of the Apocalypse,Wizards of the Coast,22,283,"50, fly 150",NE,18,24,24,16,21,23,"DEX, WIS, CHA",None,"Coldres, fireres, nonmagicalres, lightningimmu, poisonimmu, thunderimmu, charmedimmu, frightenedimmu, paralyzedimmu, petrifiedimmu, poisonedimmu, proneimmu, restrainedimmu",Blindsight 120,Auran,"Air Form, Empowered Attacks, Innate Spellcasting, Legendary Resistance, Magic Resistance, Lair",,,,,,,,,,,,,,,,,
"Demon, Balor",Huge,Fiend (Demon),19.00,,Monster Manual,Wizards of the Coast,19,262,"40, 80 fly",CE,26,15,22,20,16,22,"STR, CON, WIS, CHA",None,"coldres, lightningres, nonmagicalres, fireimmu, poisonimmu, poisonedimmu",Truesight 120,"Abyssal, telepathy 120","Death Throes, Fire Aura, Magic Resistance, Magic Weapons",,,,,,,,,,,,,,,,,
"Devil, Abishai, Red",Medium,Fiend (Devil),19.00,,Mordenkainen's Tome of Foes,Wizards of the Coast,22,255,"30, fly 50",LE,23,16,19,14,15,19,"STR, CON, WIS","Intimidation, Perception","COldres, nonmagicalres, nonsilveredres, fireimmu, poisonimmu, poisonedimmu",Darkvision 120,"Draconic, Infernal, telepathy 120","Devil's SIght, Magic Resistance, Magic Weapons",,,,,,,,,,,,,,,,,
"Devil, Arch, Bael",Large,Fiend (Devil),19.00,,Mordenkainen's Tome of Foes,Wizards of the Coast,18,189,30,LE,24,17,20,21,24,24,"DEX, CON, INT, CHA","Intimidation, Perception, Persuasion","Coldres, nonmagicalres, nonsilveredres, fireimmu, poisonimmu, charmedimmu, exhaustionimmu, frightenedimmu, poisonedimmu",Truesight 120,"All, telepathy 120","Dreadful, Innate Spellcasting, Legendary Resistance, Magic Resistance, Magic Weapons, Regeneration, Lair",,,,,,,,,,,,,,,,,
"Prince of Apocalypse, Imix",Huge,Elemental,19.00,,Princes of the Apocalypse,Wizards of the Coast,17,325,"50, fly 50",NE,19,24,22,15,16,23,"DEX, CON, CHA",None,"Nonmagicalres, fireimmu, poisonimmu, charmedimmu, frightenedimmu, paralyzedimmu, petrifiedimmu, poisonedimmu, proneimmu, restrainedimmu",Blindsight 120,"Common, Ignan","Empowered Attacks, Fire Aura, Fire Form, Illumination, Legendary Resistance, Innate Spellcasting, Magic Resistance, Lair",,,,,,,,,,,,,,,,,
"Devil, Pit Fiend",Large,Fiend (Devil),20.00,,Monster Manual,Wizards of the Coast,19,300,"30, fly 60",LE,26,14,24,22,18,24,"DEX, CON, WIS",None,"Coldres, nonmagicalres, nonsilveredres, fireres, poisonres, poisonedres",Truesight 120,"Infernal, telepathy 120","Fear Aura, Magic Resistance, Magic Weapon, Innate Spellcasting",,,,,,,,,,,,,,,,,
"Dragon, Chromatic, White, Ancient",Gargantuan,Dragon,20.00,,Monster Manual,Wizards of the Coast,20,333,"40, burrow 40, fly 80, swim 40",CE,26,10,26,10,13,14,"DEX, CON, WIS, CHA","Perception, Stealth",Coldimmu,"Blindsight 60, darkvision 120","Common, Draconic","Ice Walk, Legendary Resistance, Legendary, Lair",,,,,,,,,,,,,,,,,
"Dragon, Metallic, Brass, Ancient",Gargantuan,Dragon,20.00,,Monster Manual,Wizards of the Coast,20,297,"40, burrow 40, fly 80",CG,27,10,25,16,15,19,"DEX, CON, WIS, CHA","History, Perception, Persuasion, Stealth",Fireimmu,"Blindsight 60, darkvision 120,","Common, Draconic","Legendary, Legendary Resistance, Lair",,,,,,,,,,,,,,,,,
Drow Matron Mother,Medium,Humanoid (Elf),20.00,,Mordenkainen's Tome of Foes,Wizards of the Coast,17,262,30,NE,12,18,16,17,21,22,"CON, WIS, CHA","Insight, Perception, Religion, Stealth","Charmedimmu, frightenedimmu, poisonedimmu",Darkvision 120,"Elvish, Undercommon","Fey Ancestry, Innate Spellcasting, Lolth's Fickle Favor, Magic Resistance, Normal Spellcasting, Sunlight Sensitivity",,,,,,,,,,,,,,,,,
"Elder Elemental, Leviathan",Gargantuan,Elemental,20.00,,Mordenkainen's Tome of Foes,Wizards of the Coast,17,328,"40, swim 120",N,30,24,30,2,18,17,"WIS, CHA",None,"Nonmagicalres, acidimmu, poisonimmu, exhaustionimmu, grappledimmu, paralyzedimmu, petrifiedimmu, poisonedimmu, proneimmu, restrainedimmu, stunnedimmu",Darkvision 60,None,"Legendary, Partial Freeze, Siege Monster, Water Form",,,,,,,,,,,,,,,,,
Nightwalker,Huge,Undead,20.00,,Mordenkainen's Tome of Foes,Wizards of the Coast,14,297,"40, fly 40",CE,22,19,24,6,9,8,CON,None,"Acidres, coldres, fireres, lightningres, thunderres, nonmagicalres, necroticimmu, poisonimmu, charmedimmu, exhaustionimmu, grappledimmu, paralyzedimmu, petrifiedimmu, poisonedimmu, proneimmu, restrainedimmu",Darkvision 120,None,"Annihilating Aura, Life Eater",,,,,,,,,,,,,,,,,
"Prince of Apocalypse, Ogremoch",Gargantuan,Elemental,20.00,,Princes of the Apocalypse,Wizards of the Coast,20,526,"50, burrow 50",NE,26,11,28,11,15,22,"STR, CON, WIS",None,"Nonmagicalres, poisonimmu, charmedimmu, frightenedimmu, paralyzedimmu, petrifiedimmu, poisonedimmu, proneimmu","Blindsight 120, tremorsense 120","Common, Terran","Empowered Attacks, Innate Spellcasting, Legendary Resistance, Magic Resistance, Siege Monster, Lair",,,,,,,,,,,,,,,,,
"Angel, Solar",Large,Celestial,21.00,,Monster Manual,Wizards of the Coast,21,243,"50, 150 fly",LG,26,22,26,25,25,30,"INT, WIS, CHA",Perception,"Radiantres, nonmagicalres, necroticimmu, poisonimmu, charmedimmu, exhaustionimmu, frightenedimmu, poisonimmu",Truesight 120,"All, telepathy 120","Angelic Weapons, Divine Awareness, Innate Spellcasting, Magic Resistance, Legendary",,,,,,,,,,,,,,,,,
Astral Dreadnought,Gargantuan,Monstrosity,21.00,,Mordenkainen's Tome of Foes,Wizards of the Coast,20,297,"15, fly 80",U,28,7,25,5,14,18,"DEX, WIS",Perception,"Nonmagicalres, charmedimmu, exhaustionimmu, frightenedimmu, paralyzedimmu, petrifiedimmu, poisonedimmu, proneimmu, stunnedimmu",Darkvision 120,None,"Antimagic Cone, Astral Entity, Demiplanar Donjon, Legendary, Magic Weapons, Sever Silver Cord",,,,,,,,,,,,,,,,,
"Demon, Molydeus",Huge,Fiend (Demon),21.00,,Mordenkainen's Tome of Foes,Wizards of the Coast,19,216,40,CE,28,22,25,21,24,24,"STR, CON, WIS, CHA",Perception,"Coldres, fireres, lightningres, nonmagicalres, poisonimmu, blindedimmu, charmedimmu, deafenedimmu, frightenedimmu, poisonedimmu, stunnedimmu",Truesight 120,"Abyssal, telepathy 120","Innate Spellcasting, Legendary, Magic Resistance, Magic Weapons",,,,,,,,,,,,,,,,,
"Devil, Arch, Hutijin",Large,Fiend (Devil),21.00,,Mordenkainen's Tome of Foes,Wizards of the Coast,19,200,"30, fly 60",LE,27,15,25,23,19,25,"DEX, CON, WIS","Intimidation, Perception","Coldres, nonmagicalres, nonsilveredres, fireimmu, poisonimmu, charmedimmu, exhaustionimmu, frightenedimmu, poisonedimmu",Truesight 120,"All, telepathy 120","Infernal Despair, Innate Spellcasting, Legendary, Magic Resistance, Lair, Magic Weapons, Regeneration",,,,,,,,,,,,,,,,,
"Devil, Arch, Moloch",Large,Fiend (Devil),21.00,,Mordenkainen's Tome of Foes,Wizards of the Coast,19,253,30,LE,26,19,22,21,18,23,"DEX, CON, WIS, CHA","Deception, Intimidation, Perception","Coldres, nonmagicalres, nonsilveredres, fireimmu, poisonimmu, charmedimmu, exhaustionimmu, frightenedimmu, poisonedimmu",Darkvision 120,"All, telepathy 120","Innate Spellcasting, Legendary, Lair, Magic Resistance, Magic Weapons, Regeneration",,,,,,,,,,,,,,,,,
"Dragon, Chromatic, Black, Ancient",Gargantuan,Dragon,21.00,,Monster Manual,Wizards of the Coast,22,367,"40, 80 fly, swim 40",CE,27,14,25,16,15,19,"DEX, CON, WIS, CHA","Perception, Stealth",Acidimmu,"Blindsight 60, darkvision 120","Common, Draconic","Amphibious, Legendary Resistance, Legendary, Lair",,,,,,,,,,,,,,,,,
"Dragon, Metallic, Copper, Ancient",Gargantuan,Dragon,21.00,,Monster Manual,Wizards of the Coast,21,350,"40, climb 40, fly 80",CG,27,12,25,20,17,19,"DEX, CON, WIS, CHA","Deception, Perception, Stealth",Acidimmu,"Blindsight 60, darkvision 120","Common, Draconic","Legendary Resistance, Legendary, Lair",,,,,,,,,,,,,,,,,
Lich,Medium,Undead,21.00,,Monster Manual,Wizards of the Coast,17,135,30,ANY EVIL,11,16,16,20,14,16,"CON, INT, WIS","Arcana, History, Insight, Perception","Coldres, lightningres, necroticres, poisonimmu, nonmagicalimmu, charmedimmu, exhaustionimmu, frightenedimmu, paralyzedimmu, poisonedimmu",Truesight 120,"Common, Any","Legendary, Rejuvenation, Normal Spellcasting, Turn Resistance, Lair",,,,,,,,,,,,,,,,,
"Devil, Arch, Geryon",Huge,Fiend (Devil),22.00,,Mordenkainen's Tome of Foes,Wizards of the Coast,19,300,"30, fly 50",LE,29,17,22,19,16,23,"DEX, CON, WIS, CHA","Deception, Intimidation, Perception","Nonmagicalres, nonsilveredres, coldimmu, fireimmu, poisonimmu, charmedimmu, exhaustionimmu, frightenedimmu, poisonedimmu",Truesight 120,"All, telepathy 120","Innate Spellcasting, Legendary, Lair, Magic Resistance, Magic Weapons, Regeneration",,,,,,,,,,,,,,,,,
"Dragon, Chromatic, Green, Ancient",Gargantuan,Dragon,22.00,,Monster Manual,Wizards of the Coast,21,385,"40, 80 fly, swim 40",LE,27,12,25,20,17,19,"DEX, CON, WIS, CHA","Deception, Insight, Perception, Persuasion, Stealth","Poisonimmu, poisonedimmu","Blindsight 60, darkvision 120","Common, Draconic","Amphibious, Legendary Resistance, Legendary, Lair",,,,,,,,,,,,,,,,,
"Dragon, Metallic, Bronze, Ancient",Gargantuan,Dragon,22.00,,Monster Manual,Wizards of the Coast,22,444,"40, fly 80, swim 40",LG,29,10,27,18,17,21,"DEX, CON, WIS, CHA","Insight, Perception, Stealth",Lightningimmu,"Blindsight 60, darkvision 120","Common, Draconic","Amphibious, Legendary Resistance, Legendary, Lair",,,,,,,,,,,,,,,,,
"Elder Elemental, Zaratan",Gargantuan,Elemental,22.00,,Mordenkainen's Tome of Foes,Wizards of the Coast,21,307,"40, swim 40",N,30,10,30,2,21,18,"WIS, CHA",None,"Thunderweak, coldres, fireres, lightningres, nonmagicalres, poisonimmu, exhaustionimmu, paralyzedimmu, petrifiedimmu, poisonedimmu, stunnedimmu","Darkvision 60, tremorsense 60",None,"Earth-Shaking Movement, Legendary, Magic Weapons, Siege Monster",,,,,,,,,,,,,,,,,
Mind Flayer Lich (Illithilich),Medium,Undead,22.00,,Volo's Guide to Monsters,Wizards of the Coast,17,135,30,ANY EVIL,11,16,16,20,14,16,"CON, INT, WIS","Arcana, History, Insight, Perception","Coldres, lightningres, necroticres, poisonimmu, nonmagicalimmu, charmedimmu, exhaustionimmu, frightenedimmu, paralyezdimmu, poisonedimmu",Truesight 120,"Common, Any, Deep Speech, Undercommon, telepathy 120","Legendary Resistance, Rejuvenation, Lair, Normal Spellcasting, Turn Resistance, Magic Resistance, Innate Spellcasting (Psionics)",,,,,,,,,,,,,,,,,
"Demon Lord, Baphomet",Huge,Fiend (Demon),23.00,,Mordenkainen's Tome of Foes,Wizards of the Coast,22,275,40,CE,30,14,26,18,24,16,"DEX, CON, WIS","Intimidation, Perception","Coldres, fireres, lightningres, poisonimmu, nonmagicalimmu, charmedimmu, exhaustionimmu, frightenedimmu, poisonedimmu",Truesight 120,"All, telepathy 120","Charge, Innate Spellcasting, Labyrinthine Recall, Legendary, Magic Resistance, Magic Weapons, Reckless, Lair",,,,,,,,,,,,,,,,,
"Demon Lord, Fraz-Urb'Luu",Large,Fiend (Demon),23.00,,Mordenkainen's Tome of Foes,Wizards of the Coast,18,337,"40, fly 40",CE,29,12,25,26,24,26,"DEX, CON, INT, WIS","Deception, Perception, Stealth","Coldres, fireres, lightningres, poisonimmu, nonmagicalimmu, charmedimmu, exhaustionimmu, frightenedimmu, poisonedimmu",Truesight 120,"All, telepathy 120","Innate Spellcasting, Legendary, Lair, Magic Resistance, Magic Weapons, Undetectable",,,,,,,,,,,,,,,,,
"Demon Lord, Juiblex",Huge,Fiend (Demon),23.00,,Mordenkainen's Tome of Foes,Wizards of the Coast,18,350,30,CE,24,10,23,20,20,16,"DEX, CON, WIS",Perception,"Coldres, fireres, lightningres, poisonimmu, nonmagicalimmu, blindedimmu, charmedimmu, deafenedimmu, exhaustionimmu, frightenedimmu, grappledimmu, paralyzedimmu, petrifiedimmu, poisonedimmu, proneimmu, restrainedimmu, stunnedimmu, unconsciousimmu",Truesight 120,"All, telepathy 120","Foul, Innate Spellcasting, Legendary, Lair, Magic Resistance, Magic Weapons, Regeneration, Spider Climb",,,,,,,,,,,,,,,,,
"Demon Lord, Zuggtmoy",Large,Fiend (Demon),23.00,,Mordenkainen's Tome of Foes,Wizards of the Coast,18,304,30,CE,22,15,18,20,19,24,"DEX, CON, WIS",Perception,"Coldres, fireres, lightningres, poisonimmu, nonmagicalimmu, charmedimmu, exhaustionimmu, frightenedimmu, poisonedimmu",Truesight 120,"All, telepathy 120","Innate Spellcasting, Legendary, Lair, Magic Resistance, Magic Weapons",,,,,,,,,,,,,,,,,
"Dragon, Chromatic, Blue, Ancient",Gargantuan,Dragon,23.00,,Monster Manual,Wizards of the Coast,22,481,"40, 30 burrow, 80 fly",LE,29,10,27,18,17,21,"DEX, CON, WIS, CHA","Perception, Stealth",Lightningimmu,"Blindsight 60, darkvision 120","Common, Draconic","Legendary, Legendary Resistance, Lair",,,,,,,,,,,,,,,,,
"Dragon, Metallic, Silver, Ancient",Gargantuan,Dragon,23.00,,Monster Manual,Wizards of the Coast,22,487,"40, fly 80",LG,30,10,29,18,15,23,"DEX, CON, WIS, CHA","Arcana, History, Perception, Stealth",Coldimmu,"Blindsight 60, darkvision 120","Common, Draconic","Legendary Resistance, Legendary, Lair",,,,,,,,,,,,,,,,,
"Elder Elemental, Elder Tempest",Gargantuan,Elemental,23.00,,Mordenkainen's Tome of Foes,Wizards of the Coast,19,264,fly 120,N,23,28,23,2,21,18,"WIS, CHA",None,"Nonmagicalres, lightningimmu, poisonimmu, thunderimmu, exhaustionimmu, grappledimmu, paralyzedimmu, petrifiedimmu, poisonedimmu, proneimmu, restrainedimmu, stunnedimmu",Darkvision 60,None,"Air Form, Flyby, Legendary, Living Storm, Siege Monster",,,,,,,,,,,,,,,,,
Empyrean,Huge,Celestial,23.00,,Monster Manual,Wizards of the Coast,22,313,"50, fly 50, swim 50",CG OR NE,30,21,30,21,22,27,"STR, INT, WIS, CHA","Insight, Persuasion",Nonmagicalimmu,Truesight 120,All,"Innate Spellcasting, Legendary Resistance, Magic Resistance, Magic Weapons",,,,,,,,,,,,,,,,,
Kraken,Gargantuan,Monstrosity,23.00,,Monster Manual,Wizards of the Coast,18,472,"20, swim 60",CE,30,11,25,22,18,20,"STR, DEX, CON, INT, WIS",None,"Lightningimmu, nonmagicalimmu, frightenedimmu, paralyzedimmu",Truesight 120,"Abyssal, Celestial, Infernal, Primordial, telepathy 120","Amphibious, Freedom of Movement, Siege Monster, Lair, Legendary",,,,,,,,,,,,,,,,,
"Demon Lord, Graz'Zt",Large,"Fiend (Demon)
Fiend (Shapechanger)",24.00,,Mordenkainen's Tome of Foes,Wizards of the Coast,20,346,40,CE,22,15,21,23,21,26,"DEX, CON, WIS","Deception, Insight, Perception, Persuasion","Coldres, fireres, lightningres, poisonimmu, nonmagicalimmu, charmedimmu, exhaustionimmu, frightenedimmu, poisonedimmu",Truesight 120,"All, telepathy 120","Shapechanger, Innate Spellcasting, Legendary, Lair, Magic Resistance, Magic Weapons",,,,,,,,,,,,,,,,,
"Demon Lord, Yeenoghu",Huge,Fiend (Demon),24.00,,Mordenkainen's Tome of Foes,Wizards of the Coast,20,333,50,CE,29,16,23,15,24,15,"DEX, CON, WIS","Intimidation, Perception","Coldres, fireres, lightningres, poisonimmu, nonmagicalimmu, charmedimmu, exhaustionimmu, frightenedimmu, poisonedimmu",Truesight 120,"All, telepathy 120","Innate Spellcasting, Legendary, Lair, Magic Resistance, Magic Weapons, Rampage",,,,,,,,,,,,,,,,,
"Dragon, Chromatic, Red, Ancient",Gargantuan,Dragon,24.00,,Monster Manual,Wizards of the Coast,22,546,"40, climb 40, fly 80",CE,30,10,29,18,15,23,"DEX, CON, WIS, CHA","Perception, Stealth",Fireimmu,"Blindsight 60, darkvision 120","Common, Draconic","Legendary Resistance, Legendary, Lair",,,,,,,,,,,,,,,,,
"Dragon, Metallic, Gold, Ancient",Gargantuan,Dragon,24.00,,Monster Manual,Wizards of the Coast,22,546,"40, fly 80, swim 40",LG,30,14,29,18,17,28,"DEX, CON, WIS, CHA","Insight, Perception, Persuasion, Stealth",Fireimmu,"Blindsight 60, darkvision 120","Common, Draconic","Amphibious, Legendary Resistance, Legendary, Lair",,,,,,,,,,,,,,,,,
"Inevitable, Marut",Large,Construct,25.00,,Mordenkainen's Tome of Foes,Wizards of the Coast,22,432,"40, fly 30",LN,28,12,26,19,15,18,"INT, WIS, CHA","Insight, Intimidation, Perception","Thunderres, nonmagicalres, poisonimmu, charmedimmu, frightenedimmu, paralyzedimmu, poisonedimmu, unconsciousimmu",Darkvision 60,All,"Immutable Form, Innate Spellcasting, Legendary Resistance, Magic Resistance",,,,,,,,,,,,,,,,,
"Demon Lord, Demogorgon",Huge,Fiend (Demon),26.00,,Mordenkainen's Tome of Foes,Wizards of the Coast,22,406,"50, swim 50",CE,29,14,26,20,17,25,"DEX, CON, WIS, CHA","Insight, Perception","Coldres, fireres, lightningres, poisonimmu, nonmagicalimmu, charmedimmu, exhaustionimmu, frightenedimmu, poisonedimmu",Truesight 120,"All, telepathy 120","Innate Spellcasting, Legendary, Magic Resistance, Lair, Magic Weapons, Two Heads",,,,,,,,,,,,,,,,,
"Demon Lord, Orcus",Huge,Fiend (Demon),26.00,,Mordenkainen's Tome of Foes,Wizards of the Coast,20,405,"40, fly 40",CE,27,14,25,20,20,25,"DEX, CON, WIS","Arcana, Perception","Coldres, fireres, lightningres, necroticimmu, poisonimmu, nonmagicalimmu, charmedimmu, exhaustionimmu, frightenedimmu, poisonedimmu",Truesight 120,"All, telepathy 120","Wand of Orcus, Innate Spellcasting, Legendary, Lair, Magic Resistance, Magic Weapons, Master of Undeath",,,,,,,,,,,,,,,,,
"Devil, Arch, Zariel",Large,Fiend (Devil),26.00,,Mordenkainen's Tome of Foes,Wizards of the Coast,21,580,"50, fly 150",LE,27,24,28,26,27,30,"INT, WIS, CHA","Intimidation, Perception","Coldres, fireres, radiantres, nonmagicalres, nonsilveredres, necroticimmu, poisonimmu, charmedimmu, exhaustionimmu, frightenedimmu, poisonedimmu",Darkvision 120,"All, telepathy 120","Devil's Sight, Fiery Weapons, Innate Spellcasting, Legendary, Lair, Magic Resistance, Regeneration",,,,,,,,,,,,,,,,,
Tarrasque,Gargantuan,Monstrosity,30.00,,Monster Manual,Wizards of the Coast,25,676,40,U,30,11,30,3,11,11,"INT, WIS, CHA",None,"Fireimmu, poisonimmu, nonmagicalimmu, charmedimmu, frightenedimmu, paralyzedimmu, poisonedimmu",Blindsight 120,None,"Legendary, Magic Resistance, Reflective Carapace, Siege Monster",,,,,,,,,,,,,,,,,
Tiamat,Gargantuan,Fiend,30.00,,Rise of Tiamat,Wizards of the Coast,25,615,"60, fly 120",CE,30,10,30,26,26,28,"STR, DEX, WIS","Arcana, Perception, Religion","Acidimmu, coldimmu, fireimmu, lightningimmu, nonmagicalimmu, blindedimmu, charmedimmu, deafenedimmu, frightenedimmu, poisonedimmu, stunnedimmu","Darkvision 240, truesight 120","Common, Draconic, Infernal","Discorporation, Innate Spellcasting, Legendary Resistance, Limited Magic immunity, Magic Weapons, Multiple Heads, Regeneration",,,,,,,,,,,,,,,,,
Dracolich Template,TEMP,Undead,TEMP,,Monster Manual,Wizards of the Coast,TEMP,TEMP,TEMP,LE,TEMP,TEMP,TEMP,TEMP,TEMP,TEMP,TEMP,TEMP,"TEMP, necroticres, poisonimmu, charmedimmu, frightenedimmu, paralyzedimmu, poisonedimmu, exhaustionimmu",TEMP,TEMP,"TEMP, Magic Resistance",,,,,,,,,,,,,,,,,
Half-Dragon Template,TEMP,TEMP,TEMP,,Monster Manual,Wizards of the Coast,TEMP,TEMP,TEMP,ANY,TEMP,TEMP,TEMP,TEMP,TEMP,TEMP,TEMP,TEMP,TEMP,"TEMP, Blindsight 10, Darkvision 60","TEMP, Draconic",TEMP,,,,,,,,,,,,,,,,,
Spore Servant Template,TEMP,Plant,TEMP,,Monster Manual,Wizards of the Coast,TEMP,TEMP,TEMP,U,17,12,16,2,6,1,TEMP,TEMP,TEMP,TEMP,TEMP,,,,,,,,,,,,,,,,,,
Avatar of Death,Medium,Undead,VARIES,,Dungeon Master's Guide,Wizards of the Coast,20,VARIES,"60, fly 60",NE,16,16,16,16,16,16,None,None,"Necroticimmu, poisonimmu, charmedimmu, frightenedimmu, paralyzedimmu, petrifiedimmu, poisonedimmu, unconsciousimmu","Darkvision 60, truesight 60",Creator,"Incorporeal Movement, Turning Immunity",,,,,,,,,,,,,,,,,